{"stat.useItem.minecraft.bow":461,"stat.drop.iceandfire.armor_green_helmet":3,"stat.drop.iceandfire.dragonbone_sword":3,"stat.pickup.iceandfire.fire_dragon_flesh":13,"stat.leaveGame":55,"stat.drop.minecraft.gunpowder":2,"stat.pickup.tombstone.familiar_stone":3,"stat.useItem.minecraft.glowstone":2,"stat.mineBlock.minecraft.sandstone":51,"stat.drop.zoocraftdiscoveries.seed_thyme":1,"stat.mineBlock.minecraft.stained_glass":4,"stat.killEntity.PigZombie":3,"stat.craftItem.minecraft.shield":6,"stat.mineBlock.minecraft.web":233,"stat.drop.minecraft.iron_sword":2,"stat.pickup.minecraft.rotten_flesh":725,"stat.craftItem.minecraft.stone_axe":2,"stat.drop.minecraft.leather_boots":2,"stat.pickup.iceandfire.witherbone":21,"stat.pickup.iceandfire.chared_cobblestone":6,"stat.pickup.minecraft.bucket":4,"stat.killEntity.Enderman":7,"stat.pickup.minecraft.leather_boots":12,"stat.craftItem.minecraft.iron_shovel":1,"stat.killEntity.Witch":9,"stat.pickup.zoocraftdiscoveries.gemsbok_leather":6,"stat.useItem.minecraft.iron_pickaxe":1498,"stat.pickup.minecraft.stained_hardened_clay":8,"stat.craftItem.minecraft.wooden_pickaxe":1,"stat.useItem.minecraft.iron_shovel":233,"stat.drop.minecraft.cooked_mutton":2,"stat.craftItem.minecraft.bed":3,"stat.drop.minecraft.wooden_shovel":2,"stat.drop.iceandfire.troll_leather_forest":1,"stat.mineBlock.minecraft.vine":36,"stat.mineBlock.minecraft.hopper":2,"stat.pickup.minecraft.wooden_shovel":2,"stat.furnaceInteraction":573,"stat.killEntity.ZombieVillager":22,"stat.pickup.minecraft.nether_brick":171,"stat.drop.minecraft.red_flower":6,"stat.pickup.minecraft.beef":405,"stat.pickup.minecraft.leather_helmet":6,"stat.mineBlock.minecraft.stained_hardened_clay":10,"stat.useItem.minecraft.fence":27,"stat.drop.minecraft.furnace":6,"stat.pickup.minecraft.potion":8,"stat.useItem.minecraft.flint_and_steel":51,"stat.mineBlock.minecraft.fence":1,"stat.useItem.minecraft.wheat_seeds":356,"stat.drop.minecraft.nether_brick_stairs":2,"stat.killEntity.Husk":38,"stat.useItem.minecraft.dye":218,"stat.deaths":19,"stat.pickup.minecraft.egg":8,"stat.drop.minecraft.golden_pickaxe":1,"stat.craftItem.minecraft.wooden_shovel":1,"stat.mineBlock.minecraft.stone_pressure_plate":7,"stat.useItem.minecraft.nether_brick":86,"stat.craftItem.minecraft.iron_pickaxe":3,"stat.drop.minecraft.torch":14,"stat.drop.minecraft.iron_ingot":24,"stat.drop.minecraft.glass_bottle":4,"stat.mineBlock.minecraft.tallgrass":182,"stat.craftItem.minecraft.cooked_mutton":19,"stat.pickup.minecraft.cooked_mutton":7,"stat.chestOpened":877,"stat.useItem.minecraft.splash_potion":8,"stat.craftItem.minecraft.sign":6,"stat.useItem.minecraft.stone":81,"stat.pickup.minecraft.arrow":752,"stat.pickup.iceandfire.blindfold":3,"stat.pickup.minecraft.iron_sword":2,"stat.craftItem.iceandfire.dragonbone_axe":1,"stat.pickup.minecraft.gold_nugget":6,"stat.drop.minecraft.iron_pickaxe":1,"stat.pickup.zoocraftdiscoveries.seed_mint":1,"stat.pickup.minecraft.carrot":65,"stat.drop.minecraft.stone_sword":1,"stat.crouchOneCm":467758,"stat.mineBlock.minecraft.chest":2,"stat.craftItem.minecraft.diamond":9,"stat.craftItem.minecraft.iron_ingot":280,"stat.craftItem.minecraft.hopper":1,"stat.craftingTableInteraction":126,"stat.pickup.iceandfire.myrmex_desert_resin":6,"stat.pickup.minecraft.nether_brick_fence":8,"stat.pickup.iceandfire.silver_ore":12,"stat.mineBlock.minecraft.log2":121,"stat.pickup.minecraft.wooden_pickaxe":1,"stat.drop.zoocraftdiscoveries.seed_sage":1,"stat.useItem.minecraft.reeds":43,"stat.pickup.minecraft.dye":332,"stat.pickup.minecraft.planks":146,"stat.pickup.minecraft.wheat_seeds":677,"stat.drop.minecraft.soul_sand":2,"stat.drop.minecraft.carpet":1,"stat.useItem.iceandfire.dragonbone_bow":16,"stat.pickup.iceandfire.armor_green_helmet":2,"stat.mineBlock.minecraft.dirt":258,"stat.pickup.minecraft.poisonous_potato":4,"stat.craftItem.iceandfire.dragonbone_pickaxe":1,"stat.pickup.minecraft.brewing_stand":1,"stat.mineBlock.iceandfire.silver_ore":13,"stat.drop.minecraft.rotten_flesh":41,"stat.useItem.minecraft.cobblestone":1503,"stat.pickup.minecraft.magma":10,"stat.useItem.minecraft.gravel":11,"stat.mineBlock.minecraft.double_plant":6,"stat.pickup.zoocraftdiscoveries.seed_dill":1,"stat.pickup.toolbelt.belt":1,"stat.pickup.minecraft.iron_pickaxe":5,"stat.drop.minecraft.carrot":2,"stat.craftItem.minecraft.gold_ingot":17,"stat.drop.minecraft.sapling":1,"stat.pickup.minecraft.hopper":2,"stat.pickup.minecraft.chicken":2,"stat.pickup.minecraft.tipped_arrow":3,"stat.pickup.iceandfire.fire_dragon_blood":1,"stat.craftItem.minecraft.brewing_stand":3,"stat.pickup.iceandfire.myrmex_stinger":1,"stat.drop.minecraft.fish":1,"stat.pickup.minecraft.coal_block":3,"stat.craftItem.minecraft.bucket":1,"stat.craftItem.minecraft.planks":752,"stat.useItem.minecraft.iron_sword":517,"stat.pickup.iceandfire.dragonegg_red":1,"stat.itemEnchanted":60,"stat.pickup.iceandfire.dragonscales_green":131,"stat.pickup.minecraft.stone_sword":1,"stat.drop.zoocraftdiscoveries.seed_tarragon":1,"stat.pickup.minecraft.book":20,"stat.useItem.minecraft.stonebrick":65,"stat.mineBlock.minecraft.log":125,"stat.pickup.iceandfire.dragonbone":133,"stat.pickup.minecraft.iron_door":2,"stat.drop.minecraft.leather_leggings":3,"stat.craftItem.minecraft.paper":147,"stat.pickup.minecraft.red_flower":20,"stat.pickup.minecraft.red_nether_brick":18,"stat.pickup.minecraft.wool":13,"stat.killEntity.zoocraftdiscoveries.porcupine":3,"stat.pickup.zoocraftdiscoveries.seed_bay":1,"stat.killEntity.zoocraftdiscoveries.rhino":1,"stat.craftItem.tombstone.decorative_grave_original":1,"stat.craftItem.minecraft.diamond_leggings":1,"stat.pickup.minecraft.bookshelf":64,"stat.killEntity.zoocraftdiscoveries.hedgehog":1,"stat.mineBlock.minecraft.cobblestone":352,"stat.pickup.minecraft.stone_pickaxe":3,"stat.pickup.minecraft.flint":7,"stat.mineBlock.minecraft.yellow_flower":4,"stat.mineBlock.iceandfire.chared_stone":7,"stat.pickup.minecraft.leather_chestplate":10,"stat.drop.iceandfire.dragonbone_bow":1,"stat.craftItem.minecraft.wool":15,"stat.pickup.minecraft.enchanted_book":19,"stat.drop.minecraft.cobblestone":43,"stat.pickup.minecraft.cooked_porkchop":26,"stat.useItem.minecraft.obsidian":30,"stat.useItem.minecraft.stone_slab2":287,"stat.pickup.minecraft.bow":21,"stat.pickup.minecraft.iron_boots":11,"stat.killEntity.deathworm":4,"stat.pickup.minecraft.diamond_horse_armor":2,"stat.craftItem.minecraft.furnace":6,"stat.pickup.minecraft.golden_axe":1,"stat.useItem.minecraft.egg":7,"stat.craftItem.minecraft.iron_boots":4,"stat.pickup.minecraft.nether_wart_block":1,"stat.craftItem.futuremc.smooth_stone":3,"stat.craftItem.minecraft.cooked_beef":396,"stat.mineBlock.minecraft.obsidian":76,"stat.craftItem.minecraft.bow":4,"stat.mineBlock.minecraft.clay":1,"stat.pickup.minecraft.diamond_leggings":4,"stat.flyOneCm":6385380,"stat.drop.minecraft.iron_helmet":3,"stat.pickup.minecraft.sandstone":139,"stat.useItem.iceandfire.chared_stone":2,"stat.pickup.minecraft.nether_brick_stairs":38,"stat.pickup.minecraft.fish":3,"stat.craftItem.minecraft.stained_glass":8,"stat.timeSinceDeath":460022,"stat.drop.minecraft.spider_eye":4,"stat.craftItem.minecraft.iron_block":1,"stat.killEntity.Bat":2,"stat.pickup.travelersbackpack.travelers_backpack":20,"stat.useItem.minecraft.potato":88,"stat.pickup.minecraft.chainmail_helmet":9,"stat.pickup.minecraft.nether_wart":54,"stat.mineBlock.minecraft.enchanting_table":4,"tombstone:tomb_raiding":3,"stat.mineBlock.minecraft.coal_ore":500,"stat.drop.minecraft.wool":1,"stat.killEntity.Creeper":61,"stat.pickup.minecraft.shield":19,"stat.talkedToVillager":10,"stat.drop.minecraft.baked_potato":7,"stat.pickup.minecraft.wooden_sword":3,"stat.pickup.minecraft.string":420,"stat.mineBlock.minecraft.ladder":5,"stat.pickup.tombstone.crafting_ingredient":139,"stat.useItem.minecraft.written_book":2,"stat.sprintOneCm":5397526,"stat.drop.minecraft.leather":42,"stat.mineBlock.minecraft.stone_slab":4,"stat.useItem.tombstone.magic_scroll":4,"stat.mineBlock.minecraft.diamond_ore":36,"stat.pickup.zoocraftdiscoveries.seed_rosemary":8,"stat.pickup.minecraft.leather_leggings":8,"stat.craftItem.minecraft.speckled_melon":3,"stat.pickup.minecraft.sugar":2,"stat.drop.zoocraftdiscoveries.seed_parsley":2,"stat.drop.tombstone.grave_key":1,"stat.pickup.tombstone.grave_key":1,"stat.useItem.minecraft.ladder":67,"stat.killEntity.Zombie":438,"stat.craftItem.minecraft.dye":242,"stat.pickup.iceandfire.chared_dirt":2,"stat.mineBlock.minecraft.gold_ore":18,"stat.diveOneCm":624033,"stat.pickup.minecraft.wheat":334,"stat.pickup.iceandfire.dragonbone_bow":1,"stat.mineBlock.minecraft.mossy_cobblestone":7,"stat.pickup.zoocraftdiscoveries.seed_tarragon":5,"stat.craftItem.iceandfire.armor_green_helmet":1,"stat.craftItem.minecraft.cooked_porkchop":111,"stat.pickup.minecraft.stone_axe":2,"stat.pickup.minecraft.obsidian":60,"stat.craftItem.iceandfire.wither_shard":3,"stat.useItem.minecraft.rotten_flesh":38,"stat.jump":30299,"stat.useItem.minecraft.sand":21,"stat.pickup.minecraft.coal":811,"stat.pickup.minecraft.iron_ingot":117,"stat.drop.minecraft.diamond_sword":6,"stat.pickup.minecraft.gunpowder":58,"stat.pickup.iceandfire.chared_stone":3,"stat.craftItem.minecraft.torch":448,"stat.pickup.minecraft.dirt":340,"stat.pickup.iceandfire.fire_dragon_heart":3,"stat.pickup.minecraft.stone_shovel":1,"stat.pickup.minecraft.gold_ore":24,"stat.mineBlock.minecraft.lapis_ore":32,"stat.craftItem.futuremc.grindstone":1,"stat.pickup.minecraft.iron_axe":1,"tombstone:sneak_grave":9,"stat.brewingstandInteraction":27,"stat.damageTaken":27100,"stat.craftItem.iceandfire.armor_green_leggings":1,"stat.useItem.minecraft.stone_brick_stairs":1,"stat.mineBlock.minecraft.torch":65,"stat.mineBlock.minecraft.red_flower":10,"stat.mineBlock.minecraft.melon_block":1,"stat.pickup.minecraft.log2":119,"stat.mineBlock.minecraft.sandstone_stairs":1,"stat.craftItem.minecraft.glowstone":5,"stat.pickup.zoocraftdiscoveries.seed_saffron":2,"stat.pickup.minecraft.bed":1,"stat.killEntity.hippogryph":1,"stat.pickup.minecraft.quartz_block":24,"stat.pickup.minecraft.potato":213,"stat.entityKilledBy.Zombie":2,"stat.pickup.minecraft.diamond_axe":2,"stat.pickup.iceandfire.chared_grass":3,"stat.killEntity.Silverfish":16,"stat.craftItem.minecraft.stone_slab":6,"stat.animalsBred":109,"stat.useItem.minecraft.chest":6,"stat.pickup.minecraft.diamond_pickaxe":2,"stat.useItem.minecraft.lava_bucket":132,"stat.craftItem.minecraft.spectral_arrow":4,"stat.drop.tombstone.familiar_receptacle":1,"stat.drop.minecraft.netherrack":1,"stat.useItem.tombstone.gift":2,"stat.useItem.iceandfire.dragonbone_axe":317,"stat.craftItem.minecraft.iron_chestplate":2,"stat.pickup.minecraft.baked_potato":21,"stat.killEntity.if_troll":1,"stat.useItem.minecraft.stained_hardened_clay":4,"stat.pickup.minecraft.ender_pearl":6,"tombstone:use_disenchantment":4,"stat.pickup.minecraft.ladder":5,"stat.pickup.minecraft.cooked_beef":1,"stat.useItem.minecraft.netherrack":332,"stat.killEntity.Stray":15,"stat.craftItem.travelersbackpack.sleeping_bag_bottom":3,"stat.mineBlock.minecraft.tnt":17,"stat.drop.minecraft.nether_brick":26,"stat.craftItem.minecraft.bookshelf":19,"stat.mineBlock.minecraft.stonebrick":173,"stat.pickup.zoocraftdiscoveries.seed_thyme":3,"stat.mineBlock.minecraft.glowstone":17,"stat.killEntity.stymphalianbird":1,"stat.mobKills":2031,"stat.pickup.minecraft.diamond_boots":1,"stat.drop.tombstone.magic_scroll":3,"stat.mineBlock.minecraft.bookshelf":70,"stat.drop.minecraft.written_book":1,"stat.pickup.minecraft.diamond":73,"stat.pickup.minecraft.iron_horse_armor":2,"stat.pickup.minecraft.beetroot_seeds":32,"stat.pickup.minecraft.torch":198,"stat.drop.minecraft.quartz_block":5,"stat.killEntity.firedragon":5,"stat.craftItem.tombstone.book_of_disenchantment":3,"stat.useItem.minecraft.string":1,"stat.craftItem.iceandfire.dragonbone_arrow":15,"stat.useItem.iceandfire.dragonbone_sword":3249,"stat.useItem.minecraft.bookshelf":70,"stat.pickup.iceandfire.dragonbone_sword":3,"stat.useItem.minecraft.soul_sand":3,"stat.craftItem.minecraft.iron_axe":1,"stat.killEntity.Blaze":54,"stat.drop.minecraft.shield":2,"stat.useItem.minecraft.planks":122,"stat.pickup.minecraft.golden_boots":2,"stat.useItem.minecraft.nether_brick_stairs":1,"stat.pickup.minecraft.glowstone_dust":47,"stat.craftItem.iceandfire.armor_green_chestplate":1,"stat.pickup.minecraft.porkchop":124,"stat.pickup.minecraft.glass":1,"stat.pickup.minecraft.blaze_powder":6,"stat.useItem.minecraft.water_bucket":263,"stat.mineBlock.minecraft.stone_brick_stairs":16,"stat.drop.minecraft.poisonous_potato":3,"stat.mineBlock.minecraft.nether_brick_fence":11,"stat.pickup.minecraft.sand":194,"stat.pickup.iceandfire.troll_leather_forest":1,"stat.entityKilledBy.firedragon":5,"stat.pickup.zoocraftdiscoveries.seed_oregano":10,"stat.pickup.minecraft.chainmail_chestplate":1,"stat.mineBlock.minecraft.sand":150,"stat.pickup.iceandfire.ash":1,"stat.pickup.zoocraftdiscoveries.seed_chive":1,"stat.craftItem.minecraft.blaze_powder":6,"stat.hopperInspected":6,"stat.trappedChestTriggered":11,"stat.drop.zoocraftdiscoveries.seed_basil":4,"stat.killEntity.zoocraftdiscoveries.gemsbok":5,"stat.pickup.iceandfire.dragon_skull":7,"stat.drop.minecraft.stone_slab":1,"stat.useItem.minecraft.cooked_mutton":18,"stat.pickup.minecraft.furnace":27,"stat.drop.iceandfire.dragon_skull":1,"stat.drop.minecraft.stained_hardened_clay":2,"tombstone:consume_soul":4,"stat.craftItem.travelersbackpack.travelers_backpack":4,"stat.pickup.minecraft.iron_chestplate":13,"stat.pickup.minecraft.skull":8,"stat.useItem.minecraft.stone_stairs":222,"stat.pickup.tombstone.magic_scroll":14,"stat.pickup.minecraft.stone_stairs":343,"stat.drop.zoocraftdiscoveries.seed_rosemary":3,"stat.useItem.minecraft.hopper":2,"stat.pickup.minecraft.saddle":4,"stat.mineBlock.minecraft.soul_sand":21,"stat.playOneMinute":1781932,"stat.pickup.minecraft.blaze_rod":23,"stat.drop.minecraft.string":19,"stat.pickup.minecraft.diamond_block":1,"stat.pickup.minecraft.iron_bars":87,"stat.pickup.minecraft.netherrack":603,"stat.pickup.minecraft.pumpkin":1,"stat.pickup.iceandfire.myrmex_desert_chitin":11,"stat.useItem.minecraft.fish":1,"stat.recordPlayed":1,"stat.craftItem.minecraft.carpet":6,"stat.mineBlock.minecraft.netherrack":719,"stat.craftItem.iceandfire.dragonbone_sword":2,"stat.drop.minecraft.flint":1,"stat.killEntity.myrmex_royal":1,"stat.fallOneCm":676317,"stat.drop.minecraft.stone":26,"stat.drop.minecraft.dye":2,"stat.craftItem.tombstone.dark_marble":10,"stat.pickup.minecraft.melon_seeds":3,"stat.pickup.iceandfire.pixie_dust":1,"stat.craftItem.minecraft.chest":17,"stat.pickup.minecraft.red_mushroom":1,"stat.pickup.minecraft.golden_leggings":3,"stat.pickup.minecraft.melon":6,"stat.dropperInspected":2,"stat.mineBlock.minecraft.nether_wart_block":4,"stat.drop.minecraft.iron_leggings":1,"stat.drop.minecraft.bone":13,"stat.craftItem.minecraft.wooden_button":1,"stat.mineBlock.minecraft.red_nether_brick":17,"stat.useItem.minecraft.furnace":15,"stat.pickup.iceandfire.dragonscales_red":7,"stat.pickup.minecraft.iron_leggings":9,"stat.mineBlock.minecraft.gravel":79,"stat.useItem.minecraft.stone_pickaxe":131,"stat.craftItem.minecraft.iron_leggings":3,"stat.pickup.minecraft.chainmail_boots":8,"stat.craftItem.minecraft.leather":24,"stat.drop.minecraft.stick":6,"stat.useItem.minecraft.iron_bars":11,"stat.mineBlock.minecraft.quartz_stairs":3,"stat.mineBlock.minecraft.monster_egg":9,"stat.pickup.minecraft.record_11":1,"stat.useItem.minecraft.torch":1516,"stat.drop.tombstone.crafting_ingredient":1,"stat.pickup.minecraft.crafting_table":17,"stat.craftItem.tombstone.decorative_grave_normal":1,"stat.craftItem.minecraft.crafting_table":4,"stat.killEntity.zoocraftdiscoveries.camel":8,"stat.pickup.minecraft.log":156,"stat.drop.minecraft.stonebrick":9,"stat.drop.minecraft.planks":4,"stat.pickup.minecraft.chainmail_leggings":3,"stat.pickup.minecraft.sapling":5,"stat.drop.minecraft.bow":3,"stat.pickup.minecraft.beetroot":18,"stat.craftItem.toolbelt.belt":1,"stat.pickup.minecraft.diamond_helmet":6,"stat.killEntity.WitherSkeleton":76,"stat.sneakTime":178760,"stat.drop.minecraft.bucket":1,"stat.useItem.minecraft.baked_potato":60,"stat.useItem.minecraft.brewing_stand":2,"stat.pickup.minecraft.stone_slab":11,"stat.drop.minecraft.yellow_flower":1,"stat.pickup.minecraft.yellow_flower":5,"stat.pickup.minecraft.chest":2,"stat.craftItem.minecraft.enchanting_table":1,"stat.craftItem.minecraft.diamond_chestplate":1,"stat.pickup.minecraft.bone":611,"stat.pickup.minecraft.stone_pressure_plate":2,"stat.useItem.minecraft.log2":3,"stat.drop.zoocraftdiscoveries.seed_mint":1,"stat.useItem.minecraft.diamond_sword":1834,"stat.pickup.iceandfire.deathworm_chitin":2,"stat.craftItem.minecraft.diamond_helmet":1,"stat.swimOneCm":374453,"stat.mineBlock.minecraft.diamond_block":1,"stat.climbOneCm":109082,"stat.mineBlock.minecraft.spruce_stairs":1,"stat.useItem.minecraft.dirt":146,"stat.pickup.minecraft.golden_helmet":2,"stat.drop.minecraft.quartz":7,"stat.pickup.zoocraftdiscoveries.seed_basil":8,"stat.craftItem.iceandfire.dragonbone_bow":1,"stat.pickup.iceandfire.dragonbone_axe":1,"stat.pickup.minecraft.enchanting_table":4,"stat.pickup.minecraft.anvil":7,"stat.craftItem.minecraft.stone_pickaxe":1,"stat.mineBlock.minecraft.magma":11,"stat.pickup.minecraft.cobblestone":2441,"stat.craftItem.minecraft.glass_bottle":9,"stat.pickup.minecraft.soul_sand":28,"stat.pickup.minecraft.glass_bottle":7,"stat.drop.minecraft.wheat_seeds":78,"stat.useItem.minecraft.cooked_beef":255,"stat.pickup.minecraft.cactus":1,"stat.pickup.zoocraftdiscoveries.camel_leather":28,"stat.pickup.minecraft.golden_pickaxe":1,"stat.pickup.minecraft.redstone":166,"stat.mineBlock.minecraft.iron_ore":295,"stat.craftItem.minecraft.book":49,"stat.useItem.minecraft.sign":4,"stat.pickup.minecraft.mutton":19,"stat.pickup.minecraft.mossy_cobblestone":4,"stat.drop.minecraft.coal":6,"stat.drop.minecraft.iron_bars":5,"stat.mineBlock.minecraft.coal_block":6,"stat.drop.minecraft.golden_boots":2,"stat.pickup.minecraft.stonebrick":126,"stat.craftItem.securitycraft.taser":1,"stat.drop.minecraft.dirt":1,"stat.useItem.minecraft.cooked_porkchop":99,"stat.pickup.minecraft.diamond_shovel":1,"stat.mineBlock.minecraft.nether_brick":293,"stat.craftItem.minecraft.stone_slab2":0,"stat.pickup.minecraft.sandstone_stairs":4,"stat.pickup.minecraft.paper":1,"stat.drop.zoocraftdiscoveries.seed_dill":1,"stat.craftItem.minecraft.stick":260,"stat.drop.minecraft.potion":1,"stat.useItem.minecraft.stone_slab":11,"stat.pickup.minecraft.speckled_melon":1,"stat.craftItem.minecraft.stone":21,"stat.craftItem.minecraft.gold_nugget":27,"stat.mineBlock.minecraft.crafting_table":14,"stat.mineBlock.minecraft.quartz_block":110,"stat.useItem.minecraft.carrot":49,"stat.pickup.minecraft.golden_horse_armor":5,"stat.pickup.minecraft.diamond_chestplate":2,"stat.useItem.minecraft.bucket":408,"stat.mineBlock.minecraft.planks":23,"stat.drop":210,"stat.killEntity.cyclops":1,"stat.killEntity.Sheep":5,"stat.useItem.iceandfire.chared_cobblestone":4,"stat.drop.minecraft.blaze_rod":1,"stat.pickup.zoocraftdiscoveries.seed_sage":4,"stat.drop.minecraft.iron_boots":1,"stat.pickup.minecraft.golden_chestplate":2,"stat.useItem.minecraft.melon_seeds":2,"stat.pickup.zoocraftdiscoveries.seed_parsley":5,"stat.pickup.securitycraft.taser":1,"stat.pickup.minecraft.gravel":48,"stat.useItem.minecraft.glass_bottle":9,"stat.drop.minecraft.cooked_beef":6,"stat.mineBlock.minecraft.anvil":7,"stat.useItem.minecraft.diamond_axe":64,"stat.useItem.minecraft.porkchop":1,"stat.useItem.minecraft.carpet":4,"stat.useItem.minecraft.potion":9,"stat.drop.minecraft.cooked_porkchop":32,"stat.pickup.minecraft.stone_brick_stairs":9,"stat.pickup.minecraft.diamond_sword":8,"stat.craftItem.travelersbackpack.backpack_tank":6,"stat.pickup.minecraft.iron_helmet":21,"stat.useItem.minecraft.stone_axe":66,"stat.pickup.minecraft.spider_eye":142,"stat.craftItem.minecraft.iron_helmet":5,"stat.pickup.minecraft.iron_ore":384,"stat.mineBlock.minecraft.iron_bars":104,"stat.craftItem.minecraft.flint_and_steel":1,"stat.mineBlock.minecraft.leaves2":8,"stat.mineBlock.minecraft.stone_stairs":19,"stat.pickup.minecraft.leather":267,"stat.mineBlock.minecraft.furnace":27,"stat.useItem.minecraft.wooden_pickaxe":10,"stat.dispenserInspected":2,"stat.mineBlock.iceandfire.chared_cobblestone":6,"stat.useItem.iceandfire.dragonbone_pickaxe":4483,"stat.pickup.minecraft.reeds":305,"stat.killEntity.CaveSpider":25,"tombstone:undead_killed":1259,"stat.drop.zoocraftdiscoveries.seed_coriander":1,"stat.damageDealt":299316,"stat.craftItem.minecraft.glass":79,"stat.sleepInBed":32,"stat.craftItem.minecraft.baked_potato":53,"stat.pickup.minecraft.end_bricks":8,"stat.mineBlock.minecraft.nether_brick_stairs":52,"stat.killEntity.if_pixie":1,"stat.killEntity.Cow":134,"stat.useItem.minecraft.crafting_table":1,"stat.killEntity.Pig":69,"stat.mineBlock.iceandfire.chared_dirt":2,"stat.craftItem.minecraft.iron_sword":3,"stat.walkOneCm":3007615,"stat.playerKills":4,"stat.pickup.minecraft.stick":30,"stat.pickup.minecraft.spectral_arrow":4,"stat.craftItem.minecraft.diamond_boots":1,"stat.pickup.minecraft.tnt":21,"stat.drop.minecraft.leather_chestplate":2,"stat.pickup.minecraft.stone":335,"stat.mineBlock.minecraft.wool":1,"stat.pickup.zoocraftdiscoveries.seed_coriander":3,"stat.killEntity.futuremc:salmon":2,"stat.pickup.minecraft.gold_ingot":5,"stat.killEntity.Skeleton":667,"stat.drop.iceandfire.myrmex_desert_chitin":8,"stat.drop.iceandfire.ash":1,"stat.drop.minecraft.crafting_table":1,"stat.killEntity.Spider":156,"stat.mineBlock.minecraft.quartz_ore":18,"stat.drop.minecraft.diamond_boots":1,"stat.pickup.minecraft.quartz":19,"stat.craftItem.minecraft.fence":36,"stat.pickup.minecraft.golden_shovel":2,"stat.mineBlock.minecraft.leaves":23,"stat.mineBlock.minecraft.redstone_ore":25,"stat.pickup.minecraft.lava_bucket":1,"stat.craftItem.iceandfire.armor_green_boots":1,"stat.drop.iceandfire.fire_dragon_blood":1,"stat.mineBlock.minecraft.stone":2777}