{"stat.useItem.minecraft.bow":65,"stat.craftItem.iceandfire.dragonbone_arrow":15,"stat.leaveGame":8,"stat.useItem.iceandfire.dragonbone_sword":561,"stat.useItem.minecraft.soul_sand":2,"stat.pickup.tombstone.familiar_stone":3,"stat.killEntity.Blaze":13,"stat.useItem.minecraft.glowstone":2,"stat.mineBlock.minecraft.sandstone":50,"stat.mineBlock.minecraft.stained_glass":4,"stat.killEntity.PigZombie":1,"stat.craftItem.minecraft.shield":3,"stat.useItem.minecraft.planks":6,"stat.mineBlock.minecraft.web":34,"stat.pickup.minecraft.glowstone_dust":47,"stat.pickup.minecraft.porkchop":24,"stat.pickup.minecraft.glass":1,"stat.useItem.minecraft.water_bucket":55,"stat.drop.minecraft.iron_sword":1,"stat.mineBlock.minecraft.stone_brick_stairs":1,"stat.pickup.minecraft.rotten_flesh":142,"stat.drop.minecraft.poisonous_potato":3,"stat.mineBlock.minecraft.nether_brick_fence":1,"stat.pickup.minecraft.sand":111,"stat.craftItem.minecraft.stone_axe":2,"stat.pickup.iceandfire.witherbone":7,"stat.pickup.iceandfire.chared_cobblestone":6,"stat.pickup.minecraft.bucket":3,"stat.killEntity.Enderman":3,"stat.pickup.minecraft.leather_boots":2,"stat.entityKilledBy.firedragon":2,"stat.pickup.zoocraftdiscoveries.seed_oregano":7,"stat.mineBlock.minecraft.sand":47,"stat.pickup.iceandfire.ash":1,"stat.killEntity.Witch":3,"stat.pickup.zoocraftdiscoveries.gemsbok_leather":1,"stat.useItem.minecraft.iron_pickaxe":490,"stat.pickup.minecraft.stained_hardened_clay":6,"stat.craftItem.minecraft.wooden_pickaxe":1,"stat.craftItem.minecraft.bed":1,"stat.mineBlock.minecraft.vine":1,"stat.drop.zoocraftdiscoveries.seed_basil":1,"stat.furnaceInteraction":175,"stat.killEntity.zoocraftdiscoveries.gemsbok":2,"stat.killEntity.ZombieVillager":1,"stat.pickup.minecraft.nether_brick":77,"stat.pickup.minecraft.beef":5,"stat.useItem.minecraft.cooked_mutton":14,"stat.pickup.minecraft.furnace":14,"stat.drop.minecraft.stained_hardened_clay":2,"stat.craftItem.travelersbackpack.travelers_backpack":2,"stat.pickup.minecraft.leather_helmet":1,"stat.mineBlock.minecraft.stained_hardened_clay":5,"stat.pickup.minecraft.iron_chestplate":4,"stat.pickup.minecraft.skull":2,"stat.pickup.tombstone.magic_scroll":3,"stat.drop.minecraft.furnace":6,"stat.pickup.minecraft.potion":2,"stat.useItem.minecraft.flint_and_steel":47,"stat.mineBlock.minecraft.fence":1,"stat.killEntity.Husk":17,"stat.pickup.minecraft.saddle":4,"stat.mineBlock.minecraft.soul_sand":5,"stat.useItem.minecraft.dye":125,"stat.deaths":13,"stat.playOneMinute":446227,"stat.pickup.minecraft.blaze_rod":4,"stat.useItem.minecraft.nether_brick":54,"stat.craftItem.minecraft.iron_pickaxe":2,"stat.pickup.minecraft.iron_bars":30,"stat.drop.minecraft.torch":13,"stat.mineBlock.minecraft.tallgrass":96,"stat.craftItem.minecraft.cooked_mutton":19,"stat.pickup.minecraft.netherrack":158,"stat.pickup.minecraft.cooked_mutton":5,"stat.chestOpened":62,"stat.pickup.minecraft.pumpkin":1,"stat.pickup.iceandfire.myrmex_desert_chitin":11,"stat.mineBlock.minecraft.netherrack":151,"stat.pickup.minecraft.arrow":81,"stat.pickup.iceandfire.blindfold":3,"stat.craftItem.iceandfire.dragonbone_axe":1,"stat.craftItem.iceandfire.dragonbone_sword":1,"stat.pickup.minecraft.gold_nugget":1,"stat.killEntity.myrmex_royal":1,"stat.drop.minecraft.iron_pickaxe":1,"stat.pickup.zoocraftdiscoveries.seed_mint":1,"stat.fallOneCm":208455,"stat.drop.minecraft.stone":19,"stat.drop.minecraft.dye":2,"stat.pickup.minecraft.carrot":52,"stat.crouchOneCm":169835,"stat.craftItem.minecraft.iron_ingot":71,"stat.craftItem.minecraft.chest":4,"stat.pickup.minecraft.red_mushroom":1,"stat.craftingTableInteraction":46,"stat.pickup.iceandfire.myrmex_desert_resin":6,"stat.pickup.minecraft.nether_brick_fence":1,"stat.pickup.iceandfire.silver_ore":8,"stat.mineBlock.minecraft.log2":25,"stat.drop.minecraft.bone":1,"stat.useItem.minecraft.furnace":6,"stat.pickup.minecraft.dye":59,"stat.pickup.minecraft.planks":100,"stat.pickup.minecraft.iron_leggings":3,"stat.pickup.minecraft.wheat_seeds":10,"stat.mineBlock.minecraft.gravel":23,"stat.useItem.minecraft.stone_pickaxe":131,"stat.craftItem.minecraft.iron_leggings":2,"stat.useItem.iceandfire.dragonbone_bow":16,"stat.mineBlock.minecraft.dirt":56,"stat.pickup.minecraft.chainmail_boots":1,"stat.pickup.minecraft.poisonous_potato":4,"stat.craftItem.minecraft.leather":19,"stat.craftItem.iceandfire.dragonbone_pickaxe":1,"stat.drop.minecraft.stick":4,"stat.useItem.minecraft.iron_bars":3,"stat.mineBlock.minecraft.quartz_stairs":3,"stat.useItem.minecraft.torch":221,"stat.mineBlock.iceandfire.silver_ore":9,"stat.pickup.minecraft.crafting_table":15,"stat.useItem.minecraft.cobblestone":231,"stat.craftItem.minecraft.crafting_table":4,"stat.useItem.minecraft.gravel":2,"stat.killEntity.zoocraftdiscoveries.camel":8,"stat.pickup.minecraft.log":39,"stat.drop.minecraft.stonebrick":1,"stat.pickup.minecraft.iron_pickaxe":3,"stat.drop.minecraft.carrot":1,"stat.pickup.minecraft.chicken":2,"stat.pickup.minecraft.sapling":3,"stat.pickup.iceandfire.myrmex_stinger":1,"stat.drop.minecraft.bow":1,"stat.pickup.minecraft.beetroot":18,"stat.craftItem.minecraft.bucket":1,"stat.craftItem.minecraft.planks":116,"stat.useItem.minecraft.iron_sword":450,"stat.pickup.minecraft.diamond_helmet":4,"stat.killEntity.WitherSkeleton":9,"stat.pickup.minecraft.stone_sword":1,"stat.mineBlock.minecraft.log":6,"stat.pickup.iceandfire.dragonbone":20,"stat.pickup.minecraft.red_flower":7,"stat.sneakTime":60624,"stat.pickup.minecraft.wool":9,"stat.useItem.minecraft.baked_potato":59,"stat.killEntity.zoocraftdiscoveries.porcupine":3,"stat.craftItem.minecraft.enchanting_table":1,"stat.pickup.zoocraftdiscoveries.seed_bay":1,"stat.pickup.minecraft.bone":68,"stat.killEntity.zoocraftdiscoveries.rhino":1,"stat.pickup.minecraft.stone_pressure_plate":1,"stat.mineBlock.minecraft.cobblestone":49,"stat.pickup.minecraft.stone_pickaxe":2,"stat.pickup.minecraft.flint":3,"stat.mineBlock.minecraft.yellow_flower":1,"stat.mineBlock.iceandfire.chared_stone":7,"stat.pickup.minecraft.leather_chestplate":6,"stat.drop.iceandfire.dragonbone_bow":1,"stat.drop.zoocraftdiscoveries.seed_mint":1,"stat.craftItem.minecraft.wool":4,"stat.pickup.iceandfire.deathworm_chitin":2,"stat.swimOneCm":97834,"stat.climbOneCm":5810,"stat.pickup.minecraft.enchanted_book":3,"stat.drop.minecraft.cobblestone":26,"stat.pickup.minecraft.cooked_porkchop":23,"stat.useItem.minecraft.dirt":20,"stat.pickup.zoocraftdiscoveries.seed_basil":4,"stat.useItem.minecraft.stone_slab2":87,"stat.pickup.minecraft.bow":3,"stat.pickup.minecraft.iron_boots":3,"stat.killEntity.deathworm":4,"stat.pickup.minecraft.diamond_horse_armor":2,"stat.craftItem.minecraft.furnace":6,"stat.craftItem.iceandfire.dragonbone_bow":1,"stat.craftItem.minecraft.iron_boots":3,"stat.craftItem.minecraft.stone_pickaxe":1,"stat.craftItem.minecraft.cooked_beef":5,"stat.mineBlock.minecraft.obsidian":7,"stat.pickup.minecraft.cobblestone":687,"stat.craftItem.minecraft.bow":1,"stat.pickup.minecraft.diamond_leggings":2,"stat.flyOneCm":2077207,"stat.pickup.minecraft.soul_sand":17,"stat.pickup.minecraft.sandstone":139,"stat.useItem.iceandfire.chared_stone":2,"stat.pickup.minecraft.nether_brick_stairs":10,"stat.useItem.minecraft.cooked_beef":5,"stat.pickup.minecraft.cactus":1,"stat.pickup.zoocraftdiscoveries.camel_leather":28,"stat.pickup.minecraft.redstone":23,"stat.mineBlock.minecraft.iron_ore":126,"stat.timeSinceDeath":5591,"stat.drop.minecraft.spider_eye":2,"stat.pickup.minecraft.mutton":19,"stat.pickup.travelersbackpack.travelers_backpack":2,"stat.useItem.minecraft.potato":86,"stat.pickup.minecraft.chainmail_helmet":4,"stat.pickup.minecraft.nether_wart":54,"stat.pickup.minecraft.stonebrick":2,"stat.drop.minecraft.dirt":1,"stat.useItem.minecraft.cooked_porkchop":35,"tombstone:tomb_raiding":2,"stat.mineBlock.minecraft.coal_ore":184,"stat.drop.minecraft.wool":1,"stat.mineBlock.minecraft.nether_brick":81,"stat.killEntity.Creeper":7,"stat.pickup.minecraft.shield":6,"stat.talkedToVillager":4,"stat.drop.minecraft.baked_potato":7,"stat.pickup.minecraft.wooden_sword":3,"stat.pickup.minecraft.string":83,"stat.pickup.tombstone.crafting_ingredient":29,"stat.craftItem.minecraft.stone_slab2":0,"stat.pickup.minecraft.sandstone_stairs":4,"stat.sprintOneCm":1228748,"stat.pickup.minecraft.paper":1,"stat.drop.minecraft.leather":1,"stat.craftItem.minecraft.stick":52,"stat.useItem.tombstone.magic_scroll":2,"stat.mineBlock.minecraft.diamond_ore":5,"stat.mineBlock.minecraft.crafting_table":12,"stat.mineBlock.minecraft.quartz_block":1,"stat.useItem.minecraft.carrot":47,"stat.pickup.minecraft.golden_horse_armor":5,"stat.pickup.zoocraftdiscoveries.seed_rosemary":3,"stat.pickup.minecraft.diamond_chestplate":1,"stat.useItem.minecraft.bucket":82,"stat.mineBlock.minecraft.planks":3,"stat.drop":53,"stat.killEntity.cyclops":1,"stat.killEntity.Sheep":5,"stat.drop.tombstone.grave_key":1,"stat.useItem.iceandfire.chared_cobblestone":4,"stat.pickup.zoocraftdiscoveries.seed_sage":2,"stat.pickup.minecraft.golden_chestplate":1,"stat.killEntity.Zombie":72,"stat.pickup.zoocraftdiscoveries.seed_parsley":2,"stat.craftItem.minecraft.dye":136,"stat.mineBlock.minecraft.gold_ore":1,"stat.diveOneCm":113300,"stat.pickup.iceandfire.dragonbone_bow":1,"stat.pickup.zoocraftdiscoveries.seed_tarragon":2,"stat.pickup.minecraft.gravel":8,"stat.craftItem.minecraft.cooked_porkchop":23,"stat.pickup.minecraft.stone_axe":2,"stat.pickup.minecraft.obsidian":12,"stat.useItem.minecraft.potion":1,"stat.craftItem.iceandfire.wither_shard":3,"stat.useItem.minecraft.rotten_flesh":38,"stat.drop.minecraft.cooked_porkchop":7,"stat.craftItem.travelersbackpack.backpack_tank":4,"stat.jump":9156,"stat.useItem.minecraft.sand":8,"stat.pickup.minecraft.coal":260,"stat.pickup.minecraft.iron_helmet":8,"stat.pickup.minecraft.iron_ingot":51,"stat.useItem.minecraft.stone_axe":66,"stat.pickup.minecraft.gunpowder":7,"stat.pickup.iceandfire.chared_stone":3,"stat.pickup.minecraft.spider_eye":14,"stat.craftItem.minecraft.torch":148,"stat.pickup.minecraft.dirt":87,"stat.craftItem.minecraft.iron_helmet":3,"stat.pickup.minecraft.iron_ore":216,"stat.pickup.minecraft.gold_ore":7,"stat.mineBlock.minecraft.iron_bars":20,"stat.craftItem.minecraft.flint_and_steel":1,"stat.mineBlock.minecraft.lapis_ore":9,"tombstone:sneak_grave":6,"stat.damageTaken":-2147473798,"stat.pickup.minecraft.leather":6,"stat.mineBlock.minecraft.furnace":14,"stat.mineBlock.minecraft.torch":7,"stat.mineBlock.minecraft.red_flower":6,"stat.useItem.minecraft.wooden_pickaxe":10,"stat.mineBlock.iceandfire.chared_cobblestone":6,"stat.pickup.minecraft.log2":23,"stat.craftItem.minecraft.glowstone":5,"stat.useItem.iceandfire.dragonbone_pickaxe":988,"stat.pickup.minecraft.reeds":30,"tombstone:undead_killed":159,"stat.pickup.minecraft.potato":191,"stat.entityKilledBy.Zombie":2,"stat.damageDealt":47577,"stat.craftItem.minecraft.glass":28,"stat.pickup.iceandfire.chared_grass":3,"stat.sleepInBed":8,"stat.craftItem.minecraft.baked_potato":53,"stat.pickup.minecraft.end_bricks":8,"stat.mineBlock.minecraft.nether_brick_stairs":9,"stat.killEntity.Cow":3,"stat.useItem.minecraft.crafting_table":1,"stat.killEntity.Pig":23,"stat.craftItem.minecraft.iron_sword":3,"stat.walkOneCm":813429,"stat.playerKills":3,"stat.useItem.minecraft.chest":1,"stat.pickup.minecraft.stick":22,"stat.pickup.minecraft.spectral_arrow":4,"stat.useItem.minecraft.lava_bucket":27,"stat.craftItem.minecraft.spectral_arrow":4,"stat.drop.tombstone.familiar_receptacle":1,"stat.useItem.tombstone.gift":2,"stat.pickup.minecraft.tnt":21,"stat.drop.minecraft.leather_chestplate":1,"stat.pickup.minecraft.stone":135,"stat.useItem.iceandfire.dragonbone_axe":62,"stat.craftItem.minecraft.iron_chestplate":1,"stat.mineBlock.minecraft.wool":1,"stat.pickup.minecraft.baked_potato":21,"stat.useItem.minecraft.stained_hardened_clay":4,"stat.pickup.minecraft.ender_pearl":1,"stat.useItem.minecraft.netherrack":166,"stat.pickup.minecraft.gold_ingot":2,"stat.killEntity.Skeleton":59,"stat.craftItem.travelersbackpack.sleeping_bag_bottom":2,"stat.drop.iceandfire.myrmex_desert_chitin":8,"stat.mineBlock.minecraft.tnt":9,"stat.mineBlock.minecraft.stonebrick":14,"stat.drop.iceandfire.ash":1,"stat.drop.minecraft.crafting_table":1,"stat.killEntity.Spider":28,"stat.pickup.zoocraftdiscoveries.seed_thyme":1,"stat.mineBlock.minecraft.quartz_ore":2,"stat.mineBlock.minecraft.glowstone":17,"stat.mobKills":301,"stat.drop.tombstone.magic_scroll":1,"stat.pickup.minecraft.quartz":2,"stat.pickup.minecraft.diamond":5,"stat.pickup.minecraft.iron_horse_armor":2,"stat.pickup.minecraft.beetroot_seeds":32,"stat.pickup.minecraft.torch":17,"stat.mineBlock.minecraft.redstone_ore":5,"stat.mineBlock.minecraft.stone":809}