{"stat.useItem.minecraft.bow":96,"stat.drop.iceandfire.dragonbone_sword":1,"stat.leaveGame":14,"stat.drop.minecraft.gunpowder":2,"stat.pickup.tombstone.familiar_stone":3,"stat.useItem.minecraft.glowstone":2,"stat.mineBlock.minecraft.sandstone":51,"stat.mineBlock.minecraft.stained_glass":4,"stat.killEntity.PigZombie":3,"stat.craftItem.minecraft.shield":4,"stat.mineBlock.minecraft.web":48,"stat.drop.minecraft.iron_sword":1,"stat.pickup.minecraft.rotten_flesh":260,"stat.craftItem.minecraft.stone_axe":2,"stat.pickup.iceandfire.witherbone":8,"stat.pickup.iceandfire.chared_cobblestone":6,"stat.pickup.minecraft.bucket":3,"stat.killEntity.Enderman":3,"stat.pickup.minecraft.leather_boots":3,"stat.craftItem.minecraft.iron_shovel":1,"stat.killEntity.Witch":3,"stat.pickup.zoocraftdiscoveries.gemsbok_leather":1,"stat.useItem.minecraft.iron_pickaxe":490,"stat.pickup.minecraft.stained_hardened_clay":6,"stat.craftItem.minecraft.wooden_pickaxe":1,"stat.useItem.minecraft.iron_shovel":103,"stat.drop.minecraft.cooked_mutton":2,"stat.craftItem.minecraft.bed":1,"stat.drop.iceandfire.troll_leather_forest":1,"stat.mineBlock.minecraft.vine":9,"stat.furnaceInteraction":308,"stat.killEntity.ZombieVillager":3,"stat.pickup.minecraft.nether_brick":83,"stat.pickup.minecraft.beef":26,"stat.pickup.minecraft.leather_helmet":1,"stat.mineBlock.minecraft.stained_hardened_clay":6,"stat.useItem.minecraft.fence":27,"stat.drop.minecraft.furnace":6,"stat.pickup.minecraft.potion":5,"stat.useItem.minecraft.flint_and_steel":47,"stat.mineBlock.minecraft.fence":1,"stat.useItem.minecraft.wheat_seeds":30,"stat.killEntity.Husk":30,"stat.useItem.minecraft.dye":187,"stat.deaths":15,"stat.pickup.minecraft.egg":1,"stat.drop.minecraft.golden_pickaxe":1,"stat.mineBlock.minecraft.stone_pressure_plate":1,"stat.useItem.minecraft.nether_brick":59,"stat.craftItem.minecraft.iron_pickaxe":2,"stat.drop.minecraft.torch":13,"stat.mineBlock.minecraft.tallgrass":159,"stat.craftItem.minecraft.cooked_mutton":19,"stat.pickup.minecraft.cooked_mutton":5,"stat.chestOpened":196,"stat.craftItem.minecraft.sign":3,"stat.useItem.minecraft.stone":1,"stat.pickup.minecraft.arrow":133,"stat.pickup.iceandfire.blindfold":3,"stat.pickup.minecraft.iron_sword":1,"stat.craftItem.iceandfire.dragonbone_axe":1,"stat.pickup.minecraft.gold_nugget":1,"stat.drop.minecraft.iron_pickaxe":1,"stat.pickup.zoocraftdiscoveries.seed_mint":1,"stat.pickup.minecraft.carrot":57,"stat.crouchOneCm":241069,"stat.mineBlock.minecraft.chest":1,"stat.craftItem.minecraft.iron_ingot":115,"stat.craftingTableInteraction":73,"stat.pickup.iceandfire.myrmex_desert_resin":6,"stat.pickup.minecraft.nether_brick_fence":1,"stat.pickup.iceandfire.silver_ore":8,"stat.mineBlock.minecraft.log2":27,"stat.pickup.minecraft.wooden_pickaxe":1,"stat.drop.zoocraftdiscoveries.seed_sage":1,"stat.pickup.minecraft.dye":81,"stat.pickup.minecraft.planks":134,"stat.pickup.minecraft.wheat_seeds":76,"stat.useItem.iceandfire.dragonbone_bow":16,"stat.mineBlock.minecraft.dirt":145,"stat.pickup.minecraft.poisonous_potato":4,"stat.craftItem.iceandfire.dragonbone_pickaxe":1,"stat.mineBlock.iceandfire.silver_ore":9,"stat.drop.minecraft.rotten_flesh":3,"stat.useItem.minecraft.cobblestone":435,"stat.useItem.minecraft.gravel":2,"stat.mineBlock.minecraft.double_plant":6,"stat.pickup.zoocraftdiscoveries.seed_dill":1,"stat.pickup.minecraft.iron_pickaxe":3,"stat.drop.minecraft.carrot":1,"stat.drop.minecraft.sapling":1,"stat.pickup.minecraft.chicken":2,"stat.pickup.iceandfire.myrmex_stinger":1,"stat.drop.minecraft.fish":1,"stat.craftItem.minecraft.bucket":1,"stat.craftItem.minecraft.planks":376,"stat.useItem.minecraft.iron_sword":517,"stat.pickup.iceandfire.dragonegg_red":1,"stat.itemEnchanted":1,"stat.pickup.minecraft.stone_sword":1,"stat.drop.zoocraftdiscoveries.seed_tarragon":1,"stat.pickup.minecraft.book":6,"stat.useItem.minecraft.stonebrick":2,"stat.mineBlock.minecraft.log":84,"stat.pickup.iceandfire.dragonbone":42,"stat.pickup.minecraft.iron_door":2,"stat.pickup.minecraft.red_flower":9,"stat.pickup.minecraft.red_nether_brick":4,"stat.pickup.minecraft.wool":12,"stat.killEntity.zoocraftdiscoveries.porcupine":3,"stat.pickup.zoocraftdiscoveries.seed_bay":1,"stat.killEntity.zoocraftdiscoveries.rhino":1,"stat.mineBlock.minecraft.cobblestone":83,"stat.pickup.minecraft.stone_pickaxe":2,"stat.pickup.minecraft.flint":3,"stat.mineBlock.minecraft.yellow_flower":3,"stat.mineBlock.iceandfire.chared_stone":7,"stat.pickup.minecraft.leather_chestplate":7,"stat.drop.iceandfire.dragonbone_bow":1,"stat.craftItem.minecraft.wool":9,"stat.pickup.minecraft.enchanted_book":15,"stat.drop.minecraft.cobblestone":30,"stat.pickup.minecraft.cooked_porkchop":24,"stat.useItem.minecraft.stone_slab2":135,"stat.pickup.minecraft.bow":7,"stat.pickup.minecraft.iron_boots":4,"stat.killEntity.deathworm":4,"stat.pickup.minecraft.diamond_horse_armor":2,"stat.craftItem.minecraft.furnace":6,"stat.useItem.minecraft.egg":1,"stat.craftItem.minecraft.iron_boots":3,"stat.craftItem.minecraft.cooked_beef":18,"stat.mineBlock.minecraft.obsidian":16,"stat.craftItem.minecraft.bow":3,"stat.mineBlock.minecraft.clay":1,"stat.pickup.minecraft.diamond_leggings":4,"stat.flyOneCm":2990633,"stat.drop.minecraft.iron_helmet":1,"stat.pickup.minecraft.sandstone":139,"stat.useItem.iceandfire.chared_stone":2,"stat.pickup.minecraft.nether_brick_stairs":20,"stat.pickup.minecraft.fish":3,"stat.timeSinceDeath":223315,"stat.drop.minecraft.spider_eye":2,"stat.killEntity.Bat":1,"stat.pickup.travelersbackpack.travelers_backpack":8,"stat.useItem.minecraft.potato":88,"stat.pickup.minecraft.chainmail_helmet":6,"stat.pickup.minecraft.nether_wart":54,"stat.mineBlock.minecraft.enchanting_table":1,"tombstone:tomb_raiding":2,"stat.mineBlock.minecraft.coal_ore":192,"stat.drop.minecraft.wool":1,"stat.killEntity.Creeper":13,"stat.pickup.minecraft.shield":11,"stat.talkedToVillager":7,"stat.drop.minecraft.baked_potato":7,"stat.pickup.minecraft.wooden_sword":3,"stat.pickup.minecraft.string":111,"stat.pickup.tombstone.crafting_ingredient":43,"stat.sprintOneCm":2045320,"stat.drop.minecraft.leather":1,"stat.useItem.tombstone.magic_scroll":2,"stat.mineBlock.minecraft.diamond_ore":5,"stat.pickup.zoocraftdiscoveries.seed_rosemary":7,"stat.pickup.minecraft.leather_leggings":1,"stat.drop.tombstone.grave_key":1,"stat.pickup.tombstone.grave_key":1,"stat.killEntity.Zombie":155,"stat.craftItem.minecraft.dye":201,"stat.pickup.iceandfire.chared_dirt":2,"stat.mineBlock.minecraft.gold_ore":1,"stat.diveOneCm":184079,"stat.pickup.minecraft.wheat":32,"stat.pickup.iceandfire.dragonbone_bow":1,"stat.pickup.zoocraftdiscoveries.seed_tarragon":4,"stat.craftItem.minecraft.cooked_porkchop":93,"stat.pickup.minecraft.stone_axe":2,"stat.pickup.minecraft.obsidian":14,"stat.craftItem.iceandfire.wither_shard":3,"stat.useItem.minecraft.rotten_flesh":38,"stat.jump":13767,"stat.useItem.minecraft.sand":8,"stat.pickup.minecraft.coal":302,"stat.pickup.minecraft.iron_ingot":82,"stat.drop.minecraft.diamond_sword":2,"stat.pickup.minecraft.gunpowder":15,"stat.pickup.iceandfire.chared_stone":3,"stat.craftItem.minecraft.torch":256,"stat.pickup.minecraft.dirt":213,"stat.pickup.iceandfire.fire_dragon_heart":1,"stat.pickup.minecraft.gold_ore":7,"stat.mineBlock.minecraft.lapis_ore":12,"tombstone:sneak_grave":6,"stat.damageTaken":-2147469708,"stat.mineBlock.minecraft.torch":10,"stat.mineBlock.minecraft.red_flower":8,"stat.pickup.minecraft.log2":25,"stat.mineBlock.minecraft.sandstone_stairs":1,"stat.craftItem.minecraft.glowstone":5,"stat.pickup.zoocraftdiscoveries.seed_saffron":2,"stat.pickup.minecraft.quartz_block":7,"stat.pickup.minecraft.potato":198,"stat.entityKilledBy.Zombie":2,"stat.pickup.minecraft.diamond_axe":1,"stat.pickup.iceandfire.chared_grass":3,"stat.killEntity.Silverfish":7,"stat.animalsBred":6,"stat.useItem.minecraft.chest":4,"stat.pickup.minecraft.diamond_pickaxe":1,"stat.useItem.minecraft.lava_bucket":75,"stat.craftItem.minecraft.spectral_arrow":4,"stat.drop.tombstone.familiar_receptacle":1,"stat.useItem.tombstone.gift":2,"stat.useItem.iceandfire.dragonbone_axe":162,"stat.craftItem.minecraft.iron_chestplate":1,"stat.pickup.minecraft.baked_potato":21,"stat.useItem.minecraft.stained_hardened_clay":4,"stat.pickup.minecraft.ender_pearl":1,"stat.useItem.minecraft.netherrack":166,"stat.craftItem.travelersbackpack.sleeping_bag_bottom":3,"stat.mineBlock.minecraft.tnt":9,"stat.mineBlock.minecraft.stonebrick":27,"stat.pickup.zoocraftdiscoveries.seed_thyme":1,"stat.mineBlock.minecraft.glowstone":17,"stat.killEntity.stymphalianbird":1,"stat.mobKills":566,"stat.drop.tombstone.magic_scroll":2,"stat.mineBlock.minecraft.bookshelf":2,"stat.pickup.minecraft.diamond":5,"stat.pickup.minecraft.iron_horse_armor":2,"stat.pickup.minecraft.beetroot_seeds":32,"stat.pickup.minecraft.torch":27,"stat.killEntity.firedragon":1,"stat.useItem.minecraft.string":1,"stat.craftItem.iceandfire.dragonbone_arrow":15,"stat.useItem.iceandfire.dragonbone_sword":1158,"stat.pickup.iceandfire.dragonbone_sword":1,"stat.useItem.minecraft.soul_sand":2,"stat.killEntity.Blaze":19,"stat.useItem.minecraft.planks":93,"stat.pickup.minecraft.golden_boots":1,"stat.pickup.minecraft.glowstone_dust":47,"stat.pickup.minecraft.porkchop":106,"stat.pickup.minecraft.glass":1,"stat.useItem.minecraft.water_bucket":102,"stat.mineBlock.minecraft.stone_brick_stairs":3,"stat.drop.minecraft.poisonous_potato":3,"stat.mineBlock.minecraft.nether_brick_fence":3,"stat.pickup.minecraft.sand":141,"stat.pickup.iceandfire.troll_leather_forest":1,"stat.entityKilledBy.firedragon":3,"stat.pickup.zoocraftdiscoveries.seed_oregano":8,"stat.pickup.minecraft.chainmail_chestplate":1,"stat.mineBlock.minecraft.sand":81,"stat.pickup.iceandfire.ash":1,"stat.drop.zoocraftdiscoveries.seed_basil":1,"stat.killEntity.zoocraftdiscoveries.gemsbok":2,"stat.pickup.iceandfire.dragon_skull":1,"stat.useItem.minecraft.cooked_mutton":18,"stat.pickup.minecraft.furnace":25,"stat.drop.minecraft.stained_hardened_clay":2,"stat.craftItem.travelersbackpack.travelers_backpack":2,"stat.pickup.minecraft.iron_chestplate":8,"stat.pickup.minecraft.skull":3,"stat.pickup.tombstone.magic_scroll":5,"stat.drop.zoocraftdiscoveries.seed_rosemary":3,"stat.pickup.minecraft.saddle":4,"stat.mineBlock.minecraft.soul_sand":6,"stat.playOneMinute":690192,"stat.pickup.minecraft.blaze_rod":6,"stat.pickup.minecraft.iron_bars":32,"stat.pickup.minecraft.netherrack":195,"stat.pickup.minecraft.pumpkin":1,"stat.pickup.iceandfire.myrmex_desert_chitin":11,"stat.useItem.minecraft.fish":1,"stat.craftItem.minecraft.carpet":3,"stat.mineBlock.minecraft.netherrack":151,"stat.craftItem.iceandfire.dragonbone_sword":1,"stat.killEntity.myrmex_royal":1,"stat.fallOneCm":316946,"stat.drop.minecraft.stone":19,"stat.drop.minecraft.dye":2,"stat.craftItem.minecraft.chest":10,"stat.pickup.minecraft.red_mushroom":1,"stat.mineBlock.minecraft.nether_wart_block":1,"stat.drop.minecraft.iron_leggings":1,"stat.drop.minecraft.bone":5,"stat.craftItem.minecraft.wooden_button":1,"stat.mineBlock.minecraft.red_nether_brick":2,"stat.useItem.minecraft.furnace":14,"stat.pickup.iceandfire.dragonscales_red":7,"stat.pickup.minecraft.iron_leggings":6,"stat.mineBlock.minecraft.gravel":23,"stat.useItem.minecraft.stone_pickaxe":131,"stat.craftItem.minecraft.iron_leggings":2,"stat.pickup.minecraft.chainmail_boots":1,"stat.craftItem.minecraft.leather":19,"stat.drop.minecraft.stick":4,"stat.useItem.minecraft.iron_bars":3,"stat.mineBlock.minecraft.quartz_stairs":3,"stat.useItem.minecraft.torch":356,"stat.drop.tombstone.crafting_ingredient":1,"stat.pickup.minecraft.crafting_table":17,"stat.craftItem.minecraft.crafting_table":4,"stat.killEntity.zoocraftdiscoveries.camel":8,"stat.pickup.minecraft.log":117,"stat.drop.minecraft.stonebrick":1,"stat.pickup.minecraft.chainmail_leggings":1,"stat.pickup.minecraft.sapling":4,"stat.drop.minecraft.bow":1,"stat.pickup.minecraft.beetroot":18,"stat.craftItem.toolbelt.belt":1,"stat.pickup.minecraft.diamond_helmet":5,"stat.killEntity.WitherSkeleton":13,"stat.sneakTime":85731,"stat.useItem.minecraft.baked_potato":60,"stat.pickup.minecraft.yellow_flower":3,"stat.pickup.minecraft.chest":1,"stat.craftItem.minecraft.enchanting_table":1,"stat.pickup.minecraft.bone":111,"stat.pickup.minecraft.stone_pressure_plate":2,"stat.drop.zoocraftdiscoveries.seed_mint":1,"stat.pickup.iceandfire.deathworm_chitin":2,"stat.swimOneCm":154473,"stat.climbOneCm":13283,"stat.useItem.minecraft.dirt":66,"stat.pickup.zoocraftdiscoveries.seed_basil":4,"stat.craftItem.iceandfire.dragonbone_bow":1,"stat.pickup.iceandfire.dragonbone_axe":1,"stat.pickup.minecraft.enchanting_table":1,"stat.pickup.minecraft.anvil":2,"stat.craftItem.minecraft.stone_pickaxe":1,"stat.mineBlock.minecraft.magma":1,"stat.pickup.minecraft.cobblestone":909,"stat.pickup.minecraft.soul_sand":23,"stat.drop.minecraft.wheat_seeds":3,"stat.useItem.minecraft.cooked_beef":10,"stat.pickup.minecraft.cactus":1,"stat.pickup.zoocraftdiscoveries.camel_leather":28,"stat.pickup.minecraft.golden_pickaxe":1,"stat.pickup.minecraft.redstone":23,"stat.mineBlock.minecraft.iron_ore":135,"stat.useItem.minecraft.sign":2,"stat.pickup.minecraft.mutton":19,"stat.pickup.minecraft.mossy_cobblestone":3,"stat.mineBlock.minecraft.coal_block":1,"stat.drop.minecraft.golden_boots":1,"stat.pickup.minecraft.stonebrick":8,"stat.drop.minecraft.dirt":1,"stat.useItem.minecraft.cooked_porkchop":89,"stat.pickup.minecraft.diamond_shovel":1,"stat.mineBlock.minecraft.nether_brick":101,"stat.craftItem.minecraft.stone_slab2":0,"stat.pickup.minecraft.sandstone_stairs":4,"stat.pickup.minecraft.paper":1,"stat.drop.zoocraftdiscoveries.seed_dill":1,"stat.craftItem.minecraft.stick":104,"stat.mineBlock.minecraft.crafting_table":14,"stat.mineBlock.minecraft.quartz_block":10,"stat.useItem.minecraft.carrot":49,"stat.pickup.minecraft.golden_horse_armor":5,"stat.pickup.minecraft.diamond_chestplate":1,"stat.useItem.minecraft.bucket":184,"stat.mineBlock.minecraft.planks":15,"stat.drop":96,"stat.killEntity.cyclops":1,"stat.killEntity.Sheep":5,"stat.useItem.iceandfire.chared_cobblestone":4,"stat.drop.minecraft.blaze_rod":1,"stat.pickup.zoocraftdiscoveries.seed_sage":4,"stat.pickup.minecraft.golden_chestplate":1,"stat.pickup.zoocraftdiscoveries.seed_parsley":3,"stat.pickup.minecraft.gravel":13,"stat.mineBlock.minecraft.anvil":2,"stat.useItem.minecraft.porkchop":1,"stat.useItem.minecraft.carpet":2,"stat.useItem.minecraft.potion":3,"stat.drop.minecraft.cooked_porkchop":22,"stat.pickup.minecraft.stone_brick_stairs":2,"stat.pickup.minecraft.diamond_sword":2,"stat.craftItem.travelersbackpack.backpack_tank":5,"stat.pickup.minecraft.iron_helmet":13,"stat.useItem.minecraft.stone_axe":66,"stat.pickup.minecraft.spider_eye":16,"stat.craftItem.minecraft.iron_helmet":4,"stat.pickup.minecraft.iron_ore":231,"stat.mineBlock.minecraft.iron_bars":27,"stat.craftItem.minecraft.flint_and_steel":1,"stat.mineBlock.minecraft.leaves2":7,"stat.pickup.minecraft.leather":12,"stat.mineBlock.minecraft.furnace":25,"stat.useItem.minecraft.wooden_pickaxe":10,"stat.dispenserInspected":1,"stat.mineBlock.iceandfire.chared_cobblestone":6,"stat.useItem.iceandfire.dragonbone_pickaxe":1246,"stat.pickup.minecraft.reeds":37,"tombstone:undead_killed":298,"stat.damageDealt":85086,"stat.craftItem.minecraft.glass":56,"stat.sleepInBed":9,"stat.craftItem.minecraft.baked_potato":53,"stat.pickup.minecraft.end_bricks":8,"stat.mineBlock.minecraft.nether_brick_stairs":15,"stat.killEntity.Cow":13,"stat.useItem.minecraft.crafting_table":1,"stat.killEntity.Pig":60,"stat.mineBlock.iceandfire.chared_dirt":2,"stat.craftItem.minecraft.iron_sword":3,"stat.walkOneCm":1244182,"stat.playerKills":3,"stat.pickup.minecraft.stick":22,"stat.pickup.minecraft.spectral_arrow":4,"stat.pickup.minecraft.tnt":21,"stat.drop.minecraft.leather_chestplate":1,"stat.pickup.minecraft.stone":149,"stat.mineBlock.minecraft.wool":1,"stat.pickup.zoocraftdiscoveries.seed_coriander":1,"stat.killEntity.futuremc:salmon":2,"stat.pickup.minecraft.gold_ingot":2,"stat.killEntity.Skeleton":94,"stat.drop.iceandfire.myrmex_desert_chitin":8,"stat.drop.iceandfire.ash":1,"stat.drop.minecraft.crafting_table":1,"stat.killEntity.Spider":43,"stat.mineBlock.minecraft.quartz_ore":3,"stat.pickup.minecraft.quartz":2,"stat.craftItem.minecraft.fence":36,"stat.pickup.minecraft.golden_shovel":1,"stat.mineBlock.minecraft.leaves":5,"stat.mineBlock.minecraft.redstone_ore":5,"stat.mineBlock.minecraft.stone":887}