{"stat.useItem.minecraft.bow":2,"stat.leaveGame":6,"stat.useItem.minecraft.soul_sand":2,"stat.pickup.tombstone.familiar_stone":3,"stat.killEntity.Blaze":13,"stat.mineBlock.minecraft.sandstone":4,"stat.craftItem.minecraft.shield":1,"stat.useItem.minecraft.planks":6,"stat.pickup.minecraft.glowstone_dust":44,"stat.pickup.minecraft.porkchop":15,"stat.useItem.minecraft.water_bucket":32,"stat.pickup.minecraft.rotten_flesh":74,"stat.drop.minecraft.poisonous_potato":2,"stat.pickup.minecraft.sand":38,"stat.craftItem.minecraft.stone_axe":2,"stat.pickup.iceandfire.witherbone":7,"stat.pickup.minecraft.bucket":3,"stat.killEntity.Enderman":2,"stat.entityKilledBy.firedragon":1,"stat.mineBlock.minecraft.sand":7,"stat.killEntity.Witch":2,"stat.pickup.zoocraftdiscoveries.gemsbok_leather":1,"stat.useItem.minecraft.iron_pickaxe":267,"stat.craftItem.minecraft.wooden_pickaxe":1,"stat.craftItem.minecraft.bed":1,"stat.mineBlock.minecraft.vine":1,"stat.drop.zoocraftdiscoveries.seed_basil":1,"stat.furnaceInteraction":70,"stat.killEntity.zoocraftdiscoveries.gemsbok":2,"stat.pickup.minecraft.nether_brick":53,"stat.pickup.minecraft.beef":5,"stat.useItem.minecraft.cooked_mutton":11,"stat.pickup.minecraft.furnace":8,"stat.pickup.minecraft.iron_chestplate":2,"stat.pickup.minecraft.skull":1,"stat.pickup.tombstone.magic_scroll":2,"stat.drop.minecraft.furnace":6,"stat.useItem.minecraft.flint_and_steel":30,"stat.killEntity.Husk":6,"stat.pickup.minecraft.saddle":4,"stat.mineBlock.minecraft.soul_sand":5,"stat.deaths":5,"stat.playOneMinute":198855,"stat.pickup.minecraft.blaze_rod":4,"stat.useItem.minecraft.nether_brick":52,"stat.craftItem.minecraft.iron_pickaxe":2,"stat.pickup.minecraft.iron_bars":16,"stat.drop.minecraft.torch":13,"stat.mineBlock.minecraft.tallgrass":40,"stat.craftItem.minecraft.cooked_mutton":9,"stat.pickup.minecraft.netherrack":154,"stat.pickup.minecraft.cooked_mutton":5,"stat.chestOpened":20,"stat.mineBlock.minecraft.netherrack":147,"stat.pickup.minecraft.arrow":16,"stat.pickup.iceandfire.blindfold":3,"stat.fallOneCm":99136,"stat.drop.minecraft.dye":2,"stat.pickup.minecraft.carrot":52,"stat.crouchOneCm":51405,"stat.craftItem.minecraft.iron_ingot":37,"stat.craftItem.minecraft.chest":2,"stat.pickup.minecraft.red_mushroom":1,"stat.craftingTableInteraction":26,"stat.mineBlock.minecraft.log2":11,"stat.useItem.minecraft.furnace":3,"stat.pickup.minecraft.dye":4,"stat.pickup.minecraft.planks":59,"stat.pickup.minecraft.iron_leggings":2,"stat.mineBlock.minecraft.gravel":21,"stat.useItem.minecraft.stone_pickaxe":131,"stat.craftItem.minecraft.iron_leggings":1,"stat.mineBlock.minecraft.dirt":9,"stat.pickup.minecraft.poisonous_potato":2,"stat.craftItem.minecraft.leather":1,"stat.useItem.minecraft.torch":78,"stat.pickup.minecraft.crafting_table":10,"stat.useItem.minecraft.cobblestone":25,"stat.craftItem.minecraft.crafting_table":3,"stat.useItem.minecraft.gravel":2,"stat.pickup.minecraft.log":28,"stat.pickup.minecraft.iron_pickaxe":3,"stat.drop.minecraft.carrot":1,"stat.pickup.minecraft.chicken":2,"stat.pickup.minecraft.sapling":2,"stat.craftItem.minecraft.bucket":1,"stat.craftItem.minecraft.planks":64,"stat.useItem.minecraft.iron_sword":377,"stat.pickup.minecraft.diamond_helmet":3,"stat.killEntity.WitherSkeleton":8,"stat.pickup.minecraft.stone_sword":1,"stat.mineBlock.minecraft.log":6,"stat.sneakTime":17642,"stat.pickup.minecraft.wool":6,"stat.useItem.minecraft.baked_potato":22,"stat.killEntity.zoocraftdiscoveries.porcupine":2,"stat.pickup.minecraft.bone":32,"stat.killEntity.zoocraftdiscoveries.rhino":1,"stat.mineBlock.minecraft.cobblestone":1,"stat.pickup.minecraft.stone_pickaxe":2,"stat.pickup.minecraft.flint":3,"stat.pickup.minecraft.leather_chestplate":2,"stat.swimOneCm":20687,"stat.climbOneCm":5810,"stat.pickup.minecraft.enchanted_book":1,"stat.drop.minecraft.cobblestone":4,"stat.pickup.minecraft.cooked_porkchop":6,"stat.useItem.minecraft.dirt":5,"stat.pickup.zoocraftdiscoveries.seed_basil":1,"stat.useItem.minecraft.stone_slab2":46,"stat.pickup.minecraft.bow":1,"stat.pickup.minecraft.iron_boots":3,"stat.killEntity.deathworm":1,"stat.pickup.minecraft.diamond_horse_armor":2,"stat.craftItem.minecraft.furnace":4,"stat.craftItem.minecraft.iron_boots":1,"stat.craftItem.minecraft.stone_pickaxe":1,"stat.craftItem.minecraft.cooked_beef":5,"stat.pickup.minecraft.cobblestone":79,"stat.pickup.minecraft.diamond_leggings":1,"stat.flyOneCm":933580,"stat.pickup.minecraft.soul_sand":11,"stat.pickup.minecraft.sandstone":9,"stat.useItem.minecraft.cooked_beef":5,"stat.pickup.minecraft.cactus":1,"stat.pickup.minecraft.redstone":1,"stat.mineBlock.minecraft.iron_ore":44,"stat.timeSinceDeath":36872,"stat.drop.minecraft.spider_eye":2,"stat.pickup.minecraft.mutton":9,"stat.useItem.minecraft.potato":34,"stat.pickup.minecraft.chainmail_helmet":3,"stat.pickup.minecraft.nether_wart":54,"stat.useItem.minecraft.cooked_porkchop":2,"tombstone:tomb_raiding":2,"stat.mineBlock.minecraft.coal_ore":37,"stat.drop.minecraft.wool":1,"stat.mineBlock.minecraft.nether_brick":57,"stat.killEntity.Creeper":3,"stat.pickup.minecraft.shield":4,"stat.talkedToVillager":4,"stat.drop.minecraft.baked_potato":7,"stat.pickup.minecraft.wooden_sword":3,"stat.pickup.minecraft.string":16,"stat.pickup.tombstone.crafting_ingredient":7,"stat.craftItem.minecraft.stone_slab2":0,"stat.sprintOneCm":572451,"stat.craftItem.minecraft.stick":36,"stat.useItem.tombstone.magic_scroll":2,"stat.mineBlock.minecraft.crafting_table":8,"stat.useItem.minecraft.carrot":47,"stat.pickup.minecraft.golden_horse_armor":5,"stat.useItem.minecraft.bucket":44,"stat.mineBlock.minecraft.planks":2,"stat.drop":25,"stat.killEntity.Sheep":5,"stat.pickup.zoocraftdiscoveries.seed_sage":2,"stat.pickup.minecraft.golden_chestplate":1,"stat.killEntity.Zombie":18,"stat.mineBlock.minecraft.gold_ore":1,"stat.diveOneCm":21525,"stat.pickup.minecraft.gravel":5,"stat.pickup.minecraft.stone_axe":1,"stat.pickup.minecraft.obsidian":6,"stat.useItem.minecraft.rotten_flesh":24,"stat.jump":4333,"stat.useItem.minecraft.sand":4,"stat.pickup.minecraft.coal":74,"stat.pickup.minecraft.iron_helmet":3,"stat.useItem.minecraft.stone_axe":66,"stat.pickup.minecraft.gunpowder":1,"stat.pickup.minecraft.spider_eye":3,"stat.craftItem.minecraft.torch":92,"stat.pickup.minecraft.dirt":14,"stat.craftItem.minecraft.iron_helmet":1,"stat.pickup.minecraft.iron_ore":48,"stat.pickup.minecraft.gold_ore":1,"stat.mineBlock.minecraft.iron_bars":10,"stat.craftItem.minecraft.flint_and_steel":1,"stat.damageTaken":-2147479528,"stat.pickup.minecraft.leather":5,"stat.mineBlock.minecraft.furnace":8,"stat.mineBlock.minecraft.torch":2,"stat.useItem.minecraft.wooden_pickaxe":10,"stat.pickup.minecraft.log2":10,"stat.pickup.minecraft.reeds":6,"tombstone:undead_killed":51,"stat.pickup.minecraft.potato":57,"stat.entityKilledBy.Zombie":1,"stat.damageDealt":19462,"stat.sleepInBed":5,"stat.craftItem.minecraft.baked_potato":18,"stat.killEntity.Cow":3,"stat.useItem.minecraft.crafting_table":1,"stat.killEntity.Pig":11,"stat.craftItem.minecraft.iron_sword":3,"stat.walkOneCm":476853,"stat.playerKills":3,"stat.pickup.minecraft.stick":10,"stat.useItem.minecraft.lava_bucket":11,"stat.craftItem.minecraft.spectral_arrow":4,"stat.drop.tombstone.familiar_receptacle":1,"stat.useItem.tombstone.gift":2,"stat.pickup.minecraft.tnt":3,"stat.pickup.minecraft.stone":2,"stat.craftItem.minecraft.iron_chestplate":1,"stat.mineBlock.minecraft.wool":1,"stat.pickup.minecraft.baked_potato":11,"stat.pickup.minecraft.ender_pearl":1,"stat.useItem.minecraft.netherrack":151,"stat.killEntity.Skeleton":19,"stat.drop.minecraft.crafting_table":1,"stat.killEntity.Spider":11,"stat.pickup.zoocraftdiscoveries.seed_thyme":1,"stat.mineBlock.minecraft.glowstone":16,"stat.mobKills":121,"stat.drop.tombstone.magic_scroll":1,"stat.pickup.minecraft.iron_horse_armor":2,"stat.pickup.minecraft.torch":2,"stat.mineBlock.minecraft.stone":89}