{"stat.useItem.minecraft.bow":1,"stat.pickup.minecraft.bone":16,"stat.killEntity.zoocraftdiscoveries.rhino":1,"stat.leaveGame":3,"stat.mineBlock.minecraft.cobblestone":1,"stat.pickup.minecraft.flint":1,"stat.killEntity.Blaze":12,"stat.swimOneCm":19038,"stat.craftItem.minecraft.shield":1,"stat.climbOneCm":1288,"stat.pickup.minecraft.enchanted_book":1,"stat.drop.minecraft.cobblestone":4,"stat.pickup.minecraft.glowstone_dust":44,"stat.useItem.minecraft.dirt":4,"stat.pickup.zoocraftdiscoveries.seed_basil":1,"stat.useItem.minecraft.stone_slab2":27,"stat.pickup.minecraft.bow":1,"stat.useItem.minecraft.water_bucket":29,"stat.pickup.minecraft.rotten_flesh":11,"stat.killEntity.deathworm":1,"stat.pickup.minecraft.sand":1,"stat.craftItem.minecraft.furnace":2,"stat.craftItem.minecraft.stone_axe":1,"stat.craftItem.minecraft.iron_boots":1,"stat.pickup.iceandfire.witherbone":7,"stat.craftItem.minecraft.stone_pickaxe":1,"stat.craftItem.minecraft.cooked_beef":5,"stat.killEntity.Enderman":1,"stat.pickup.minecraft.cobblestone":55,"stat.flyOneCm":702728,"stat.pickup.minecraft.soul_sand":5,"stat.entityKilledBy.firedragon":1,"stat.mineBlock.minecraft.sand":1,"stat.killEntity.Witch":2,"stat.useItem.minecraft.cooked_beef":5,"stat.pickup.minecraft.redstone":1,"stat.mineBlock.minecraft.iron_ore":44,"stat.timeSinceDeath":9690,"stat.pickup.zoocraftdiscoveries.gemsbok_leather":1,"stat.useItem.minecraft.iron_pickaxe":214,"stat.craftItem.minecraft.wooden_pickaxe":1,"stat.drop.minecraft.spider_eye":2,"stat.pickup.minecraft.mutton":9,"stat.mineBlock.minecraft.vine":1,"stat.pickup.minecraft.nether_wart":20,"stat.furnaceInteraction":48,"stat.killEntity.zoocraftdiscoveries.gemsbok":2,"tombstone:tomb_raiding":1,"stat.mineBlock.minecraft.coal_ore":37,"stat.drop.minecraft.wool":1,"stat.mineBlock.minecraft.nether_brick":57,"stat.killEntity.Creeper":3,"stat.pickup.minecraft.nether_brick":53,"stat.pickup.minecraft.string":3,"stat.pickup.minecraft.beef":5,"stat.useItem.minecraft.cooked_mutton":11,"stat.pickup.minecraft.furnace":6,"stat.pickup.tombstone.crafting_ingredient":2,"stat.craftItem.minecraft.stone_slab2":0,"stat.sprintOneCm":349022,"stat.craftItem.minecraft.stick":16,"stat.pickup.tombstone.magic_scroll":2,"stat.useItem.minecraft.flint_and_steel":8,"stat.mineBlock.minecraft.crafting_table":6,"stat.killEntity.Husk":5,"stat.useItem.minecraft.carrot":30,"stat.useItem.minecraft.bucket":41,"stat.deaths":4,"stat.drop":6,"stat.playOneMinute":119513,"stat.pickup.minecraft.blaze_rod":4,"stat.killEntity.Sheep":5,"stat.useItem.minecraft.nether_brick":52,"stat.craftItem.minecraft.iron_pickaxe":1,"stat.pickup.zoocraftdiscoveries.seed_sage":2,"stat.killEntity.Zombie":8,"stat.drop.minecraft.torch":9,"stat.mineBlock.minecraft.gold_ore":1,"stat.mineBlock.minecraft.tallgrass":18,"stat.craftItem.minecraft.cooked_mutton":9,"stat.pickup.minecraft.netherrack":152,"stat.diveOneCm":15918,"stat.pickup.minecraft.cooked_mutton":5,"stat.chestOpened":8,"stat.mineBlock.minecraft.netherrack":144,"stat.pickup.minecraft.gravel":4,"stat.pickup.minecraft.arrow":3,"stat.pickup.iceandfire.blindfold":1,"stat.useItem.minecraft.rotten_flesh":3,"stat.jump":3141,"stat.pickup.minecraft.coal":68,"stat.fallOneCm":74219,"stat.pickup.minecraft.carrot":47,"stat.useItem.minecraft.stone_axe":26,"stat.pickup.minecraft.gunpowder":1,"stat.crouchOneCm":31362,"stat.pickup.minecraft.spider_eye":2,"stat.craftItem.minecraft.torch":36,"stat.craftItem.minecraft.iron_ingot":37,"stat.pickup.minecraft.dirt":11,"stat.craftItem.minecraft.iron_helmet":1,"stat.pickup.minecraft.red_mushroom":1,"stat.craftingTableInteraction":16,"stat.pickup.minecraft.iron_ore":48,"stat.pickup.minecraft.gold_ore":1,"stat.craftItem.minecraft.flint_and_steel":1,"stat.damageTaken":-2147481392,"stat.pickup.minecraft.leather":2,"stat.mineBlock.minecraft.furnace":6,"stat.useItem.minecraft.wooden_pickaxe":10,"stat.useItem.minecraft.furnace":2,"stat.pickup.minecraft.dye":2,"stat.pickup.minecraft.reeds":6,"tombstone:undead_killed":25,"stat.mineBlock.minecraft.gravel":7,"stat.useItem.minecraft.stone_pickaxe":131,"stat.craftItem.minecraft.iron_leggings":1,"stat.damageDealt":10885,"stat.sleepInBed":2,"stat.killEntity.Cow":3,"stat.mineBlock.minecraft.dirt":9,"stat.craftItem.minecraft.iron_sword":1,"stat.craftItem.minecraft.leather":1,"stat.walkOneCm":285198,"stat.useItem.minecraft.torch":26,"stat.playerKills":1,"stat.pickup.minecraft.stick":2,"stat.pickup.minecraft.crafting_table":6,"stat.useItem.minecraft.cobblestone":25,"stat.craftItem.minecraft.crafting_table":1,"stat.useItem.minecraft.gravel":2,"stat.useItem.minecraft.lava_bucket":11,"stat.craftItem.minecraft.spectral_arrow":4,"stat.pickup.minecraft.log":6,"stat.useItem.tombstone.gift":2,"stat.pickup.minecraft.stone":2,"stat.craftItem.minecraft.iron_chestplate":1,"stat.mineBlock.minecraft.wool":1,"stat.pickup.minecraft.baked_potato":9,"stat.useItem.minecraft.netherrack":123,"stat.killEntity.Skeleton":6,"stat.craftItem.minecraft.bucket":1,"stat.craftItem.minecraft.planks":24,"stat.useItem.minecraft.iron_sword":187,"stat.killEntity.Spider":2,"stat.killEntity.WitherSkeleton":6,"stat.pickup.zoocraftdiscoveries.seed_thyme":1,"stat.mineBlock.minecraft.glowstone":16,"stat.mobKills":65,"stat.mineBlock.minecraft.log":6,"stat.drop.tombstone.magic_scroll":1,"stat.pickup.minecraft.torch":1,"stat.sneakTime":9798,"stat.pickup.minecraft.wool":6,"stat.useItem.minecraft.baked_potato":9,"stat.killEntity.zoocraftdiscoveries.porcupine":2,"stat.mineBlock.minecraft.stone":65}