{"stat.useItem.minecraft.bow":17,"stat.leaveGame":6,"stat.useItem.iceandfire.dragonbone_sword":75,"stat.useItem.minecraft.soul_sand":2,"stat.pickup.tombstone.familiar_stone":3,"stat.killEntity.Blaze":13,"stat.useItem.minecraft.glowstone":2,"stat.mineBlock.minecraft.sandstone":4,"stat.mineBlock.minecraft.stained_glass":4,"stat.craftItem.minecraft.shield":1,"stat.useItem.minecraft.planks":6,"stat.pickup.minecraft.glowstone_dust":47,"stat.pickup.minecraft.porkchop":15,"stat.pickup.minecraft.glass":1,"stat.useItem.minecraft.water_bucket":40,"stat.drop.minecraft.iron_sword":1,"stat.mineBlock.minecraft.stone_brick_stairs":1,"stat.pickup.minecraft.rotten_flesh":81,"stat.drop.minecraft.poisonous_potato":2,"stat.pickup.minecraft.sand":106,"stat.craftItem.minecraft.stone_axe":2,"stat.pickup.iceandfire.witherbone":7,"stat.pickup.iceandfire.chared_cobblestone":5,"stat.pickup.minecraft.bucket":3,"stat.killEntity.Enderman":3,"stat.entityKilledBy.firedragon":2,"stat.pickup.zoocraftdiscoveries.seed_oregano":2,"stat.mineBlock.minecraft.sand":45,"stat.killEntity.Witch":2,"stat.pickup.zoocraftdiscoveries.gemsbok_leather":1,"stat.useItem.minecraft.iron_pickaxe":490,"stat.pickup.minecraft.stained_hardened_clay":6,"stat.craftItem.minecraft.wooden_pickaxe":1,"stat.craftItem.minecraft.bed":1,"stat.mineBlock.minecraft.vine":1,"stat.drop.zoocraftdiscoveries.seed_basil":1,"stat.furnaceInteraction":93,"stat.killEntity.zoocraftdiscoveries.gemsbok":2,"stat.killEntity.ZombieVillager":1,"stat.pickup.minecraft.nether_brick":53,"stat.pickup.minecraft.beef":5,"stat.useItem.minecraft.cooked_mutton":11,"stat.pickup.minecraft.furnace":10,"stat.drop.minecraft.stained_hardened_clay":2,"stat.craftItem.travelersbackpack.travelers_backpack":2,"stat.mineBlock.minecraft.stained_hardened_clay":5,"stat.pickup.minecraft.iron_chestplate":2,"stat.pickup.minecraft.skull":1,"stat.pickup.tombstone.magic_scroll":2,"stat.drop.minecraft.furnace":6,"stat.useItem.minecraft.flint_and_steel":38,"stat.killEntity.Husk":10,"stat.pickup.minecraft.saddle":4,"stat.mineBlock.minecraft.soul_sand":5,"stat.useItem.minecraft.dye":6,"stat.deaths":8,"stat.playOneMinute":287055,"stat.pickup.minecraft.blaze_rod":4,"stat.useItem.minecraft.nether_brick":52,"stat.craftItem.minecraft.iron_pickaxe":2,"stat.pickup.minecraft.iron_bars":16,"stat.drop.minecraft.torch":13,"stat.mineBlock.minecraft.tallgrass":77,"stat.craftItem.minecraft.cooked_mutton":9,"stat.pickup.minecraft.netherrack":154,"stat.pickup.minecraft.cooked_mutton":5,"stat.chestOpened":36,"stat.pickup.iceandfire.myrmex_desert_chitin":8,"stat.mineBlock.minecraft.netherrack":147,"stat.pickup.minecraft.arrow":31,"stat.pickup.iceandfire.blindfold":3,"stat.craftItem.iceandfire.dragonbone_axe":1,"stat.craftItem.iceandfire.dragonbone_sword":1,"stat.fallOneCm":146969,"stat.drop.minecraft.stone":19,"stat.drop.minecraft.dye":2,"stat.pickup.minecraft.carrot":52,"stat.crouchOneCm":79594,"stat.craftItem.minecraft.iron_ingot":37,"stat.craftItem.minecraft.chest":4,"stat.pickup.minecraft.red_mushroom":1,"stat.craftingTableInteraction":43,"stat.mineBlock.minecraft.log2":11,"stat.useItem.minecraft.furnace":3,"stat.pickup.minecraft.dye":4,"stat.pickup.minecraft.planks":59,"stat.pickup.minecraft.iron_leggings":2,"stat.mineBlock.minecraft.gravel":22,"stat.useItem.minecraft.stone_pickaxe":131,"stat.craftItem.minecraft.iron_leggings":1,"stat.mineBlock.minecraft.dirt":33,"stat.pickup.minecraft.poisonous_potato":2,"stat.craftItem.minecraft.leather":19,"stat.craftItem.iceandfire.dragonbone_pickaxe":1,"stat.drop.minecraft.stick":4,"stat.useItem.minecraft.torch":119,"stat.pickup.minecraft.crafting_table":14,"stat.useItem.minecraft.cobblestone":47,"stat.craftItem.minecraft.crafting_table":3,"stat.useItem.minecraft.gravel":2,"stat.killEntity.zoocraftdiscoveries.camel":6,"stat.pickup.minecraft.log":28,"stat.drop.minecraft.stonebrick":1,"stat.pickup.minecraft.iron_pickaxe":3,"stat.drop.minecraft.carrot":1,"stat.pickup.minecraft.chicken":2,"stat.pickup.minecraft.sapling":2,"stat.pickup.iceandfire.myrmex_stinger":1,"stat.craftItem.minecraft.bucket":1,"stat.craftItem.minecraft.planks":64,"stat.useItem.minecraft.iron_sword":450,"stat.pickup.minecraft.diamond_helmet":3,"stat.killEntity.WitherSkeleton":8,"stat.pickup.minecraft.stone_sword":1,"stat.mineBlock.minecraft.log":6,"stat.pickup.iceandfire.dragonbone":20,"stat.pickup.minecraft.red_flower":6,"stat.sneakTime":30698,"stat.pickup.minecraft.wool":6,"stat.useItem.minecraft.baked_potato":22,"stat.killEntity.zoocraftdiscoveries.porcupine":2,"stat.craftItem.minecraft.enchanting_table":1,"stat.pickup.minecraft.bone":40,"stat.killEntity.zoocraftdiscoveries.rhino":1,"stat.mineBlock.minecraft.cobblestone":1,"stat.pickup.minecraft.stone_pickaxe":2,"stat.pickup.minecraft.flint":3,"stat.mineBlock.minecraft.yellow_flower":1,"stat.mineBlock.iceandfire.chared_stone":7,"stat.pickup.minecraft.leather_chestplate":2,"stat.drop.iceandfire.dragonbone_bow":1,"stat.craftItem.minecraft.wool":4,"stat.swimOneCm":53880,"stat.climbOneCm":5810,"stat.pickup.minecraft.enchanted_book":1,"stat.drop.minecraft.cobblestone":26,"stat.pickup.minecraft.cooked_porkchop":15,"stat.useItem.minecraft.dirt":8,"stat.pickup.zoocraftdiscoveries.seed_basil":1,"stat.useItem.minecraft.stone_slab2":61,"stat.pickup.minecraft.bow":2,"stat.pickup.minecraft.iron_boots":3,"stat.killEntity.deathworm":1,"stat.pickup.minecraft.diamond_horse_armor":2,"stat.craftItem.minecraft.furnace":6,"stat.craftItem.iceandfire.dragonbone_bow":1,"stat.craftItem.minecraft.iron_boots":2,"stat.craftItem.minecraft.stone_pickaxe":1,"stat.craftItem.minecraft.cooked_beef":5,"stat.pickup.minecraft.cobblestone":187,"stat.craftItem.minecraft.bow":1,"stat.pickup.minecraft.diamond_leggings":1,"stat.flyOneCm":1377909,"stat.pickup.minecraft.soul_sand":17,"stat.pickup.minecraft.sandstone":9,"stat.useItem.iceandfire.chared_stone":2,"stat.useItem.minecraft.cooked_beef":5,"stat.pickup.minecraft.cactus":1,"stat.pickup.zoocraftdiscoveries.camel_leather":20,"stat.pickup.minecraft.redstone":1,"stat.mineBlock.minecraft.iron_ore":53,"stat.timeSinceDeath":36655,"stat.drop.minecraft.spider_eye":2,"stat.pickup.minecraft.mutton":9,"stat.pickup.travelersbackpack.travelers_backpack":1,"stat.useItem.minecraft.potato":34,"stat.pickup.minecraft.chainmail_helmet":3,"stat.pickup.minecraft.nether_wart":54,"stat.pickup.minecraft.stonebrick":2,"stat.useItem.minecraft.cooked_porkchop":18,"tombstone:tomb_raiding":2,"stat.mineBlock.minecraft.coal_ore":107,"stat.drop.minecraft.wool":1,"stat.mineBlock.minecraft.nether_brick":57,"stat.killEntity.Creeper":3,"stat.pickup.minecraft.shield":4,"stat.talkedToVillager":4,"stat.drop.minecraft.baked_potato":7,"stat.pickup.minecraft.wooden_sword":3,"stat.pickup.minecraft.string":16,"stat.pickup.tombstone.crafting_ingredient":20,"stat.craftItem.minecraft.stone_slab2":0,"stat.sprintOneCm":746546,"stat.craftItem.minecraft.stick":48,"stat.useItem.tombstone.magic_scroll":2,"stat.mineBlock.minecraft.diamond_ore":5,"stat.mineBlock.minecraft.crafting_table":11,"stat.useItem.minecraft.carrot":47,"stat.pickup.minecraft.golden_horse_armor":5,"stat.useItem.minecraft.bucket":52,"stat.mineBlock.minecraft.planks":2,"stat.drop":43,"stat.killEntity.Sheep":5,"stat.useItem.iceandfire.chared_cobblestone":4,"stat.pickup.zoocraftdiscoveries.seed_sage":2,"stat.pickup.minecraft.golden_chestplate":1,"stat.killEntity.Zombie":39,"stat.craftItem.minecraft.dye":13,"stat.mineBlock.minecraft.gold_ore":1,"stat.diveOneCm":48771,"stat.pickup.iceandfire.dragonbone_bow":1,"stat.pickup.minecraft.gravel":6,"stat.craftItem.minecraft.cooked_porkchop":15,"stat.pickup.minecraft.stone_axe":1,"stat.pickup.minecraft.obsidian":6,"stat.useItem.minecraft.rotten_flesh":24,"stat.drop.minecraft.cooked_porkchop":7,"stat.craftItem.travelersbackpack.backpack_tank":4,"stat.jump":6181,"stat.useItem.minecraft.sand":4,"stat.pickup.minecraft.coal":148,"stat.pickup.minecraft.iron_helmet":4,"stat.useItem.minecraft.stone_axe":66,"stat.pickup.minecraft.gunpowder":1,"stat.pickup.iceandfire.chared_stone":3,"stat.pickup.minecraft.spider_eye":3,"stat.craftItem.minecraft.torch":136,"stat.pickup.minecraft.dirt":59,"stat.craftItem.minecraft.iron_helmet":1,"stat.pickup.minecraft.iron_ore":57,"stat.pickup.minecraft.gold_ore":1,"stat.mineBlock.minecraft.iron_bars":10,"stat.craftItem.minecraft.flint_and_steel":1,"stat.damageTaken":-2147478099,"stat.pickup.minecraft.leather":5,"stat.mineBlock.minecraft.furnace":10,"stat.mineBlock.minecraft.torch":3,"stat.mineBlock.minecraft.red_flower":6,"stat.useItem.minecraft.wooden_pickaxe":10,"stat.mineBlock.iceandfire.chared_cobblestone":6,"stat.pickup.minecraft.log2":10,"stat.craftItem.minecraft.glowstone":5,"stat.useItem.iceandfire.dragonbone_pickaxe":100,"stat.pickup.minecraft.reeds":30,"tombstone:undead_killed":85,"stat.pickup.minecraft.potato":57,"stat.entityKilledBy.Zombie":1,"stat.damageDealt":27758,"stat.craftItem.minecraft.glass":28,"stat.sleepInBed":5,"stat.craftItem.minecraft.baked_potato":18,"stat.killEntity.Cow":3,"stat.useItem.minecraft.crafting_table":1,"stat.killEntity.Pig":15,"stat.craftItem.minecraft.iron_sword":3,"stat.walkOneCm":568237,"stat.playerKills":3,"stat.pickup.minecraft.stick":22,"stat.pickup.minecraft.spectral_arrow":4,"stat.useItem.minecraft.lava_bucket":11,"stat.craftItem.minecraft.spectral_arrow":4,"stat.drop.tombstone.familiar_receptacle":1,"stat.useItem.tombstone.gift":2,"stat.pickup.minecraft.tnt":3,"stat.pickup.minecraft.stone":23,"stat.useItem.iceandfire.dragonbone_axe":11,"stat.craftItem.minecraft.iron_chestplate":1,"stat.mineBlock.minecraft.wool":1,"stat.pickup.minecraft.baked_potato":11,"stat.useItem.minecraft.stained_hardened_clay":4,"stat.pickup.minecraft.ender_pearl":1,"stat.useItem.minecraft.netherrack":166,"stat.killEntity.Skeleton":27,"stat.craftItem.travelersbackpack.sleeping_bag_bottom":2,"stat.drop.iceandfire.myrmex_desert_chitin":8,"stat.mineBlock.minecraft.stonebrick":14,"stat.drop.minecraft.crafting_table":1,"stat.killEntity.Spider":15,"stat.pickup.zoocraftdiscoveries.seed_thyme":1,"stat.mineBlock.minecraft.glowstone":17,"stat.mobKills":173,"stat.drop.tombstone.magic_scroll":1,"stat.pickup.minecraft.diamond":5,"stat.pickup.minecraft.iron_horse_armor":2,"stat.pickup.minecraft.torch":5,"stat.mineBlock.minecraft.stone":267}