{"stat.useItem.minecraft.bow":353,"stat.drop.iceandfire.dragonbone_sword":1,"stat.pickup.iceandfire.fire_dragon_flesh":4,"stat.leaveGame":47,"stat.drop.minecraft.gunpowder":2,"stat.pickup.tombstone.familiar_stone":3,"stat.useItem.minecraft.glowstone":2,"stat.mineBlock.minecraft.sandstone":51,"stat.drop.zoocraftdiscoveries.seed_thyme":1,"stat.mineBlock.minecraft.stained_glass":4,"stat.killEntity.PigZombie":3,"stat.craftItem.minecraft.shield":6,"stat.mineBlock.minecraft.web":152,"stat.drop.minecraft.iron_sword":2,"stat.pickup.minecraft.rotten_flesh":642,"stat.craftItem.minecraft.stone_axe":2,"stat.drop.minecraft.leather_boots":2,"stat.pickup.iceandfire.witherbone":20,"stat.pickup.iceandfire.chared_cobblestone":6,"stat.pickup.minecraft.bucket":4,"stat.killEntity.Enderman":6,"stat.pickup.minecraft.leather_boots":12,"stat.craftItem.minecraft.iron_shovel":1,"stat.killEntity.Witch":9,"stat.pickup.zoocraftdiscoveries.gemsbok_leather":6,"stat.useItem.minecraft.iron_pickaxe":1498,"stat.pickup.minecraft.stained_hardened_clay":6,"stat.craftItem.minecraft.wooden_pickaxe":1,"stat.useItem.minecraft.iron_shovel":233,"stat.drop.minecraft.cooked_mutton":2,"stat.craftItem.minecraft.bed":3,"stat.drop.minecraft.wooden_shovel":1,"stat.drop.iceandfire.troll_leather_forest":1,"stat.mineBlock.minecraft.vine":33,"stat.mineBlock.minecraft.hopper":2,"stat.furnaceInteraction":557,"stat.killEntity.ZombieVillager":18,"stat.pickup.minecraft.nether_brick":153,"stat.drop.minecraft.red_flower":1,"stat.pickup.minecraft.beef":405,"stat.pickup.minecraft.leather_helmet":6,"stat.mineBlock.minecraft.stained_hardened_clay":7,"stat.useItem.minecraft.fence":27,"stat.drop.minecraft.furnace":6,"stat.pickup.minecraft.potion":8,"stat.useItem.minecraft.flint_and_steel":47,"stat.mineBlock.minecraft.fence":1,"stat.useItem.minecraft.wheat_seeds":322,"stat.drop.minecraft.nether_brick_stairs":2,"stat.killEntity.Husk":36,"stat.useItem.minecraft.dye":218,"stat.deaths":19,"stat.pickup.minecraft.egg":7,"stat.drop.minecraft.golden_pickaxe":1,"stat.craftItem.minecraft.wooden_shovel":1,"stat.mineBlock.minecraft.stone_pressure_plate":7,"stat.useItem.minecraft.nether_brick":82,"stat.craftItem.minecraft.iron_pickaxe":2,"stat.drop.minecraft.torch":14,"stat.drop.minecraft.iron_ingot":24,"stat.drop.minecraft.glass_bottle":3,"stat.mineBlock.minecraft.tallgrass":175,"stat.craftItem.minecraft.cooked_mutton":19,"stat.pickup.minecraft.cooked_mutton":7,"stat.chestOpened":764,"stat.useItem.minecraft.splash_potion":8,"stat.craftItem.minecraft.sign":6,"stat.useItem.minecraft.stone":39,"stat.pickup.minecraft.arrow":694,"stat.pickup.iceandfire.blindfold":3,"stat.pickup.minecraft.iron_sword":2,"stat.craftItem.iceandfire.dragonbone_axe":1,"stat.pickup.minecraft.gold_nugget":6,"stat.drop.minecraft.iron_pickaxe":1,"stat.pickup.zoocraftdiscoveries.seed_mint":1,"stat.pickup.minecraft.carrot":63,"stat.drop.minecraft.stone_sword":1,"stat.crouchOneCm":433191,"stat.mineBlock.minecraft.chest":2,"stat.craftItem.minecraft.diamond":9,"stat.craftItem.minecraft.iron_ingot":280,"stat.craftItem.minecraft.hopper":1,"stat.craftingTableInteraction":126,"stat.pickup.iceandfire.myrmex_desert_resin":6,"stat.pickup.minecraft.nether_brick_fence":8,"stat.pickup.iceandfire.silver_ore":12,"stat.mineBlock.minecraft.log2":121,"stat.pickup.minecraft.wooden_pickaxe":1,"stat.drop.zoocraftdiscoveries.seed_sage":1,"stat.useItem.minecraft.reeds":43,"stat.pickup.minecraft.dye":332,"stat.pickup.minecraft.planks":146,"stat.pickup.minecraft.wheat_seeds":615,"stat.drop.minecraft.soul_sand":1,"stat.drop.minecraft.carpet":1,"stat.useItem.iceandfire.dragonbone_bow":16,"stat.mineBlock.minecraft.dirt":251,"stat.pickup.minecraft.poisonous_potato":4,"stat.craftItem.iceandfire.dragonbone_pickaxe":1,"stat.pickup.minecraft.brewing_stand":1,"stat.mineBlock.iceandfire.silver_ore":13,"stat.drop.minecraft.rotten_flesh":37,"stat.useItem.minecraft.cobblestone":1359,"stat.pickup.minecraft.magma":10,"stat.useItem.minecraft.gravel":2,"stat.mineBlock.minecraft.double_plant":6,"stat.pickup.zoocraftdiscoveries.seed_dill":1,"stat.pickup.toolbelt.belt":1,"stat.pickup.minecraft.iron_pickaxe":3,"stat.drop.minecraft.carrot":1,"stat.craftItem.minecraft.gold_ingot":17,"stat.drop.minecraft.sapling":1,"stat.pickup.minecraft.hopper":2,"stat.pickup.minecraft.chicken":2,"stat.pickup.minecraft.tipped_arrow":3,"stat.craftItem.minecraft.brewing_stand":3,"stat.pickup.iceandfire.myrmex_stinger":1,"stat.drop.minecraft.fish":1,"stat.pickup.minecraft.coal_block":3,"stat.craftItem.minecraft.bucket":1,"stat.craftItem.minecraft.planks":744,"stat.useItem.minecraft.iron_sword":517,"stat.pickup.iceandfire.dragonegg_red":1,"stat.itemEnchanted":50,"stat.pickup.iceandfire.dragonscales_green":131,"stat.pickup.minecraft.stone_sword":1,"stat.drop.zoocraftdiscoveries.seed_tarragon":1,"stat.pickup.minecraft.book":20,"stat.useItem.minecraft.stonebrick":65,"stat.mineBlock.minecraft.log":125,"stat.pickup.iceandfire.dragonbone":133,"stat.pickup.minecraft.iron_door":2,"stat.drop.minecraft.leather_leggings":2,"stat.craftItem.minecraft.paper":147,"stat.pickup.minecraft.red_flower":15,"stat.pickup.minecraft.red_nether_brick":18,"stat.pickup.minecraft.wool":12,"stat.killEntity.zoocraftdiscoveries.porcupine":3,"stat.pickup.zoocraftdiscoveries.seed_bay":1,"stat.killEntity.zoocraftdiscoveries.rhino":1,"stat.craftItem.tombstone.decorative_grave_original":1,"stat.craftItem.minecraft.diamond_leggings":1,"stat.pickup.minecraft.bookshelf":64,"stat.mineBlock.minecraft.cobblestone":336,"stat.pickup.minecraft.stone_pickaxe":3,"stat.pickup.minecraft.flint":6,"stat.mineBlock.minecraft.yellow_flower":4,"stat.mineBlock.iceandfire.chared_stone":7,"stat.pickup.minecraft.leather_chestplate":10,"stat.drop.iceandfire.dragonbone_bow":1,"stat.craftItem.minecraft.wool":15,"stat.pickup.minecraft.enchanted_book":16,"stat.drop.minecraft.cobblestone":40,"stat.pickup.minecraft.cooked_porkchop":24,"stat.useItem.minecraft.obsidian":1,"stat.useItem.minecraft.stone_slab2":271,"stat.pickup.minecraft.bow":19,"stat.pickup.minecraft.iron_boots":10,"stat.killEntity.deathworm":4,"stat.pickup.minecraft.diamond_horse_armor":2,"stat.craftItem.minecraft.furnace":6,"stat.pickup.minecraft.golden_axe":1,"stat.useItem.minecraft.egg":6,"stat.craftItem.minecraft.iron_boots":4,"stat.pickup.minecraft.nether_wart_block":1,"stat.craftItem.futuremc.smooth_stone":3,"stat.craftItem.minecraft.cooked_beef":318,"stat.mineBlock.minecraft.obsidian":40,"stat.craftItem.minecraft.bow":4,"stat.mineBlock.minecraft.clay":1,"stat.pickup.minecraft.diamond_leggings":4,"stat.flyOneCm":5604517,"stat.drop.minecraft.iron_helmet":3,"stat.pickup.minecraft.sandstone":139,"stat.useItem.iceandfire.chared_stone":2,"stat.pickup.minecraft.nether_brick_stairs":34,"stat.pickup.minecraft.fish":3,"stat.craftItem.minecraft.stained_glass":8,"stat.timeSinceDeath":245678,"stat.drop.minecraft.spider_eye":4,"stat.craftItem.minecraft.iron_block":1,"stat.killEntity.Bat":2,"stat.pickup.travelersbackpack.travelers_backpack":18,"stat.useItem.minecraft.potato":88,"stat.pickup.minecraft.chainmail_helmet":9,"stat.pickup.minecraft.nether_wart":54,"stat.mineBlock.minecraft.enchanting_table":4,"tombstone:tomb_raiding":3,"stat.mineBlock.minecraft.coal_ore":500,"stat.drop.minecraft.wool":1,"stat.killEntity.Creeper":44,"stat.pickup.minecraft.shield":18,"stat.talkedToVillager":10,"stat.drop.minecraft.baked_potato":7,"stat.pickup.minecraft.wooden_sword":3,"stat.pickup.minecraft.string":272,"stat.mineBlock.minecraft.ladder":5,"stat.pickup.tombstone.crafting_ingredient":133,"stat.useItem.minecraft.written_book":2,"stat.sprintOneCm":4675353,"stat.drop.minecraft.leather":42,"stat.mineBlock.minecraft.stone_slab":4,"stat.useItem.tombstone.magic_scroll":3,"stat.mineBlock.minecraft.diamond_ore":36,"stat.pickup.zoocraftdiscoveries.seed_rosemary":8,"stat.pickup.minecraft.leather_leggings":7,"stat.craftItem.minecraft.speckled_melon":3,"stat.pickup.minecraft.sugar":2,"stat.drop.zoocraftdiscoveries.seed_parsley":2,"stat.drop.tombstone.grave_key":1,"stat.pickup.tombstone.grave_key":1,"stat.useItem.minecraft.ladder":67,"stat.killEntity.Zombie":371,"stat.craftItem.minecraft.dye":242,"stat.pickup.iceandfire.chared_dirt":2,"stat.mineBlock.minecraft.gold_ore":18,"stat.diveOneCm":413057,"stat.pickup.minecraft.wheat":304,"stat.pickup.iceandfire.dragonbone_bow":1,"stat.mineBlock.minecraft.mossy_cobblestone":7,"stat.pickup.zoocraftdiscoveries.seed_tarragon":5,"stat.craftItem.iceandfire.armor_green_helmet":1,"stat.craftItem.minecraft.cooked_porkchop":111,"stat.pickup.minecraft.stone_axe":2,"stat.pickup.minecraft.obsidian":28,"stat.craftItem.iceandfire.wither_shard":3,"stat.useItem.minecraft.rotten_flesh":38,"stat.jump":26769,"stat.useItem.minecraft.sand":21,"stat.pickup.minecraft.coal":810,"stat.pickup.minecraft.iron_ingot":106,"stat.drop.minecraft.diamond_sword":4,"stat.pickup.minecraft.gunpowder":36,"stat.pickup.iceandfire.chared_stone":3,"stat.craftItem.minecraft.torch":428,"stat.pickup.minecraft.dirt":333,"stat.pickup.iceandfire.fire_dragon_heart":2,"stat.pickup.minecraft.gold_ore":24,"stat.mineBlock.minecraft.lapis_ore":32,"stat.craftItem.futuremc.grindstone":1,"tombstone:sneak_grave":9,"stat.brewingstandInteraction":27,"stat.damageTaken":25732,"stat.craftItem.iceandfire.armor_green_leggings":1,"stat.useItem.minecraft.stone_brick_stairs":1,"stat.mineBlock.minecraft.torch":60,"stat.mineBlock.minecraft.red_flower":10,"stat.mineBlock.minecraft.melon_block":1,"stat.pickup.minecraft.log2":119,"stat.mineBlock.minecraft.sandstone_stairs":1,"stat.craftItem.minecraft.glowstone":5,"stat.pickup.zoocraftdiscoveries.seed_saffron":2,"stat.pickup.minecraft.bed":1,"stat.killEntity.hippogryph":1,"stat.pickup.minecraft.quartz_block":24,"stat.pickup.minecraft.potato":212,"stat.entityKilledBy.Zombie":2,"stat.pickup.minecraft.diamond_axe":1,"stat.pickup.iceandfire.chared_grass":3,"stat.killEntity.Silverfish":16,"stat.craftItem.minecraft.stone_slab":6,"stat.animalsBred":96,"stat.useItem.minecraft.chest":6,"stat.pickup.minecraft.diamond_pickaxe":2,"stat.useItem.minecraft.lava_bucket":123,"stat.craftItem.minecraft.spectral_arrow":4,"stat.drop.tombstone.familiar_receptacle":1,"stat.drop.minecraft.netherrack":1,"stat.useItem.tombstone.gift":2,"stat.useItem.iceandfire.dragonbone_axe":317,"stat.craftItem.minecraft.iron_chestplate":2,"stat.pickup.minecraft.baked_potato":21,"stat.useItem.minecraft.stained_hardened_clay":4,"stat.pickup.minecraft.ender_pearl":3,"tombstone:use_disenchantment":4,"stat.pickup.minecraft.ladder":5,"stat.useItem.minecraft.netherrack":166,"stat.killEntity.Stray":14,"stat.craftItem.travelersbackpack.sleeping_bag_bottom":3,"stat.mineBlock.minecraft.tnt":16,"stat.drop.minecraft.nether_brick":12,"stat.craftItem.minecraft.bookshelf":19,"stat.mineBlock.minecraft.stonebrick":160,"stat.pickup.zoocraftdiscoveries.seed_thyme":3,"stat.mineBlock.minecraft.glowstone":17,"stat.killEntity.stymphalianbird":1,"stat.mobKills":1776,"stat.drop.tombstone.magic_scroll":3,"stat.mineBlock.minecraft.bookshelf":70,"stat.drop.minecraft.written_book":1,"stat.pickup.minecraft.diamond":73,"stat.pickup.minecraft.iron_horse_armor":2,"stat.pickup.minecraft.beetroot_seeds":32,"stat.pickup.minecraft.torch":184,"stat.drop.minecraft.quartz_block":5,"stat.killEntity.firedragon":3,"stat.craftItem.tombstone.book_of_disenchantment":3,"stat.useItem.minecraft.string":1,"stat.craftItem.iceandfire.dragonbone_arrow":15,"stat.useItem.iceandfire.dragonbone_sword":2737,"stat.useItem.minecraft.bookshelf":70,"stat.pickup.iceandfire.dragonbone_sword":2,"stat.useItem.minecraft.soul_sand":2,"stat.killEntity.Blaze":50,"stat.drop.minecraft.shield":1,"stat.useItem.minecraft.planks":122,"stat.pickup.minecraft.golden_boots":2,"stat.useItem.minecraft.nether_brick_stairs":1,"stat.pickup.minecraft.glowstone_dust":47,"stat.craftItem.iceandfire.armor_green_chestplate":1,"stat.pickup.minecraft.porkchop":124,"stat.pickup.minecraft.glass":1,"stat.pickup.minecraft.blaze_powder":6,"stat.useItem.minecraft.water_bucket":231,"stat.mineBlock.minecraft.stone_brick_stairs":15,"stat.drop.minecraft.poisonous_potato":3,"stat.mineBlock.minecraft.nether_brick_fence":11,"stat.pickup.minecraft.sand":194,"stat.pickup.iceandfire.troll_leather_forest":1,"stat.entityKilledBy.firedragon":5,"stat.pickup.zoocraftdiscoveries.seed_oregano":10,"stat.pickup.minecraft.chainmail_chestplate":1,"stat.mineBlock.minecraft.sand":150,"stat.pickup.iceandfire.ash":1,"stat.pickup.zoocraftdiscoveries.seed_chive":1,"stat.craftItem.minecraft.blaze_powder":6,"stat.hopperInspected":6,"stat.trappedChestTriggered":8,"stat.drop.zoocraftdiscoveries.seed_basil":2,"stat.killEntity.zoocraftdiscoveries.gemsbok":5,"stat.pickup.iceandfire.dragon_skull":7,"stat.drop.minecraft.stone_slab":1,"stat.useItem.minecraft.cooked_mutton":18,"stat.pickup.minecraft.furnace":27,"stat.drop.iceandfire.dragon_skull":1,"stat.drop.minecraft.stained_hardened_clay":2,"tombstone:consume_soul":4,"stat.craftItem.travelersbackpack.travelers_backpack":4,"stat.pickup.minecraft.iron_chestplate":12,"stat.pickup.minecraft.skull":6,"stat.useItem.minecraft.stone_stairs":65,"stat.pickup.tombstone.magic_scroll":11,"stat.pickup.minecraft.stone_stairs":70,"stat.drop.zoocraftdiscoveries.seed_rosemary":3,"stat.useItem.minecraft.hopper":2,"stat.pickup.minecraft.saddle":4,"stat.mineBlock.minecraft.soul_sand":19,"stat.playOneMinute":1567588,"stat.pickup.minecraft.blaze_rod":23,"stat.drop.minecraft.string":10,"stat.pickup.minecraft.diamond_block":1,"stat.pickup.minecraft.iron_bars":76,"stat.pickup.minecraft.netherrack":202,"stat.pickup.minecraft.pumpkin":1,"stat.pickup.iceandfire.myrmex_desert_chitin":11,"stat.useItem.minecraft.fish":1,"stat.recordPlayed":1,"stat.craftItem.minecraft.carpet":6,"stat.mineBlock.minecraft.netherrack":166,"stat.craftItem.iceandfire.dragonbone_sword":1,"stat.drop.minecraft.flint":1,"stat.killEntity.myrmex_royal":1,"stat.fallOneCm":594714,"stat.drop.minecraft.stone":19,"stat.drop.minecraft.dye":2,"stat.craftItem.tombstone.dark_marble":10,"stat.pickup.minecraft.melon_seeds":3,"stat.pickup.iceandfire.pixie_dust":1,"stat.craftItem.minecraft.chest":17,"stat.pickup.minecraft.red_mushroom":1,"stat.pickup.minecraft.golden_leggings":2,"stat.pickup.minecraft.melon":6,"stat.dropperInspected":2,"stat.mineBlock.minecraft.nether_wart_block":4,"stat.drop.minecraft.iron_leggings":1,"stat.drop.minecraft.bone":11,"stat.craftItem.minecraft.wooden_button":1,"stat.mineBlock.minecraft.red_nether_brick":17,"stat.useItem.minecraft.furnace":15,"stat.pickup.iceandfire.dragonscales_red":7,"stat.pickup.minecraft.iron_leggings":9,"stat.mineBlock.minecraft.gravel":70,"stat.useItem.minecraft.stone_pickaxe":131,"stat.craftItem.minecraft.iron_leggings":3,"stat.pickup.minecraft.chainmail_boots":6,"stat.craftItem.minecraft.leather":24,"stat.drop.minecraft.stick":6,"stat.useItem.minecraft.iron_bars":11,"stat.mineBlock.minecraft.quartz_stairs":3,"stat.mineBlock.minecraft.monster_egg":9,"stat.pickup.minecraft.record_11":1,"stat.useItem.minecraft.torch":1288,"stat.drop.tombstone.crafting_ingredient":1,"stat.pickup.minecraft.crafting_table":17,"stat.craftItem.tombstone.decorative_grave_normal":1,"stat.craftItem.minecraft.crafting_table":4,"stat.killEntity.zoocraftdiscoveries.camel":8,"stat.pickup.minecraft.log":156,"stat.drop.minecraft.stonebrick":9,"stat.drop.minecraft.planks":4,"stat.pickup.minecraft.chainmail_leggings":3,"stat.pickup.minecraft.sapling":5,"stat.drop.minecraft.bow":1,"stat.pickup.minecraft.beetroot":18,"stat.craftItem.toolbelt.belt":1,"stat.pickup.minecraft.diamond_helmet":6,"stat.killEntity.WitherSkeleton":71,"stat.sneakTime":164442,"stat.drop.minecraft.bucket":1,"stat.useItem.minecraft.baked_potato":60,"stat.useItem.minecraft.brewing_stand":2,"stat.pickup.minecraft.stone_slab":10,"stat.pickup.minecraft.yellow_flower":4,"stat.pickup.minecraft.chest":2,"stat.craftItem.minecraft.enchanting_table":1,"stat.craftItem.minecraft.diamond_chestplate":1,"stat.pickup.minecraft.bone":551,"stat.pickup.minecraft.stone_pressure_plate":2,"stat.useItem.minecraft.log2":3,"stat.drop.zoocraftdiscoveries.seed_mint":1,"stat.useItem.minecraft.diamond_sword":1662,"stat.pickup.iceandfire.deathworm_chitin":2,"stat.craftItem.minecraft.diamond_helmet":1,"stat.swimOneCm":321877,"stat.mineBlock.minecraft.diamond_block":1,"stat.climbOneCm":79762,"stat.mineBlock.minecraft.spruce_stairs":1,"stat.useItem.minecraft.dirt":146,"stat.pickup.minecraft.golden_helmet":2,"stat.drop.minecraft.quartz":7,"stat.pickup.zoocraftdiscoveries.seed_basil":6,"stat.craftItem.iceandfire.dragonbone_bow":1,"stat.pickup.iceandfire.dragonbone_axe":1,"stat.pickup.minecraft.enchanting_table":4,"stat.pickup.minecraft.anvil":7,"stat.craftItem.minecraft.stone_pickaxe":1,"stat.mineBlock.minecraft.magma":11,"stat.pickup.minecraft.cobblestone":2298,"stat.craftItem.minecraft.glass_bottle":9,"stat.pickup.minecraft.soul_sand":26,"stat.pickup.minecraft.glass_bottle":4,"stat.drop.minecraft.wheat_seeds":50,"stat.useItem.minecraft.cooked_beef":210,"stat.pickup.minecraft.cactus":1,"stat.pickup.zoocraftdiscoveries.camel_leather":28,"stat.pickup.minecraft.golden_pickaxe":1,"stat.pickup.minecraft.redstone":166,"stat.mineBlock.minecraft.iron_ore":295,"stat.craftItem.minecraft.book":49,"stat.useItem.minecraft.sign":4,"stat.pickup.minecraft.mutton":19,"stat.pickup.minecraft.mossy_cobblestone":4,"stat.drop.minecraft.coal":6,"stat.drop.minecraft.iron_bars":5,"stat.mineBlock.minecraft.coal_block":6,"stat.drop.minecraft.golden_boots":2,"stat.pickup.minecraft.stonebrick":123,"stat.drop.minecraft.dirt":1,"stat.useItem.minecraft.cooked_porkchop":97,"stat.pickup.minecraft.diamond_shovel":1,"stat.mineBlock.minecraft.nether_brick":273,"stat.craftItem.minecraft.stone_slab2":0,"stat.pickup.minecraft.sandstone_stairs":4,"stat.pickup.minecraft.paper":1,"stat.drop.zoocraftdiscoveries.seed_dill":1,"stat.craftItem.minecraft.stick":220,"stat.drop.minecraft.potion":1,"stat.useItem.minecraft.stone_slab":11,"stat.craftItem.minecraft.stone":21,"stat.craftItem.minecraft.gold_nugget":27,"stat.mineBlock.minecraft.crafting_table":14,"stat.mineBlock.minecraft.quartz_block":104,"stat.useItem.minecraft.carrot":49,"stat.pickup.minecraft.golden_horse_armor":5,"stat.pickup.minecraft.diamond_chestplate":2,"stat.useItem.minecraft.bucket":367,"stat.mineBlock.minecraft.planks":23,"stat.drop":176,"stat.killEntity.cyclops":1,"stat.killEntity.Sheep":5,"stat.useItem.iceandfire.chared_cobblestone":4,"stat.drop.minecraft.blaze_rod":1,"stat.pickup.zoocraftdiscoveries.seed_sage":4,"stat.drop.minecraft.iron_boots":1,"stat.pickup.minecraft.golden_chestplate":1,"stat.useItem.minecraft.melon_seeds":2,"stat.pickup.zoocraftdiscoveries.seed_parsley":5,"stat.pickup.minecraft.gravel":38,"stat.useItem.minecraft.glass_bottle":9,"stat.drop.minecraft.cooked_beef":5,"stat.mineBlock.minecraft.anvil":7,"stat.useItem.minecraft.diamond_axe":64,"stat.useItem.minecraft.porkchop":1,"stat.useItem.minecraft.carpet":4,"stat.useItem.minecraft.potion":7,"stat.drop.minecraft.cooked_porkchop":32,"stat.pickup.minecraft.stone_brick_stairs":8,"stat.pickup.minecraft.diamond_sword":6,"stat.craftItem.travelersbackpack.backpack_tank":6,"stat.pickup.minecraft.iron_helmet":20,"stat.useItem.minecraft.stone_axe":66,"stat.pickup.minecraft.spider_eye":87,"stat.craftItem.minecraft.iron_helmet":5,"stat.pickup.minecraft.iron_ore":384,"stat.mineBlock.minecraft.iron_bars":77,"stat.craftItem.minecraft.flint_and_steel":1,"stat.mineBlock.minecraft.leaves2":8,"stat.mineBlock.minecraft.stone_stairs":10,"stat.pickup.minecraft.leather":267,"stat.mineBlock.minecraft.furnace":27,"stat.useItem.minecraft.wooden_pickaxe":10,"stat.dispenserInspected":2,"stat.mineBlock.iceandfire.chared_cobblestone":6,"stat.useItem.iceandfire.dragonbone_pickaxe":3717,"stat.pickup.minecraft.reeds":305,"stat.killEntity.CaveSpider":10,"tombstone:undead_killed":1123,"stat.damageDealt":262929,"stat.craftItem.minecraft.glass":79,"stat.sleepInBed":28,"stat.craftItem.minecraft.baked_potato":53,"stat.pickup.minecraft.end_bricks":8,"stat.mineBlock.minecraft.nether_brick_stairs":48,"stat.killEntity.if_pixie":1,"stat.killEntity.Cow":134,"stat.useItem.minecraft.crafting_table":1,"stat.killEntity.Pig":69,"stat.mineBlock.iceandfire.chared_dirt":2,"stat.craftItem.minecraft.iron_sword":3,"stat.walkOneCm":2645798,"stat.playerKills":4,"stat.pickup.minecraft.stick":30,"stat.pickup.minecraft.spectral_arrow":4,"stat.craftItem.minecraft.diamond_boots":1,"stat.pickup.minecraft.tnt":21,"stat.drop.minecraft.leather_chestplate":2,"stat.pickup.minecraft.stone":335,"stat.mineBlock.minecraft.wool":1,"stat.pickup.zoocraftdiscoveries.seed_coriander":2,"stat.killEntity.futuremc:salmon":2,"stat.pickup.minecraft.gold_ingot":3,"stat.killEntity.Skeleton":610,"stat.drop.iceandfire.myrmex_desert_chitin":8,"stat.drop.iceandfire.ash":1,"stat.drop.minecraft.crafting_table":1,"stat.killEntity.Spider":121,"stat.mineBlock.minecraft.quartz_ore":13,"stat.pickup.minecraft.quartz":14,"stat.craftItem.minecraft.fence":36,"stat.pickup.minecraft.golden_shovel":2,"stat.mineBlock.minecraft.leaves":22,"stat.mineBlock.minecraft.redstone_ore":25,"stat.pickup.minecraft.lava_bucket":1,"stat.craftItem.iceandfire.armor_green_boots":1,"stat.mineBlock.minecraft.stone":2760}