{"stat.useItem.minecraft.bow":1,"stat.pickup.minecraft.bone":25,"stat.killEntity.zoocraftdiscoveries.rhino":1,"stat.leaveGame":4,"stat.mineBlock.minecraft.cobblestone":1,"stat.pickup.minecraft.stone_pickaxe":2,"stat.pickup.minecraft.flint":1,"stat.useItem.minecraft.soul_sand":2,"stat.pickup.minecraft.leather_chestplate":2,"stat.pickup.tombstone.familiar_stone":3,"stat.killEntity.Blaze":12,"stat.mineBlock.minecraft.sandstone":4,"stat.swimOneCm":19477,"stat.craftItem.minecraft.shield":1,"stat.climbOneCm":5810,"stat.pickup.minecraft.enchanted_book":1,"stat.useItem.minecraft.planks":1,"stat.drop.minecraft.cobblestone":4,"stat.pickup.minecraft.glowstone_dust":44,"stat.useItem.minecraft.dirt":5,"stat.pickup.zoocraftdiscoveries.seed_basil":1,"stat.useItem.minecraft.stone_slab2":42,"stat.pickup.minecraft.bow":1,"stat.pickup.minecraft.iron_boots":2,"stat.useItem.minecraft.water_bucket":32,"stat.pickup.minecraft.rotten_flesh":74,"stat.killEntity.deathworm":1,"stat.drop.minecraft.poisonous_potato":2,"stat.pickup.minecraft.diamond_horse_armor":2,"stat.pickup.minecraft.sand":23,"stat.craftItem.minecraft.furnace":4,"stat.craftItem.minecraft.stone_axe":1,"stat.craftItem.minecraft.iron_boots":1,"stat.pickup.iceandfire.witherbone":7,"stat.pickup.minecraft.bucket":3,"stat.craftItem.minecraft.stone_pickaxe":1,"stat.craftItem.minecraft.cooked_beef":5,"stat.killEntity.Enderman":2,"stat.pickup.minecraft.cobblestone":79,"stat.flyOneCm":819683,"stat.pickup.minecraft.soul_sand":10,"stat.pickup.minecraft.sandstone":9,"stat.entityKilledBy.firedragon":1,"stat.mineBlock.minecraft.sand":7,"stat.killEntity.Witch":2,"stat.useItem.minecraft.cooked_beef":5,"stat.pickup.minecraft.cactus":1,"stat.pickup.minecraft.redstone":1,"stat.mineBlock.minecraft.iron_ore":44,"stat.timeSinceDeath":3111,"stat.pickup.zoocraftdiscoveries.gemsbok_leather":1,"stat.useItem.minecraft.iron_pickaxe":250,"stat.craftItem.minecraft.wooden_pickaxe":1,"stat.drop.minecraft.spider_eye":2,"stat.pickup.minecraft.mutton":9,"stat.craftItem.minecraft.bed":1,"stat.useItem.minecraft.potato":34,"stat.mineBlock.minecraft.vine":1,"stat.drop.zoocraftdiscoveries.seed_basil":1,"stat.pickup.minecraft.chainmail_helmet":2,"stat.pickup.minecraft.nether_wart":20,"stat.furnaceInteraction":69,"stat.killEntity.zoocraftdiscoveries.gemsbok":2,"tombstone:tomb_raiding":2,"stat.mineBlock.minecraft.coal_ore":37,"stat.drop.minecraft.wool":1,"stat.mineBlock.minecraft.nether_brick":57,"stat.killEntity.Creeper":3,"stat.pickup.minecraft.shield":4,"stat.pickup.minecraft.nether_brick":53,"stat.drop.minecraft.baked_potato":7,"stat.pickup.minecraft.wooden_sword":3,"stat.pickup.minecraft.string":10,"stat.pickup.minecraft.beef":5,"stat.useItem.minecraft.cooked_mutton":11,"stat.pickup.minecraft.furnace":8,"stat.pickup.tombstone.crafting_ingredient":7,"stat.craftItem.minecraft.stone_slab2":0,"stat.sprintOneCm":485538,"stat.pickup.minecraft.iron_chestplate":2,"stat.pickup.minecraft.skull":1,"stat.craftItem.minecraft.stick":24,"stat.pickup.tombstone.magic_scroll":2,"stat.useItem.tombstone.magic_scroll":2,"stat.useItem.minecraft.flint_and_steel":26,"stat.mineBlock.minecraft.crafting_table":7,"stat.killEntity.Husk":6,"stat.useItem.minecraft.carrot":46,"stat.pickup.minecraft.golden_horse_armor":5,"stat.pickup.minecraft.saddle":4,"stat.mineBlock.minecraft.soul_sand":5,"stat.useItem.minecraft.bucket":44,"stat.deaths":5,"stat.drop":23,"stat.playOneMinute":165094,"stat.pickup.minecraft.blaze_rod":4,"stat.killEntity.Sheep":5,"stat.useItem.minecraft.nether_brick":52,"stat.craftItem.minecraft.iron_pickaxe":1,"stat.pickup.zoocraftdiscoveries.seed_sage":2,"stat.killEntity.Zombie":16,"stat.pickup.minecraft.iron_bars":12,"stat.drop.minecraft.torch":13,"stat.mineBlock.minecraft.gold_ore":1,"stat.mineBlock.minecraft.tallgrass":21,"stat.craftItem.minecraft.cooked_mutton":9,"stat.pickup.minecraft.netherrack":153,"stat.diveOneCm":16263,"stat.pickup.minecraft.cooked_mutton":5,"stat.chestOpened":13,"stat.mineBlock.minecraft.netherrack":147,"stat.pickup.minecraft.gravel":4,"stat.pickup.minecraft.arrow":7,"stat.pickup.iceandfire.blindfold":3,"stat.pickup.minecraft.stone_axe":1,"stat.pickup.minecraft.obsidian":6,"stat.useItem.minecraft.rotten_flesh":3,"stat.jump":3799,"stat.useItem.minecraft.sand":4,"stat.pickup.minecraft.coal":74,"stat.pickup.minecraft.iron_helmet":2,"stat.fallOneCm":87821,"stat.drop.minecraft.dye":2,"stat.pickup.minecraft.carrot":52,"stat.useItem.minecraft.stone_axe":47,"stat.pickup.minecraft.gunpowder":1,"stat.crouchOneCm":40540,"stat.pickup.minecraft.spider_eye":2,"stat.craftItem.minecraft.torch":92,"stat.craftItem.minecraft.iron_ingot":37,"stat.craftItem.minecraft.chest":2,"stat.pickup.minecraft.dirt":11,"stat.craftItem.minecraft.iron_helmet":1,"stat.pickup.minecraft.red_mushroom":1,"stat.craftingTableInteraction":21,"stat.pickup.minecraft.iron_ore":48,"stat.pickup.minecraft.gold_ore":1,"stat.craftItem.minecraft.flint_and_steel":1,"stat.mineBlock.minecraft.log2":2,"stat.damageTaken":-2147480032,"stat.pickup.minecraft.leather":5,"stat.mineBlock.minecraft.furnace":8,"stat.mineBlock.minecraft.torch":2,"stat.useItem.minecraft.wooden_pickaxe":10,"stat.useItem.minecraft.furnace":2,"stat.pickup.minecraft.log2":1,"stat.pickup.minecraft.dye":4,"stat.pickup.minecraft.planks":58,"stat.pickup.minecraft.reeds":6,"stat.pickup.minecraft.iron_leggings":2,"tombstone:undead_killed":41,"stat.pickup.minecraft.potato":57,"stat.entityKilledBy.Zombie":1,"stat.mineBlock.minecraft.gravel":7,"stat.useItem.minecraft.stone_pickaxe":131,"stat.craftItem.minecraft.iron_leggings":1,"stat.damageDealt":14480,"stat.sleepInBed":5,"stat.craftItem.minecraft.baked_potato":18,"stat.killEntity.Cow":3,"stat.mineBlock.minecraft.dirt":9,"stat.useItem.minecraft.crafting_table":1,"stat.craftItem.minecraft.iron_sword":1,"stat.pickup.minecraft.poisonous_potato":2,"stat.craftItem.minecraft.leather":1,"stat.walkOneCm":407911,"stat.useItem.minecraft.torch":62,"stat.playerKills":3,"stat.pickup.minecraft.stick":8,"stat.pickup.minecraft.crafting_table":9,"stat.useItem.minecraft.cobblestone":25,"stat.craftItem.minecraft.crafting_table":1,"stat.useItem.minecraft.gravel":2,"stat.useItem.minecraft.lava_bucket":11,"stat.craftItem.minecraft.spectral_arrow":4,"stat.pickup.minecraft.log":28,"stat.pickup.minecraft.iron_pickaxe":3,"stat.useItem.tombstone.gift":2,"stat.pickup.minecraft.tnt":3,"stat.drop.minecraft.carrot":1,"stat.pickup.minecraft.stone":2,"stat.craftItem.minecraft.iron_chestplate":1,"stat.mineBlock.minecraft.wool":1,"stat.pickup.minecraft.baked_potato":11,"stat.pickup.minecraft.chicken":2,"stat.pickup.minecraft.ender_pearl":1,"stat.useItem.minecraft.netherrack":145,"stat.killEntity.Skeleton":13,"stat.craftItem.minecraft.bucket":1,"stat.craftItem.minecraft.planks":28,"stat.useItem.minecraft.iron_sword":243,"stat.pickup.minecraft.diamond_helmet":3,"stat.drop.minecraft.crafting_table":1,"stat.killEntity.Spider":2,"stat.killEntity.WitherSkeleton":6,"stat.pickup.zoocraftdiscoveries.seed_thyme":1,"stat.pickup.minecraft.stone_sword":1,"stat.mineBlock.minecraft.glowstone":16,"stat.mobKills":88,"stat.mineBlock.minecraft.log":6,"stat.drop.tombstone.magic_scroll":1,"stat.pickup.minecraft.iron_horse_armor":2,"stat.pickup.minecraft.torch":2,"stat.sneakTime":13054,"stat.pickup.minecraft.wool":6,"stat.useItem.minecraft.baked_potato":22,"stat.killEntity.zoocraftdiscoveries.porcupine":2,"stat.mineBlock.minecraft.stone":89}