{"stat.pickup.minecraft.bone":13,"stat.killEntity.zoocraftdiscoveries.rhino":1,"stat.useItem.minecraft.iron_axe":5,"stat.mineBlock.minecraft.cobblestone":8,"stat.craftItem.minecraft.iron_axe":1,"stat.killEntity.Blaze":10,"stat.pickup.iceandfire.deathworm_chitin":6,"stat.useItem.minecraft.mutton":3,"stat.killEntity.PigZombie":2,"stat.swimOneCm":21929,"stat.climbOneCm":1176,"stat.useItem.minecraft.stone_slab2":25,"stat.mineBlock.minecraft.red_mushroom":1,"stat.pickup.minecraft.rotten_flesh":12,"stat.mineBlock.minecraft.nether_brick_fence":1,"stat.killEntity.deathworm":1,"stat.pickup.minecraft.sand":1,"stat.craftItem.minecraft.furnace":3,"stat.craftItem.minecraft.stone_axe":1,"stat.craftItem.minecraft.iron_boots":1,"stat.pickup.iceandfire.witherbone":1,"stat.craftItem.minecraft.stone_pickaxe":2,"stat.craftItem.minecraft.cooked_beef":2,"stat.killEntity.Enderman":1,"stat.pickup.minecraft.cobblestone":53,"stat.flyOneCm":341280,"stat.entityKilledBy.firedragon":1,"stat.useItem.minecraft.cooked_beef":2,"stat.mineBlock.minecraft.iron_ore":27,"stat.timeSinceDeath":3846,"stat.pickup.zoocraftdiscoveries.gemsbok_leather":4,"stat.craftItem.minecraft.wooden_pickaxe":1,"stat.pickup.minecraft.mutton":21,"stat.drop.minecraft.cooked_mutton":4,"stat.craftItem.minecraft.bed":1,"stat.useItem.minecraft.potato":17,"stat.pickup.minecraft.wooden_axe":1,"stat.pickup.minecraft.nether_wart":20,"stat.furnaceInteraction":46,"stat.killEntity.zoocraftdiscoveries.gemsbok":1,"stat.mineBlock.minecraft.coal_ore":56,"stat.pickup.minecraft.shield":1,"stat.pickup.minecraft.nether_brick":2,"stat.pickup.minecraft.string":2,"stat.pickup.minecraft.beef":2,"stat.useItem.minecraft.cooked_mutton":15,"stat.pickup.minecraft.furnace":4,"stat.pickup.tombstone.crafting_ingredient":5,"stat.entityKilledBy.Skeleton":1,"stat.craftItem.minecraft.stone_slab2":0,"stat.sprintOneCm":446758,"stat.craftItem.minecraft.stick":36,"stat.craftItem.minecraft.wooden_axe":1,"stat.pickup.futuremc.lily_of_the_valley":1,"stat.useItem.minecraft.wheat_seeds":28,"stat.mineBlock.minecraft.crafting_table":7,"stat.killEntity.Husk":3,"stat.useItem.minecraft.carrot":11,"stat.pickup.minecraft.sugar":2,"stat.deaths":6,"stat.drop":8,"stat.playOneMinute":114630,"stat.pickup.minecraft.blaze_rod":6,"stat.killEntity.Sheep":14,"stat.craftItem.minecraft.iron_pickaxe":1,"stat.killEntity.Zombie":5,"stat.pickup.iceandfire.deathworm_tounge":1,"stat.mineBlock.minecraft.tallgrass":10,"stat.craftItem.minecraft.cooked_mutton":18,"stat.pickup.minecraft.netherrack":9,"stat.diveOneCm":30662,"stat.pickup.minecraft.wheat":20,"stat.pickup.minecraft.cooked_mutton":1,"stat.chestOpened":6,"stat.mineBlock.minecraft.netherrack":6,"stat.pickup.minecraft.gravel":1,"stat.pickup.minecraft.arrow":10,"stat.pickup.iceandfire.blindfold":1,"stat.useItem.minecraft.apple":2,"stat.pickup.minecraft.gold_nugget":2,"stat.pickup.zoocraftdiscoveries.seed_mint":1,"stat.jump":2288,"stat.pickup.minecraft.coal":148,"stat.fallOneCm":60039,"stat.pickup.minecraft.iron_ingot":3,"stat.pickup.minecraft.carrot":11,"stat.useItem.minecraft.stone_axe":1,"stat.pickup.minecraft.gunpowder":2,"stat.crouchOneCm":15729,"stat.craftItem.minecraft.torch":68,"stat.craftItem.minecraft.iron_ingot":27,"stat.pickup.minecraft.dirt":3,"stat.craftItem.minecraft.iron_helmet":1,"stat.pickup.minecraft.red_mushroom":1,"stat.craftingTableInteraction":21,"stat.pickup.minecraft.iron_ore":31,"stat.pickup.minecraft.nether_brick_fence":1,"stat.damageTaken":-2147480658,"stat.mineBlock.minecraft.furnace":4,"stat.useItem.minecraft.wooden_pickaxe":3,"stat.useItem.minecraft.furnace":3,"stat.pickup.minecraft.dye":3,"stat.pickup.minecraft.planks":26,"tombstone:undead_killed":18,"stat.pickup.minecraft.wheat_seeds":58,"stat.pickup.minecraft.potato":17,"stat.useItem.minecraft.stone_pickaxe":136,"stat.craftItem.minecraft.iron_leggings":1,"stat.damageDealt":8757,"stat.useItem.minecraft.wool":3,"stat.killEntity.Cow":1,"stat.mineBlock.minecraft.dirt":4,"stat.craftItem.minecraft.iron_sword":1,"stat.walkOneCm":365564,"stat.useItem.minecraft.torch":13,"stat.playerKills":1,"stat.pickup.minecraft.stick":1,"stat.pickup.minecraft.crafting_table":7,"stat.useItem.minecraft.cobblestone":18,"stat.craftItem.minecraft.crafting_table":2,"stat.drop.minecraft.netherrack":4,"stat.pickup.minecraft.log":15,"stat.useItem.tombstone.gift":1,"stat.craftItem.minecraft.iron_chestplate":1,"stat.pickup.minecraft.baked_potato":5,"stat.pickup.zoocraftdiscoveries.seed_coriander":1,"stat.pickup.minecraft.sapling":5,"stat.pickup.minecraft.apple":2,"stat.useItem.minecraft.netherrack":1,"stat.killEntity.Skeleton":4,"stat.pickup.minecraft.record_mellohi":1,"stat.craftItem.minecraft.planks":60,"stat.useItem.minecraft.iron_sword":197,"stat.killEntity.Spider":1,"stat.pickup.zoocraftdiscoveries.seed_thyme":1,"stat.killEntity.WitherSkeleton":4,"stat.mineBlock.minecraft.quartz_ore":1,"stat.mobKills":48,"stat.mineBlock.minecraft.log":13,"stat.pickup.minecraft.quartz":1,"stat.mineBlock.minecraft.leaves":5,"stat.pickup.minecraft.torch":2,"stat.sneakTime":4463,"stat.pickup.minecraft.wool":16,"stat.useItem.minecraft.baked_potato":5,"stat.killEntity.zoocraftdiscoveries.porcupine":1,"stat.useItem.minecraft.wooden_axe":35,"stat.mineBlock.minecraft.stone":36}