{"stat.useItem.minecraft.bow":4,"stat.leaveGame":1,"stat.craftItem.minecraft.iron_axe":1,"stat.killEntity.Blaze":10,"stat.mineBlock.minecraft.sandstone":6,"stat.useItem.minecraft.mutton":3,"stat.killEntity.PigZombie":2,"stat.craftItem.minecraft.shield":2,"stat.mineBlock.minecraft.web":5,"stat.pickup.minecraft.glowstone_dust":1,"stat.pickup.minecraft.porkchop":2,"stat.pickup.minecraft.blaze_powder":2,"stat.mineBlock.minecraft.red_sandstone":2,"stat.mineBlock.minecraft.red_mushroom":1,"stat.pickup.minecraft.rotten_flesh":21,"stat.mineBlock.minecraft.nether_brick_fence":1,"stat.pickup.minecraft.sand":10,"stat.craftItem.minecraft.stone_axe":2,"stat.pickup.iceandfire.witherbone":1,"stat.killEntity.Enderman":2,"stat.craftItem.minecraft.stone_sword":1,"stat.entityKilledBy.firedragon":1,"stat.pickup.minecraft.chainmail_chestplate":1,"stat.mineBlock.minecraft.sand":5,"stat.pickup.iceandfire.ash":1,"stat.killEntity.Witch":1,"stat.pickup.zoocraftdiscoveries.gemsbok_leather":4,"stat.useItem.minecraft.iron_pickaxe":73,"stat.craftItem.minecraft.wooden_pickaxe":2,"stat.drop.minecraft.cooked_mutton":5,"stat.craftItem.minecraft.bed":1,"stat.furnaceInteraction":64,"stat.killEntity.zoocraftdiscoveries.gemsbok":1,"stat.pickup.minecraft.nether_brick":2,"stat.pickup.minecraft.beef":2,"stat.useItem.minecraft.cooked_mutton":16,"stat.pickup.minecraft.furnace":4,"stat.pickup.minecraft.skull":1,"stat.mineBlock.iceandfire.ash":2,"stat.pickup.minecraft.potion":1,"stat.pickup.futuremc.lily_of_the_valley":1,"stat.useItem.minecraft.wheat_seeds":28,"stat.killEntity.Husk":6,"stat.deaths":13,"stat.playOneMinute":216660,"stat.pickup.minecraft.blaze_rod":6,"stat.craftItem.minecraft.iron_pickaxe":2,"stat.mineBlock.minecraft.tallgrass":10,"stat.craftItem.minecraft.cooked_mutton":19,"stat.pickup.minecraft.netherrack":9,"stat.pickup.minecraft.cooked_mutton":2,"stat.chestOpened":51,"stat.useItem.minecraft.stone":4,"stat.mineBlock.minecraft.netherrack":6,"stat.pickup.minecraft.arrow":12,"stat.pickup.iceandfire.blindfold":1,"stat.pickup.minecraft.gold_nugget":2,"stat.pickup.zoocraftdiscoveries.seed_mint":1,"stat.fallOneCm":85482,"stat.pickup.minecraft.carrot":22,"stat.crouchOneCm":17216,"stat.craftItem.minecraft.iron_ingot":58,"stat.pickup.minecraft.red_mushroom":1,"stat.craftingTableInteraction":44,"stat.pickup.minecraft.nether_brick_fence":1,"stat.mineBlock.minecraft.log2":15,"stat.useItem.minecraft.furnace":3,"stat.pickup.minecraft.dye":3,"stat.pickup.minecraft.planks":26,"stat.pickup.minecraft.wheat_seeds":62,"stat.mineBlock.minecraft.gravel":3,"stat.useItem.minecraft.stone_pickaxe":432,"stat.craftItem.minecraft.iron_leggings":2,"stat.useItem.minecraft.stone_sword":16,"stat.useItem.minecraft.wool":3,"stat.mineBlock.minecraft.dirt":7,"stat.useItem.minecraft.torch":121,"stat.useItem.minecraft.bread":5,"stat.pickup.minecraft.crafting_table":8,"stat.useItem.minecraft.cobblestone":64,"stat.craftItem.minecraft.crafting_table":3,"stat.useItem.minecraft.gravel":1,"stat.pickup.minecraft.log":15,"stat.pickup.minecraft.iron_pickaxe":1,"stat.pickup.minecraft.sapling":6,"stat.pickup.minecraft.apple":2,"stat.drop.minecraft.bow":1,"stat.craftItem.minecraft.planks":120,"stat.useItem.minecraft.iron_sword":260,"stat.killEntity.WitherSkeleton":4,"stat.mineBlock.minecraft.log":13,"stat.sneakTime":5189,"stat.pickup.minecraft.wool":17,"stat.useItem.minecraft.baked_potato":9,"stat.killEntity.zoocraftdiscoveries.porcupine":1,"stat.useItem.minecraft.wooden_axe":51,"stat.useItem.minecraft.beetroot":14,"stat.pickup.minecraft.red_sandstone_stairs":4,"stat.useItem.minecraft.web":4,"stat.pickup.minecraft.bone":14,"stat.killEntity.zoocraftdiscoveries.rhino":1,"stat.useItem.minecraft.iron_axe":11,"stat.mineBlock.minecraft.cobblestone":19,"stat.pickup.minecraft.stone_pickaxe":1,"stat.pickup.minecraft.flint":1,"stat.pickup.iceandfire.deathworm_chitin":6,"stat.swimOneCm":38290,"stat.climbOneCm":3019,"stat.pickup.minecraft.golden_helmet":1,"stat.useItem.minecraft.dirt":2,"stat.useItem.minecraft.stone_slab2":41,"stat.pickup.minecraft.bow":2,"stat.killEntity.deathworm":1,"stat.craftItem.minecraft.furnace":4,"stat.craftItem.minecraft.iron_boots":2,"stat.craftItem.minecraft.stone_pickaxe":5,"stat.craftItem.minecraft.cooked_beef":2,"stat.pickup.minecraft.cobblestone":286,"stat.craftItem.minecraft.bow":2,"stat.flyOneCm":508283,"stat.pickup.minecraft.sandstone":7,"stat.useItem.minecraft.cooked_beef":2,"stat.mineBlock.minecraft.iron_ore":85,"stat.timeSinceDeath":559,"stat.pickup.minecraft.mutton":22,"stat.killEntity.Bat":2,"stat.useItem.minecraft.potato":17,"stat.pickup.minecraft.wooden_axe":1,"stat.pickup.minecraft.nether_wart":20,"stat.useItem.minecraft.cooked_porkchop":2,"stat.mineBlock.minecraft.coal_ore":128,"stat.pickup.minecraft.shield":1,"stat.mineBlock.minecraft.red_sandstone_stairs":6,"stat.pickup.minecraft.string":11,"stat.pickup.tombstone.crafting_ingredient":5,"stat.entityKilledBy.Skeleton":1,"stat.craftItem.minecraft.stone_slab2":0,"stat.sprintOneCm":724943,"stat.craftItem.minecraft.stick":80,"stat.craftItem.minecraft.wooden_axe":1,"stat.mineBlock.minecraft.crafting_table":8,"stat.mineBlock.minecraft.quartz_block":1,"stat.useItem.minecraft.carrot":16,"stat.pickup.minecraft.leather_leggings":1,"stat.pickup.minecraft.sugar":4,"stat.drop":12,"stat.killEntity.Sheep":15,"stat.drop.tombstone.grave_key":2,"stat.killEntity.Zombie":10,"stat.pickup.iceandfire.deathworm_tounge":1,"stat.diveOneCm":35420,"stat.pickup.minecraft.wheat":22,"stat.pickup.minecraft.gravel":3,"stat.craftItem.minecraft.cooked_porkchop":2,"stat.useItem.minecraft.apple":3,"stat.useItem.minecraft.rotten_flesh":4,"stat.jump":3614,"stat.pickup.minecraft.coal":276,"stat.pickup.minecraft.iron_ingot":3,"stat.useItem.minecraft.stone_axe":9,"stat.pickup.minecraft.gunpowder":2,"stat.craftItem.minecraft.bread":5,"stat.pickup.iceandfire.chared_stone":4,"stat.pickup.minecraft.spider_eye":1,"stat.craftItem.minecraft.torch":156,"stat.pickup.minecraft.dirt":8,"stat.craftItem.minecraft.iron_helmet":2,"stat.pickup.minecraft.iron_ore":88,"stat.pickup.minecraft.red_sandstone":1,"stat.mineBlock.minecraft.leaves2":1,"stat.damageTaken":-2147478973,"stat.mineBlock.minecraft.furnace":4,"stat.mineBlock.minecraft.torch":14,"stat.useItem.minecraft.wooden_pickaxe":62,"stat.pickup.minecraft.log2":15,"stat.pickup.zoocraftdiscoveries.seed_saffron":1,"stat.pickup.minecraft.bed":2,"tombstone:undead_killed":29,"stat.pickup.minecraft.quartz_block":1,"stat.pickup.minecraft.potato":17,"stat.entityKilledBy.Zombie":1,"stat.damageDealt":12078,"stat.sleepInBed":5,"stat.killEntity.Cow":1,"stat.killEntity.Pig":2,"stat.craftItem.minecraft.iron_sword":1,"stat.walkOneCm":683609,"stat.playerKills":2,"stat.pickup.minecraft.stick":4,"stat.drop.minecraft.netherrack":4,"stat.useItem.tombstone.gift":1,"stat.pickup.minecraft.stone":35,"stat.craftItem.minecraft.iron_chestplate":2,"stat.pickup.minecraft.baked_potato":12,"stat.pickup.zoocraftdiscoveries.seed_coriander":1,"stat.useItem.minecraft.netherrack":1,"stat.killEntity.Skeleton":7,"stat.pickup.minecraft.record_mellohi":1,"stat.killEntity.Spider":2,"stat.pickup.zoocraftdiscoveries.seed_thyme":1,"stat.mineBlock.minecraft.quartz_ore":1,"stat.mobKills":65,"stat.pickup.minecraft.quartz":1,"stat.entityKilledBy.Husk":1,"stat.pickup.minecraft.golden_shovel":1,"stat.mineBlock.minecraft.leaves":5,"stat.pickup.minecraft.torch":18,"stat.mineBlock.minecraft.stone":294}