{"stat.useItem.minecraft.bow":68,"stat.useItem.iceandfire.fire_dragon_flesh":1,"stat.pickup.iceandfire.fire_dragon_flesh":7,"stat.leaveGame":14,"stat.craftItem.minecraft.iron_axe":2,"stat.killEntity.Blaze":11,"stat.mineBlock.minecraft.sandstone":25,"stat.useItem.minecraft.mutton":3,"stat.killEntity.PigZombie":3,"stat.craftItem.minecraft.shield":8,"stat.mineBlock.minecraft.web":51,"stat.pickup.minecraft.golden_boots":4,"stat.pickup.minecraft.glowstone_dust":1,"stat.pickup.minecraft.porkchop":12,"stat.pickup.minecraft.blaze_powder":2,"stat.mineBlock.minecraft.red_sandstone":2,"stat.mineBlock.minecraft.red_mushroom":1,"stat.useItem.minecraft.water_bucket":20,"stat.pickup.minecraft.rotten_flesh":58,"stat.mineBlock.minecraft.nether_brick_fence":6,"stat.pickup.minecraft.sand":20,"stat.entityKilledBy.Spider":1,"stat.craftItem.minecraft.stone_axe":3,"stat.useItem.minecraft.red_nether_brick":70,"stat.pickup.iceandfire.witherbone":4,"stat.pickup.iceandfire.troll_leather_forest":4,"stat.killEntity.Enderman":2,"stat.entityKilledBy.cyclops":1,"stat.pickup.minecraft.leather_boots":4,"stat.craftItem.minecraft.stone_sword":2,"stat.craftItem.minecraft.iron_shovel":4,"stat.entityKilledBy.firedragon":6,"stat.pickup.minecraft.chainmail_chestplate":2,"stat.mineBlock.minecraft.sand":5,"stat.pickup.iceandfire.ash":2,"stat.killEntity.Witch":1,"stat.pickup.zoocraftdiscoveries.seed_chive":1,"stat.craftItem.iceandfire.silver_ingot":8,"stat.pickup.iceandfire.silver_ingot":8,"stat.pickup.zoocraftdiscoveries.gemsbok_leather":4,"stat.useItem.minecraft.iron_pickaxe":5058,"stat.craftItem.minecraft.wooden_pickaxe":3,"stat.useItem.minecraft.iron_shovel":750,"stat.drop.minecraft.cooked_mutton":5,"stat.craftItem.minecraft.bed":1,"stat.drop.iceandfire.troll_leather_forest":1,"stat.mineBlock.minecraft.vine":3,"stat.furnaceInteraction":167,"stat.useItem.minecraft.golden_carrot":1,"stat.killEntity.zoocraftdiscoveries.gemsbok":1,"stat.killEntity.ZombieVillager":8,"stat.pickup.minecraft.nether_brick":14,"stat.pickup.minecraft.beef":37,"stat.useItem.minecraft.cooked_mutton":46,"stat.pickup.minecraft.furnace":7,"stat.mineBlock.minecraft.end_bricks":4,"stat.pickup.minecraft.leather_helmet":1,"stat.pickup.minecraft.iron_chestplate":4,"stat.pickup.minecraft.skull":1,"stat.pickup.tombstone.magic_scroll":4,"stat.mineBlock.iceandfire.ash":2,"stat.pickup.minecraft.stone_stairs":7,"stat.pickup.minecraft.potion":2,"stat.pickup.futuremc.lily_of_the_valley":1,"stat.useItem.minecraft.wheat_seeds":28,"stat.killEntity.Husk":17,"stat.mineBlock.minecraft.soul_sand":1,"stat.deaths":34,"stat.playOneMinute":802007,"stat.pickup.minecraft.blaze_rod":6,"stat.mineBlock.minecraft.stone_pressure_plate":1,"stat.useItem.minecraft.nether_brick":1,"stat.craftItem.minecraft.iron_pickaxe":21,"stat.pickup.minecraft.iron_bars":4,"stat.drop.minecraft.iron_ingot":20,"stat.drop.minecraft.torch":1,"stat.mineBlock.minecraft.tallgrass":28,"stat.craftItem.minecraft.cooked_mutton":19,"stat.pickup.minecraft.netherrack":16,"stat.pickup.minecraft.cooked_mutton":2,"stat.chestOpened":265,"stat.craftItem.minecraft.sign":3,"stat.useItem.minecraft.stone":14,"stat.mineBlock.minecraft.netherrack":16,"stat.pickup.minecraft.arrow":49,"stat.pickup.iceandfire.blindfold":1,"stat.pickup.minecraft.iron_sword":1,"stat.pickup.minecraft.gold_nugget":2,"stat.drop.minecraft.iron_pickaxe":3,"stat.pickup.zoocraftdiscoveries.seed_mint":2,"stat.fallOneCm":202352,"stat.pickup.minecraft.carrot":49,"stat.crouchOneCm":132214,"stat.craftItem.minecraft.iron_ingot":284,"stat.craftItem.minecraft.chest":5,"stat.pickup.minecraft.red_mushroom":1,"stat.mineBlock.futuremc.lily_of_the_valley":1,"stat.craftingTableInteraction":111,"stat.pickup.minecraft.nether_brick_fence":1,"stat.pickup.iceandfire.silver_ore":30,"stat.mineBlock.minecraft.log2":50,"stat.pickup.minecraft.feather":17,"stat.mineBlock.minecraft.red_nether_brick":94,"stat.useItem.minecraft.furnace":4,"stat.pickup.minecraft.dye":36,"stat.pickup.minecraft.planks":33,"stat.pickup.minecraft.iron_leggings":4,"stat.pickup.minecraft.wheat_seeds":144,"stat.mineBlock.minecraft.gravel":81,"stat.useItem.minecraft.stone_pickaxe":694,"stat.craftItem.minecraft.iron_leggings":4,"stat.useItem.minecraft.stone_sword":50,"stat.useItem.minecraft.wool":3,"stat.mineBlock.minecraft.dirt":808,"stat.pickup.minecraft.poisonous_potato":1,"stat.drop.minecraft.stick":2,"stat.useItem.minecraft.iron_bars":1,"stat.useItem.minecraft.torch":421,"stat.useItem.minecraft.bread":9,"stat.mineBlock.iceandfire.silver_ore":22,"stat.pickup.minecraft.crafting_table":13,"stat.useItem.minecraft.cobblestone":556,"stat.pickup.minecraft.magma":10,"stat.craftItem.minecraft.crafting_table":4,"stat.useItem.minecraft.gravel":2,"stat.pickup.minecraft.log":24,"stat.useItem.minecraft.cooked_fish":2,"stat.pickup.minecraft.iron_pickaxe":5,"stat.pickup.minecraft.chicken":2,"stat.pickup.minecraft.tipped_arrow":14,"stat.pickup.minecraft.sapling":8,"stat.pickup.minecraft.apple":2,"stat.drop.minecraft.bow":2,"stat.pickup.minecraft.beetroot":28,"stat.craftItem.minecraft.bucket":1,"stat.craftItem.minecraft.planks":284,"stat.useItem.minecraft.iron_sword":1665,"stat.pickup.iceandfire.dragonegg_red":1,"stat.pickup.futuremc.cornflower":1,"stat.killEntity.WitherSkeleton":8,"stat.mineBlock.minecraft.log":22,"stat.pickup.minecraft.golden_sword":1,"stat.pickup.minecraft.red_nether_brick":69,"stat.sneakTime":49438,"stat.pickup.minecraft.wool":24,"stat.useItem.minecraft.baked_potato":48,"stat.killEntity.zoocraftdiscoveries.porcupine":2,"stat.useItem.minecraft.wooden_axe":51,"stat.pickup.minecraft.yellow_flower":3,"stat.useItem.minecraft.beetroot":24,"stat.pickup.minecraft.red_sandstone_stairs":4,"stat.useItem.minecraft.web":4,"stat.pickup.minecraft.bone":76,"stat.killEntity.zoocraftdiscoveries.rhino":1,"stat.pickup.minecraft.stone_pressure_plate":3,"stat.useItem.minecraft.iron_axe":77,"stat.mineBlock.minecraft.cobblestone":121,"stat.pickup.minecraft.stone_pickaxe":2,"stat.pickup.minecraft.flint":2,"stat.pickup.minecraft.leather_chestplate":2,"stat.useItem.minecraft.diamond_sword":1,"stat.pickup.iceandfire.deathworm_chitin":6,"stat.swimOneCm":154892,"stat.climbOneCm":13231,"stat.drop.minecraft.cobblestone":2,"stat.pickup.minecraft.cooked_porkchop":2,"stat.pickup.minecraft.golden_helmet":1,"stat.useItem.minecraft.dirt":21,"stat.useItem.minecraft.stone_slab2":138,"stat.pickup.minecraft.bow":9,"stat.pickup.minecraft.iron_boots":6,"stat.killEntity.deathworm":1,"stat.craftItem.minecraft.furnace":5,"stat.craftItem.minecraft.iron_boots":5,"stat.pickup.minecraft.anvil":1,"stat.useItem.minecraft.iron_ore":1,"stat.craftItem.minecraft.stone_pickaxe":7,"stat.craftItem.minecraft.cooked_beef":37,"stat.mineBlock.minecraft.magma":12,"stat.pickup.minecraft.cobblestone":3450,"stat.craftItem.minecraft.bow":2,"stat.pickup.minecraft.diamond_leggings":1,"stat.flyOneCm":1204256,"stat.pickup.minecraft.sandstone":24,"stat.pickup.minecraft.soul_sand":1,"stat.pickup.minecraft.nether_brick_stairs":2,"stat.useItem.minecraft.cooked_beef":4,"stat.pickup.minecraft.redstone":85,"stat.mineBlock.minecraft.iron_ore":313,"stat.timeSinceDeath":12656,"stat.useItem.minecraft.sign":1,"stat.pickup.minecraft.mutton":26,"stat.killEntity.Bat":2,"stat.useItem.minecraft.potato":20,"stat.pickup.minecraft.wooden_axe":1,"stat.mineBlock.minecraft.coal_block":1,"stat.pickup.minecraft.chainmail_helmet":1,"stat.pickup.minecraft.nether_wart":20,"stat.pickup.minecraft.stonebrick":6,"stat.useItem.minecraft.cooked_porkchop":13,"stat.mineBlock.minecraft.coal_ore":274,"stat.mineBlock.minecraft.nether_brick":21,"stat.pickup.minecraft.shield":4,"stat.killEntity.Creeper":2,"stat.drop.minecraft.baked_potato":19,"stat.mineBlock.minecraft.red_sandstone_stairs":6,"stat.pickup.minecraft.string":47,"stat.pickup.tombstone.crafting_ingredient":16,"stat.entityKilledBy.Skeleton":3,"stat.craftItem.minecraft.stone_slab2":0,"stat.pickup.minecraft.sandstone_stairs":2,"stat.sprintOneCm":2100945,"stat.craftItem.minecraft.stick":224,"stat.craftItem.minecraft.wooden_axe":1,"stat.useItem.tombstone.magic_scroll":1,"stat.mineBlock.minecraft.diamond_ore":9,"stat.mineBlock.minecraft.crafting_table":13,"stat.mineBlock.minecraft.quartz_block":1,"stat.useItem.minecraft.carrot":27,"stat.drop.iceandfire.fire_dragon_flesh":1,"stat.pickup.zoocraftdiscoveries.seed_rosemary":2,"stat.pickup.minecraft.diamond_chestplate":1,"stat.pickup.minecraft.leather_leggings":3,"stat.useItem.minecraft.bucket":33,"stat.drop.minecraft.tipped_arrow":1,"stat.pickup.minecraft.sugar":4,"stat.mineBlock.minecraft.planks":1,"stat.drop":82,"stat.killEntity.cyclops":1,"stat.killEntity.Sheep":19,"stat.drop.tombstone.grave_key":4,"stat.pickup.tombstone.grave_key":1,"stat.killEntity.Zombie":141,"stat.pickup.iceandfire.deathworm_tounge":1,"stat.mineBlock.minecraft.gold_ore":15,"stat.diveOneCm":206809,"stat.pickup.minecraft.wheat":46,"stat.mineBlock.minecraft.mossy_cobblestone":3,"stat.pickup.minecraft.gravel":20,"stat.craftItem.minecraft.cooked_porkchop":12,"stat.drop.minecraft.cooked_beef":15,"stat.mineBlock.minecraft.anvil":1,"stat.pickup.minecraft.stone_axe":2,"stat.useItem.minecraft.apple":3,"stat.useItem.minecraft.rotten_flesh":4,"stat.pickup.minecraft.diamond_sword":2,"stat.jump":10363,"stat.useItem.minecraft.sand":9,"stat.pickup.minecraft.coal":427,"stat.pickup.minecraft.iron_ingot":52,"stat.useItem.minecraft.stone_axe":13,"stat.drop.minecraft.diamond_sword":2,"stat.pickup.minecraft.gunpowder":6,"stat.craftItem.minecraft.bread":8,"stat.pickup.iceandfire.chared_stone":4,"stat.pickup.minecraft.spider_eye":9,"stat.craftItem.minecraft.torch":504,"stat.pickup.minecraft.dirt":496,"stat.craftItem.minecraft.iron_helmet":5,"stat.pickup.minecraft.iron_ore":417,"stat.pickup.minecraft.gold_ore":15,"stat.mineBlock.minecraft.iron_bars":5,"stat.mineBlock.minecraft.lapis_ore":5,"stat.pickup.minecraft.red_sandstone":1,"stat.mineBlock.minecraft.leaves2":31,"stat.mineBlock.minecraft.stone_stairs":1,"stat.damageTaken":13234,"stat.pickup.minecraft.leather":21,"stat.mineBlock.minecraft.furnace":7,"stat.mineBlock.minecraft.torch":36,"stat.useItem.minecraft.wooden_pickaxe":121,"stat.pickup.minecraft.log2":44,"stat.mineBlock.minecraft.sandstone_stairs":2,"stat.pickup.zoocraftdiscoveries.seed_saffron":1,"stat.entityKilledBy.ZombieVillager":1,"stat.killEntity.CaveSpider":2,"stat.pickup.minecraft.bed":7,"tombstone:undead_killed":223,"stat.killEntity.hippogryph":2,"stat.pickup.minecraft.quartz_block":1,"stat.pickup.minecraft.potato":54,"stat.entityKilledBy.Zombie":6,"stat.damageDealt":59897,"stat.pickup.iceandfire.chared_grass":3,"stat.sleepInBed":17,"stat.craftItem.minecraft.baked_potato":58,"stat.pickup.minecraft.end_bricks":8,"stat.mineBlock.minecraft.nether_brick_stairs":3,"stat.killEntity.Silverfish":52,"stat.killEntity.Cow":19,"stat.killEntity.Pig":9,"stat.craftItem.minecraft.iron_sword":4,"stat.walkOneCm":2067217,"stat.playerKills":2,"stat.useItem.minecraft.chest":2,"stat.pickup.minecraft.stick":14,"stat.useItem.minecraft.tnt":4,"stat.useItem.minecraft.lava_bucket":13,"stat.drop.minecraft.netherrack":4,"stat.craftItem.minecraft.diamond_boots":1,"stat.useItem.tombstone.gift":3,"stat.pickup.minecraft.tnt":5,"stat.pickup.minecraft.stone":328,"stat.craftItem.minecraft.iron_chestplate":4,"stat.pickup.minecraft.baked_potato":29,"stat.pickup.zoocraftdiscoveries.seed_coriander":1,"stat.killEntity.if_troll":1,"stat.useItem.minecraft.netherrack":2,"stat.killEntity.Stray":1,"stat.killEntity.Skeleton":45,"stat.pickup.minecraft.record_mellohi":1,"stat.mineBlock.minecraft.stonebrick":2,"stat.killEntity.Chicken":2,"stat.killEntity.Spider":30,"stat.pickup.zoocraftdiscoveries.seed_thyme":1,"stat.mineBlock.minecraft.quartz_ore":3,"stat.mobKills":408,"stat.pickup.minecraft.quartz":2,"stat.entityKilledBy.Husk":2,"stat.pickup.minecraft.golden_shovel":2,"stat.pickup.minecraft.diamond":9,"stat.mineBlock.minecraft.leaves":28,"stat.pickup.minecraft.beetroot_seeds":30,"stat.pickup.minecraft.torch":82,"stat.mineBlock.minecraft.redstone_ore":23,"stat.pickup.minecraft.lava_bucket":1,"stat.mineBlock.minecraft.stone":4765,"stat.useItem.minecraft.sandstone":2}