{"stat.useItem.minecraft.bow":33,"stat.leaveGame":4,"stat.craftItem.minecraft.iron_axe":2,"stat.killEntity.Blaze":10,"stat.mineBlock.minecraft.sandstone":25,"stat.useItem.minecraft.mutton":3,"stat.killEntity.PigZombie":2,"stat.craftItem.minecraft.shield":6,"stat.mineBlock.minecraft.web":51,"stat.pickup.minecraft.golden_boots":2,"stat.pickup.minecraft.glowstone_dust":1,"stat.pickup.minecraft.porkchop":12,"stat.pickup.minecraft.blaze_powder":2,"stat.mineBlock.minecraft.red_sandstone":2,"stat.mineBlock.minecraft.red_mushroom":1,"stat.useItem.minecraft.water_bucket":7,"stat.pickup.minecraft.rotten_flesh":31,"stat.mineBlock.minecraft.nether_brick_fence":1,"stat.pickup.minecraft.sand":10,"stat.entityKilledBy.Spider":1,"stat.craftItem.minecraft.stone_axe":3,"stat.pickup.iceandfire.witherbone":2,"stat.killEntity.Enderman":2,"stat.entityKilledBy.cyclops":1,"stat.pickup.minecraft.leather_boots":2,"stat.craftItem.minecraft.stone_sword":2,"stat.entityKilledBy.firedragon":3,"stat.pickup.minecraft.chainmail_chestplate":1,"stat.mineBlock.minecraft.sand":5,"stat.pickup.iceandfire.ash":1,"stat.killEntity.Witch":1,"stat.craftItem.iceandfire.silver_ingot":8,"stat.pickup.iceandfire.silver_ingot":8,"stat.pickup.zoocraftdiscoveries.gemsbok_leather":4,"stat.useItem.minecraft.iron_pickaxe":1920,"stat.craftItem.minecraft.wooden_pickaxe":3,"stat.drop.minecraft.cooked_mutton":5,"stat.craftItem.minecraft.bed":1,"stat.furnaceInteraction":165,"stat.useItem.minecraft.golden_carrot":1,"stat.killEntity.zoocraftdiscoveries.gemsbok":1,"stat.killEntity.ZombieVillager":5,"stat.pickup.minecraft.nether_brick":6,"stat.pickup.minecraft.beef":37,"stat.useItem.minecraft.cooked_mutton":16,"stat.pickup.minecraft.furnace":6,"stat.mineBlock.minecraft.end_bricks":4,"stat.pickup.minecraft.iron_chestplate":4,"stat.pickup.minecraft.skull":1,"stat.pickup.tombstone.magic_scroll":2,"stat.mineBlock.iceandfire.ash":2,"stat.pickup.minecraft.potion":1,"stat.pickup.futuremc.lily_of_the_valley":1,"stat.useItem.minecraft.wheat_seeds":28,"stat.killEntity.Husk":7,"stat.deaths":21,"stat.playOneMinute":491096,"stat.pickup.minecraft.blaze_rod":6,"stat.useItem.minecraft.nether_brick":1,"stat.craftItem.minecraft.iron_pickaxe":10,"stat.drop.minecraft.iron_ingot":19,"stat.mineBlock.minecraft.tallgrass":23,"stat.craftItem.minecraft.cooked_mutton":19,"stat.pickup.minecraft.netherrack":14,"stat.pickup.minecraft.cooked_mutton":2,"stat.chestOpened":141,"stat.useItem.minecraft.stone":12,"stat.mineBlock.minecraft.netherrack":11,"stat.pickup.minecraft.arrow":38,"stat.pickup.iceandfire.blindfold":1,"stat.pickup.minecraft.gold_nugget":2,"stat.drop.minecraft.iron_pickaxe":1,"stat.pickup.zoocraftdiscoveries.seed_mint":2,"stat.fallOneCm":141453,"stat.pickup.minecraft.carrot":47,"stat.crouchOneCm":39866,"stat.craftItem.minecraft.iron_ingot":284,"stat.craftItem.minecraft.chest":2,"stat.pickup.minecraft.red_mushroom":1,"stat.craftingTableInteraction":86,"stat.pickup.minecraft.nether_brick_fence":1,"stat.pickup.iceandfire.silver_ore":30,"stat.mineBlock.minecraft.log2":37,"stat.pickup.minecraft.feather":17,"stat.useItem.minecraft.furnace":4,"stat.pickup.minecraft.dye":36,"stat.pickup.minecraft.planks":29,"stat.pickup.minecraft.iron_leggings":1,"stat.pickup.minecraft.wheat_seeds":144,"stat.mineBlock.minecraft.gravel":33,"stat.useItem.minecraft.stone_pickaxe":694,"stat.craftItem.minecraft.iron_leggings":4,"stat.useItem.minecraft.stone_sword":50,"stat.useItem.minecraft.wool":3,"stat.mineBlock.minecraft.dirt":77,"stat.pickup.minecraft.poisonous_potato":1,"stat.useItem.minecraft.torch":401,"stat.useItem.minecraft.bread":8,"stat.mineBlock.iceandfire.silver_ore":22,"stat.pickup.minecraft.crafting_table":11,"stat.useItem.minecraft.cobblestone":124,"stat.craftItem.minecraft.crafting_table":4,"stat.useItem.minecraft.gravel":2,"stat.pickup.minecraft.log":24,"stat.useItem.minecraft.cooked_fish":2,"stat.pickup.minecraft.iron_pickaxe":3,"stat.pickup.minecraft.chicken":2,"stat.pickup.minecraft.sapling":7,"stat.pickup.minecraft.apple":2,"stat.drop.minecraft.bow":1,"stat.pickup.minecraft.beetroot":28,"stat.craftItem.minecraft.bucket":1,"stat.craftItem.minecraft.planks":248,"stat.useItem.minecraft.iron_sword":683,"stat.pickup.futuremc.cornflower":1,"stat.killEntity.WitherSkeleton":6,"stat.mineBlock.minecraft.log":22,"stat.sneakTime":14138,"stat.pickup.minecraft.wool":21,"stat.useItem.minecraft.baked_potato":48,"stat.killEntity.zoocraftdiscoveries.porcupine":2,"stat.useItem.minecraft.wooden_axe":51,"stat.useItem.minecraft.beetroot":24,"stat.pickup.minecraft.red_sandstone_stairs":4,"stat.useItem.minecraft.web":4,"stat.pickup.minecraft.bone":53,"stat.killEntity.zoocraftdiscoveries.rhino":1,"stat.useItem.minecraft.iron_axe":55,"stat.mineBlock.minecraft.cobblestone":43,"stat.pickup.minecraft.stone_pickaxe":2,"stat.pickup.minecraft.flint":1,"stat.pickup.minecraft.leather_chestplate":1,"stat.pickup.iceandfire.deathworm_chitin":6,"stat.swimOneCm":85402,"stat.climbOneCm":3019,"stat.drop.minecraft.cobblestone":2,"stat.pickup.minecraft.golden_helmet":1,"stat.useItem.minecraft.dirt":14,"stat.useItem.minecraft.stone_slab2":97,"stat.pickup.minecraft.bow":5,"stat.pickup.minecraft.iron_boots":4,"stat.killEntity.deathworm":1,"stat.craftItem.minecraft.furnace":5,"stat.craftItem.minecraft.iron_boots":4,"stat.pickup.minecraft.anvil":1,"stat.useItem.minecraft.iron_ore":1,"stat.craftItem.minecraft.stone_pickaxe":7,"stat.craftItem.minecraft.cooked_beef":37,"stat.pickup.minecraft.cobblestone":1401,"stat.craftItem.minecraft.bow":2,"stat.pickup.minecraft.diamond_leggings":1,"stat.flyOneCm":883892,"stat.pickup.minecraft.sandstone":24,"stat.pickup.minecraft.nether_brick_stairs":1,"stat.useItem.minecraft.cooked_beef":2,"stat.pickup.minecraft.redstone":85,"stat.mineBlock.minecraft.iron_ore":313,"stat.timeSinceDeath":1082,"stat.pickup.minecraft.mutton":22,"stat.killEntity.Bat":2,"stat.useItem.minecraft.potato":19,"stat.pickup.minecraft.wooden_axe":1,"stat.pickup.minecraft.chainmail_helmet":1,"stat.pickup.minecraft.nether_wart":20,"stat.useItem.minecraft.cooked_porkchop":8,"stat.mineBlock.minecraft.coal_ore":271,"stat.mineBlock.minecraft.nether_brick":8,"stat.pickup.minecraft.shield":3,"stat.killEntity.Creeper":2,"stat.drop.minecraft.baked_potato":19,"stat.mineBlock.minecraft.red_sandstone_stairs":6,"stat.pickup.minecraft.string":41,"stat.pickup.tombstone.crafting_ingredient":11,"stat.entityKilledBy.Skeleton":1,"stat.craftItem.minecraft.stone_slab2":0,"stat.pickup.minecraft.sandstone_stairs":2,"stat.sprintOneCm":1340974,"stat.craftItem.minecraft.stick":188,"stat.craftItem.minecraft.wooden_axe":1,"stat.mineBlock.minecraft.diamond_ore":9,"stat.mineBlock.minecraft.crafting_table":11,"stat.mineBlock.minecraft.quartz_block":1,"stat.useItem.minecraft.carrot":27,"stat.pickup.zoocraftdiscoveries.seed_rosemary":1,"stat.pickup.minecraft.diamond_chestplate":1,"stat.pickup.minecraft.leather_leggings":1,"stat.useItem.minecraft.bucket":8,"stat.pickup.minecraft.sugar":4,"stat.drop":54,"stat.killEntity.cyclops":1,"stat.killEntity.Sheep":15,"stat.drop.tombstone.grave_key":3,"stat.killEntity.Zombie":33,"stat.pickup.iceandfire.deathworm_tounge":1,"stat.mineBlock.minecraft.gold_ore":15,"stat.diveOneCm":90270,"stat.pickup.minecraft.wheat":46,"stat.pickup.minecraft.gravel":12,"stat.craftItem.minecraft.cooked_porkchop":12,"stat.mineBlock.minecraft.anvil":1,"stat.pickup.minecraft.stone_axe":1,"stat.useItem.minecraft.apple":3,"stat.useItem.minecraft.rotten_flesh":4,"stat.jump":7039,"stat.pickup.minecraft.coal":422,"stat.pickup.minecraft.iron_ingot":52,"stat.useItem.minecraft.stone_axe":13,"stat.pickup.minecraft.gunpowder":6,"stat.craftItem.minecraft.bread":8,"stat.pickup.iceandfire.chared_stone":4,"stat.pickup.minecraft.spider_eye":8,"stat.craftItem.minecraft.torch":488,"stat.pickup.minecraft.dirt":51,"stat.craftItem.minecraft.iron_helmet":4,"stat.pickup.minecraft.iron_ore":417,"stat.pickup.minecraft.gold_ore":15,"stat.mineBlock.minecraft.lapis_ore":5,"stat.pickup.minecraft.red_sandstone":1,"stat.mineBlock.minecraft.leaves2":5,"stat.damageTaken":-2147475237,"stat.pickup.minecraft.leather":21,"stat.mineBlock.minecraft.furnace":6,"stat.mineBlock.minecraft.torch":28,"stat.useItem.minecraft.wooden_pickaxe":121,"stat.pickup.minecraft.log2":38,"stat.mineBlock.minecraft.sandstone_stairs":2,"stat.pickup.zoocraftdiscoveries.seed_saffron":1,"stat.killEntity.CaveSpider":2,"stat.pickup.minecraft.bed":6,"tombstone:undead_killed":86,"stat.killEntity.hippogryph":2,"stat.pickup.minecraft.quartz_block":1,"stat.pickup.minecraft.potato":54,"stat.entityKilledBy.Zombie":3,"stat.damageDealt":28583,"stat.sleepInBed":10,"stat.craftItem.minecraft.baked_potato":58,"stat.pickup.minecraft.end_bricks":8,"stat.mineBlock.minecraft.nether_brick_stairs":3,"stat.killEntity.Cow":19,"stat.killEntity.Pig":9,"stat.craftItem.minecraft.iron_sword":4,"stat.walkOneCm":1297260,"stat.playerKills":2,"stat.useItem.minecraft.chest":1,"stat.pickup.minecraft.stick":12,"stat.drop.minecraft.netherrack":4,"stat.craftItem.minecraft.diamond_boots":1,"stat.useItem.tombstone.gift":3,"stat.pickup.minecraft.stone":298,"stat.craftItem.minecraft.iron_chestplate":4,"stat.pickup.minecraft.baked_potato":29,"stat.pickup.zoocraftdiscoveries.seed_coriander":1,"stat.useItem.minecraft.netherrack":2,"stat.killEntity.Skeleton":33,"stat.pickup.minecraft.record_mellohi":1,"stat.killEntity.Chicken":2,"stat.killEntity.Spider":16,"stat.pickup.zoocraftdiscoveries.seed_thyme":1,"stat.mineBlock.minecraft.quartz_ore":2,"stat.mobKills":170,"stat.pickup.minecraft.quartz":2,"stat.entityKilledBy.Husk":1,"stat.pickup.minecraft.golden_shovel":1,"stat.pickup.minecraft.diamond":9,"stat.mineBlock.minecraft.leaves":23,"stat.pickup.minecraft.beetroot_seeds":30,"stat.pickup.minecraft.torch":62,"stat.mineBlock.minecraft.redstone_ore":23,"stat.mineBlock.minecraft.stone":1889,"stat.useItem.minecraft.sandstone":2}