{"stat.useItem.minecraft.bow":383,"stat.drop.iceandfire.dragonbone_sword":2,"stat.pickup.iceandfire.fire_dragon_flesh":35,"stat.leaveGame":54,"stat.mineBlock.minecraft.sandstone":25,"stat.killEntity.PigZombie":7,"stat.craftItem.minecraft.shield":8,"stat.mineBlock.minecraft.web":84,"stat.mineBlock.minecraft.red_sandstone":2,"stat.pickup.minecraft.rotten_flesh":163,"stat.craftItem.minecraft.stone_axe":3,"stat.pickup.iceandfire.witherbone":8,"stat.pickup.iceandfire.chared_cobblestone":8,"stat.pickup.minecraft.bucket":1,"stat.killEntity.Enderman":2,"stat.pickup.minecraft.leather_boots":4,"stat.craftItem.minecraft.iron_shovel":6,"stat.pickup.minecraft.brown_mushroom":1,"stat.killEntity.Witch":4,"stat.pickup.iceandfire.armor_red_boots":1,"stat.craftItem.iceandfire.silver_ingot":8,"stat.pickup.iceandfire.silver_ingot":8,"stat.pickup.zoocraftdiscoveries.gemsbok_leather":4,"stat.useItem.minecraft.iron_pickaxe":5782,"stat.craftItem.minecraft.wooden_pickaxe":3,"stat.useItem.minecraft.iron_shovel":1186,"stat.drop.minecraft.cooked_mutton":5,"stat.pickup.minecraft.double_plant":2,"stat.craftItem.minecraft.bed":1,"stat.craftItem.minecraft.glass_pane":16,"stat.drop.iceandfire.troll_leather_forest":1,"stat.mineBlock.minecraft.vine":3,"stat.furnaceInteraction":241,"stat.useItem.minecraft.golden_carrot":16,"stat.killEntity.ZombieVillager":9,"stat.drop.iceandfire.dragonbone":19,"stat.pickup.minecraft.nether_brick":14,"stat.pickup.minecraft.beef":37,"stat.pickup.minecraft.leather_helmet":1,"stat.mineBlock.minecraft.stained_hardened_clay":1,"stat.pickup.minecraft.potion":7,"stat.useItem.minecraft.flint_and_steel":6,"stat.useItem.minecraft.wheat_seeds":28,"stat.killEntity.Husk":21,"stat.craftItem.securitycraft.laser_block":1,"stat.pickup.minecraft.emerald":3,"stat.useItem.minecraft.dye":17,"stat.deaths":39,"stat.pickup.minecraft.egg":2,"stat.mineBlock.minecraft.stone_pressure_plate":1,"stat.useItem.minecraft.nether_brick":1,"stat.craftItem.minecraft.iron_pickaxe":24,"stat.drop.minecraft.iron_ingot":20,"stat.drop.minecraft.torch":1,"stat.drop.minecraft.glass_bottle":2,"stat.mineBlock.minecraft.tallgrass":42,"stat.craftItem.minecraft.cooked_mutton":20,"stat.pickup.minecraft.cooked_mutton":7,"stat.chestOpened":559,"stat.craftItem.minecraft.sign":3,"stat.useItem.minecraft.stone":20,"stat.pickup.minecraft.arrow":118,"stat.pickup.iceandfire.blindfold":1,"stat.pickup.minecraft.iron_sword":2,"stat.craftItem.iceandfire.armor_red_leggings":1,"stat.pickup.minecraft.gold_nugget":469,"stat.drop.minecraft.iron_pickaxe":4,"stat.pickup.zoocraftdiscoveries.seed_mint":2,"stat.pickup.minecraft.carrot":57,"stat.crouchOneCm":202074,"stat.craftItem.minecraft.iron_ingot":360,"stat.mineBlock.futuremc.lily_of_the_valley":1,"stat.craftingTableInteraction":195,"stat.pickup.minecraft.nether_brick_fence":1,"stat.pickup.iceandfire.silver_ore":42,"stat.pickup.securitycraft.keypad_chest":1,"stat.mineBlock.minecraft.log2":134,"stat.pickup.minecraft.dye":127,"stat.pickup.minecraft.planks":67,"stat.useItem.iceandfire.dragonbone_sword_fire":30,"stat.pickup.minecraft.wheat_seeds":152,"stat.pickup.iceandfire.hydra_fang":8,"stat.pickup.iceandfire.cyclops_eye":1,"stat.pickup.iceandfire.armor_green_helmet":2,"stat.mineBlock.minecraft.dirt":1189,"stat.pickup.minecraft.poisonous_potato":4,"stat.useItem.minecraft.bread":9,"stat.pickup.minecraft.brewing_stand":2,"stat.mineBlock.iceandfire.silver_ore":32,"stat.useItem.minecraft.cobblestone":841,"stat.pickup.minecraft.magma":10,"stat.useItem.minecraft.gravel":2,"stat.mineBlock.minecraft.double_plant":1,"stat.pickup.zoocraftdiscoveries.seed_dill":2,"stat.drop.iceandfire.hydra_fang":4,"stat.pickup.securitycraft.reinforced_stone":8,"stat.pickup.minecraft.iron_pickaxe":11,"stat.craftItem.minecraft.gold_ingot":31,"stat.drop.minecraft.sapling":1,"stat.pickup.minecraft.chicken":2,"stat.pickup.minecraft.tipped_arrow":14,"stat.pickup.iceandfire.fire_dragon_blood":2,"stat.pickup.minecraft.apple":4,"stat.craftItem.minecraft.bucket":1,"stat.craftItem.minecraft.planks":324,"stat.useItem.minecraft.iron_sword":1680,"stat.pickup.iceandfire.dragonegg_red":1,"stat.pickup.futuremc.cornflower":1,"stat.itemEnchanted":8,"stat.pickup.iceandfire.dragonscales_green":13,"stat.useItem.securitycraft.universal_block_remover":9,"stat.mineBlock.minecraft.log":70,"stat.pickup.iceandfire.dragonbone":118,"stat.pickup.minecraft.red_flower":1,"stat.pickup.minecraft.red_nether_brick":69,"stat.pickup.minecraft.wool":29,"stat.killEntity.zoocraftdiscoveries.porcupine":5,"stat.useItem.minecraft.wooden_axe":51,"stat.pickup.minecraft.red_sandstone_stairs":4,"stat.pickup.zoocraftdiscoveries.seed_bay":3,"stat.killEntity.zoocraftdiscoveries.rhino":1,"stat.craftItem.minecraft.diamond_leggings":1,"stat.useItem.minecraft.iron_axe":214,"stat.killEntity.zoocraftdiscoveries.hedgehog":1,"stat.mineBlock.minecraft.cobblestone":255,"stat.pickup.minecraft.stone_pickaxe":3,"stat.pickup.minecraft.flint":2,"stat.mineBlock.iceandfire.chared_stone":11,"stat.pickup.minecraft.leather_chestplate":3,"stat.craftItem.minecraft.wool":2,"stat.pickup.minecraft.enchanted_book":4,"stat.drop.minecraft.cobblestone":11,"stat.pickup.minecraft.cooked_porkchop":10,"stat.useItem.minecraft.stone_slab2":194,"stat.pickup.minecraft.bow":9,"stat.pickup.minecraft.iron_boots":6,"stat.killEntity.deathworm":1,"stat.craftItem.minecraft.furnace":7,"stat.craftItem.minecraft.iron_boots":6,"stat.craftItem.minecraft.cooked_beef":37,"stat.craftItem.minecraft.bow":2,"stat.pickup.minecraft.diamond_leggings":3,"stat.flyOneCm":2594565,"stat.pickup.minecraft.sandstone":24,"stat.pickup.minecraft.nether_brick_stairs":2,"stat.killEntity.zoocraftdiscoveries.anteater":1,"stat.craftItem.minecraft.stained_glass":8,"stat.timeSinceDeath":52592,"stat.pickup.zoocraftdiscoveries.anteater_leather":2,"stat.killEntity.Bat":3,"stat.pickup.travelersbackpack.travelers_backpack":5,"stat.useItem.minecraft.potato":113,"stat.pickup.minecraft.chainmail_helmet":1,"stat.pickup.minecraft.nether_wart":20,"stat.mineBlock.minecraft.coal_ore":337,"stat.pickup.minecraft.shield":5,"stat.killEntity.Creeper":16,"stat.drop.minecraft.baked_potato":19,"stat.pickup.iceandfire.sea_serpent_fang":2,"stat.pickup.minecraft.string":125,"stat.mineBlock.minecraft.ladder":2,"stat.pickup.tombstone.crafting_ingredient":40,"stat.entityKilledBy.Skeleton":3,"stat.sprintOneCm":3779611,"stat.craftItem.minecraft.wooden_axe":1,"stat.useItem.tombstone.magic_scroll":1,"stat.mineBlock.minecraft.diamond_ore":17,"stat.pickup.zoocraftdiscoveries.seed_rosemary":3,"stat.pickup.minecraft.leather_leggings":3,"stat.pickup.minecraft.sugar":4,"stat.drop.tombstone.grave_key":4,"stat.pickup.tombstone.grave_key":1,"stat.killEntity.Zombie":212,"stat.craftItem.minecraft.dye":28,"stat.pickup.iceandfire.deathworm_tounge":1,"stat.pickup.iceandfire.chared_dirt":1,"stat.mineBlock.minecraft.gold_ore":15,"stat.diveOneCm":255569,"stat.pickup.minecraft.wheat":46,"stat.mineBlock.minecraft.mossy_cobblestone":4,"stat.entityKilledBy.seaserpent":1,"stat.pickup.minecraft.sign":1,"stat.pickup.zoocraftdiscoveries.seed_tarragon":2,"stat.pickup.iceandfire.dragonscales_bronze":13,"stat.craftItem.minecraft.cooked_porkchop":12,"stat.pickup.minecraft.stone_axe":2,"stat.pickup.minecraft.obsidian":1,"stat.useItem.minecraft.rotten_flesh":4,"stat.jump":19227,"stat.useItem.minecraft.sand":9,"stat.pickup.minecraft.coal":498,"stat.pickup.minecraft.iron_ingot":86,"stat.drop.minecraft.diamond_sword":2,"stat.pickup.minecraft.gunpowder":13,"stat.pickup.iceandfire.chared_stone":15,"stat.craftItem.minecraft.torch":600,"stat.pickup.minecraft.dirt":906,"stat.pickup.iceandfire.fire_dragon_heart":7,"stat.pickup.minecraft.gold_ore":15,"stat.useItem.minecraft.sapling":6,"stat.mineBlock.minecraft.lapis_ore":10,"stat.pickup.minecraft.red_sandstone":1,"stat.pickup.minecraft.iron_axe":1,"stat.damageTaken":-2147463495,"stat.mineBlock.minecraft.torch":47,"stat.pickup.minecraft.log2":129,"stat.mineBlock.minecraft.sandstone_stairs":2,"stat.pickup.zoocraftdiscoveries.seed_saffron":4,"stat.entityKilledBy.ZombieVillager":1,"stat.pickup.minecraft.bed":10,"stat.killEntity.hippogryph":2,"stat.pickup.minecraft.quartz_block":1,"stat.pickup.minecraft.potato":254,"stat.entityKilledBy.Zombie":6,"stat.pickup.iceandfire.chared_grass":4,"stat.killEntity.Silverfish":52,"stat.craftItem.securitycraft.universal_block_reinforcer_lvl1":1,"stat.useItem.minecraft.chest":3,"stat.useItem.minecraft.tnt":4,"stat.useItem.minecraft.lava_bucket":14,"stat.drop.minecraft.netherrack":4,"stat.useItem.tombstone.gift":3,"stat.craftItem.minecraft.iron_chestplate":4,"stat.pickup.minecraft.baked_potato":29,"stat.killEntity.if_troll":1,"stat.pickup.minecraft.ladder":2,"stat.pickup.minecraft.cooked_beef":73,"stat.useItem.minecraft.netherrack":21,"stat.killEntity.Stray":3,"stat.craftItem.travelersbackpack.sleeping_bag_bottom":1,"stat.mineBlock.minecraft.tnt":1,"stat.mineBlock.minecraft.stonebrick":2,"stat.pickup.zoocraftdiscoveries.seed_thyme":3,"stat.mobKills":765,"stat.pickup.minecraft.diamond_boots":1,"stat.craftItem.minecraft.shears":1,"stat.pickup.minecraft.diamond":17,"stat.pickup.minecraft.beetroot_seeds":30,"stat.pickup.minecraft.torch":153,"stat.killEntity.firedragon":2,"stat.useItem.iceandfire.fire_dragon_flesh":1,"stat.useItem.iceandfire.dragonbone_sword":1382,"stat.pickup.iceandfire.dragonbone_sword":4,"stat.pickup.iceandfire.armor_red_helmet":1,"stat.craftItem.minecraft.iron_axe":2,"stat.killEntity.Blaze":20,"stat.useItem.minecraft.mutton":3,"stat.pickup.minecraft.golden_boots":4,"stat.pickup.minecraft.glowstone_dust":1,"stat.craftItem.iceandfire.armor_green_chestplate":1,"stat.pickup.minecraft.porkchop":12,"stat.pickup.minecraft.blaze_powder":4,"stat.pickup.minecraft.glass":24,"stat.mineBlock.minecraft.red_mushroom":1,"stat.useItem.minecraft.water_bucket":50,"stat.mineBlock.minecraft.nether_brick_fence":6,"stat.drop.minecraft.poisonous_potato":1,"stat.pickup.minecraft.sand":104,"stat.craftItem.minecraft.golden_apple":2,"stat.entityKilledBy.Spider":1,"stat.useItem.minecraft.red_nether_brick":70,"stat.pickup.iceandfire.troll_leather_forest":4,"stat.pickup.iceandfire.armor_red_chestplate":1,"stat.pickup.iceandfire.sea_serpent_scales_deepblue":2,"stat.entityKilledBy.cyclops":1,"stat.craftItem.minecraft.stone_sword":2,"stat.entityKilledBy.firedragon":7,"stat.pickup.minecraft.chainmail_chestplate":3,"stat.pickup.zoocraftdiscoveries.seed_oregano":1,"stat.mineBlock.minecraft.sand":89,"stat.pickup.iceandfire.ash":2,"stat.pickup.zoocraftdiscoveries.seed_chive":2,"stat.hopperInspected":1,"stat.craftItem.securitycraft.reinforced_stone_button":8,"stat.drop.zoocraftdiscoveries.anteater_leather":2,"stat.trappedChestTriggered":3,"stat.killEntity.zoocraftdiscoveries.gemsbok":1,"stat.pickup.iceandfire.dragon_skull":14,"stat.useItem.minecraft.cooked_mutton":46,"stat.pickup.minecraft.furnace":8,"stat.mineBlock.minecraft.end_bricks":4,"stat.craftItem.travelersbackpack.travelers_backpack":2,"stat.pickup.minecraft.iron_chestplate":5,"stat.pickup.minecraft.skull":1,"stat.useItem.minecraft.stone_stairs":33,"stat.pickup.tombstone.magic_scroll":11,"stat.mineBlock.iceandfire.ash":2,"stat.pickup.minecraft.stone_stairs":21,"stat.pickup.futuremc.lily_of_the_valley":3,"stat.pickup.minecraft.golden_carrot":14,"stat.mineBlock.minecraft.soul_sand":1,"stat.craftItem.minecraft.heavy_weighted_pressure_plate":1,"stat.killEntity.if_hydra":1,"stat.playOneMinute":1427224,"stat.pickup.minecraft.blaze_rod":14,"stat.craftItem.securitycraft.keypad_item":1,"stat.mineBlock.minecraft.brown_mushroom_block":1,"stat.pickup.minecraft.iron_bars":14,"stat.pickup.minecraft.netherrack":102,"stat.mineBlock.minecraft.netherrack":17,"stat.craftItem.iceandfire.armor_red_helmet":1,"stat.craftItem.iceandfire.dragonbone_sword":2,"stat.craftItem.minecraft.iron_hoe":1,"stat.useItem.minecraft.experience_bottle":4,"stat.pickup.minecraft.cooked_chicken":2,"stat.fallOneCm":326856,"stat.craftItem.minecraft.chest":8,"stat.pickup.minecraft.red_mushroom":1,"stat.pickup.minecraft.golden_leggings":1,"stat.useItem.minecraft.iron_hoe":8,"stat.craftItem.iceandfire.armor_gray_leggings":1,"stat.pickup.minecraft.feather":21,"stat.mineBlock.minecraft.red_nether_brick":94,"stat.useItem.minecraft.furnace":4,"stat.pickup.iceandfire.dragonscales_red":60,"stat.pickup.minecraft.iron_leggings":4,"stat.mineBlock.minecraft.gravel":82,"stat.useItem.minecraft.stone_pickaxe":704,"stat.craftItem.minecraft.iron_leggings":4,"stat.useItem.minecraft.stone_sword":50,"stat.useItem.minecraft.wool":3,"stat.pickup.minecraft.chainmail_boots":1,"stat.drop.minecraft.stick":2,"stat.useItem.minecraft.iron_bars":1,"stat.pickup.minecraft.flint_and_steel":1,"stat.useItem.minecraft.torch":561,"stat.pickup.minecraft.golden_apple":3,"stat.craftItem.minecraft.redstone_block":1,"stat.craftItem.minecraft.stone_stairs":120,"stat.pickup.minecraft.crafting_table":15,"stat.useItem.minecraft.log":17,"stat.craftItem.minecraft.crafting_table":6,"stat.pickup.minecraft.log":92,"stat.useItem.minecraft.cooked_fish":2,"stat.drop.minecraft.sign":2,"stat.craftItem.minecraft.stone_button":9,"stat.pickup.minecraft.sapling":24,"stat.pickup.iceandfire.dragonscales_gray":27,"stat.drop.minecraft.bow":2,"stat.pickup.minecraft.beetroot":28,"stat.mineBlock.iceandfire.goldpile":60,"stat.pickup.minecraft.diamond_helmet":1,"stat.killEntity.WitherSkeleton":29,"stat.pickup.minecraft.golden_sword":1,"stat.sneakTime":68372,"stat.useItem.minecraft.baked_potato":112,"stat.pickup.minecraft.yellow_flower":4,"stat.useItem.minecraft.beetroot":24,"stat.useItem.minecraft.web":4,"stat.pickup.minecraft.bone":107,"stat.pickup.minecraft.stone_pressure_plate":3,"stat.useItem.minecraft.diamond_sword":169,"stat.pickup.iceandfire.deathworm_chitin":6,"stat.swimOneCm":313218,"stat.climbOneCm":53722,"stat.craftItem.minecraft.gold_block":1,"stat.pickup.minecraft.golden_helmet":1,"stat.useItem.minecraft.dirt":481,"stat.pickup.zoocraftdiscoveries.seed_basil":3,"stat.pickup.minecraft.anvil":1,"stat.useItem.minecraft.iron_ore":1,"stat.craftItem.minecraft.stone_pickaxe":7,"stat.mineBlock.minecraft.magma":12,"stat.pickup.minecraft.cobblestone":3885,"stat.pickup.minecraft.soul_sand":1,"stat.pickup.minecraft.glass_bottle":7,"stat.useItem.minecraft.cooked_beef":45,"stat.pickup.minecraft.redstone":195,"stat.mineBlock.minecraft.iron_ore":390,"stat.useItem.minecraft.sign":1,"stat.pickup.minecraft.mutton":34,"stat.pickup.minecraft.wooden_axe":1,"stat.mineBlock.minecraft.coal_block":1,"stat.pickup.minecraft.stonebrick":6,"stat.drop.minecraft.dirt":95,"stat.useItem.minecraft.cooked_porkchop":13,"stat.pickup.minecraft.iron_shovel":2,"stat.mineBlock.minecraft.nether_brick":21,"stat.mineBlock.minecraft.red_sandstone_stairs":6,"stat.craftItem.iceandfire.armor_red_chestplate":1,"stat.craftItem.minecraft.stone_slab2":0,"stat.pickup.minecraft.sandstone_stairs":2,"stat.craftItem.minecraft.stick":264,"stat.pickup.minecraft.speckled_melon":1,"stat.craftItem.minecraft.stone":16,"stat.mineBlock.minecraft.crafting_table":15,"stat.mineBlock.minecraft.quartz_block":8,"stat.useItem.minecraft.carrot":37,"stat.drop.iceandfire.fire_dragon_flesh":1,"stat.pickup.iceandfire.dragonbone_sword_fire":1,"stat.pickup.minecraft.diamond_chestplate":1,"stat.useItem.minecraft.bucket":71,"stat.drop.minecraft.tipped_arrow":1,"stat.mineBlock.minecraft.planks":1,"stat.drop":221,"stat.killEntity.cyclops":2,"stat.killEntity.Sheep":20,"stat.pickup.zoocraftdiscoveries.seed_sage":3,"stat.pickup.minecraft.golden_chestplate":1,"stat.craftItem.securitycraft.universal_block_remover":1,"stat.pickup.minecraft.gravel":22,"stat.drop.minecraft.cooked_beef":16,"stat.mineBlock.minecraft.anvil":1,"stat.useItem.minecraft.apple":3,"stat.useItem.minecraft.potion":7,"stat.pickup.minecraft.diamond_sword":4,"stat.craftItem.travelersbackpack.backpack_tank":2,"stat.pickup.minecraft.iron_helmet":1,"stat.useItem.minecraft.stone_axe":13,"stat.craftItem.minecraft.bread":8,"stat.pickup.minecraft.spider_eye":12,"stat.craftItem.minecraft.iron_helmet":5,"stat.pickup.minecraft.experience_bottle":4,"stat.pickup.minecraft.iron_ore":493,"stat.boatOneCm":103301,"stat.mineBlock.minecraft.iron_bars":6,"stat.craftItem.minecraft.flint_and_steel":1,"stat.mineBlock.minecraft.leaves2":32,"stat.mineBlock.minecraft.stone_stairs":18,"stat.pickup.minecraft.leather":90,"stat.mineBlock.minecraft.furnace":8,"stat.useItem.minecraft.wooden_pickaxe":121,"stat.dispenserInspected":1,"stat.mineBlock.iceandfire.chared_cobblestone":9,"stat.pickup.minecraft.reeds":2,"stat.killEntity.CaveSpider":8,"tombstone:undead_killed":532,"stat.pickup.minecraft.stained_glass":3,"stat.craftItem.securitycraft.universal_block_modifier":1,"stat.damageDealt":125479,"stat.craftItem.minecraft.glass":23,"stat.sleepInBed":35,"stat.craftItem.minecraft.baked_potato":181,"stat.pickup.minecraft.end_bricks":8,"stat.mineBlock.minecraft.nether_brick_stairs":3,"stat.killEntity.Cow":35,"stat.killEntity.Pig":13,"stat.craftItem.minecraft.iron_sword":4,"stat.walkOneCm":3482592,"stat.playerKills":2,"stat.pickup.minecraft.stick":17,"stat.pickup.zoocraftdiscoveries.seed_lemongrass":1,"stat.craftItem.minecraft.diamond_boots":1,"stat.pickup.minecraft.tnt":5,"stat.pickup.minecraft.stone":366,"stat.pickup.zoocraftdiscoveries.seed_coriander":2,"stat.pickup.minecraft.gold_ingot":38,"stat.killEntity.Skeleton":251,"stat.pickup.minecraft.record_mellohi":1,"stat.killEntity.Chicken":4,"stat.killEntity.Spider":37,"stat.mineBlock.minecraft.quartz_ore":3,"stat.craftItem.iceandfire.armor_red_boots":1,"stat.pickup.minecraft.quartz":6,"stat.entityKilledBy.Husk":2,"stat.useItem.minecraft.golden_apple":1,"stat.pickup.minecraft.golden_shovel":2,"stat.pickup.minecraft.water_bucket":1,"stat.mineBlock.minecraft.leaves":116,"stat.mineBlock.minecraft.redstone_ore":31,"stat.pickup.minecraft.lava_bucket":1,"stat.craftItem.iceandfire.armor_green_boots":1,"stat.mineBlock.minecraft.stone":5123,"stat.useItem.minecraft.sandstone":2}