{"stat.useItem.minecraft.bow":16,"stat.leaveGame":1,"stat.craftItem.minecraft.iron_axe":1,"stat.killEntity.Blaze":10,"stat.mineBlock.minecraft.sandstone":25,"stat.useItem.minecraft.mutton":3,"stat.killEntity.PigZombie":2,"stat.craftItem.minecraft.shield":5,"stat.mineBlock.minecraft.web":5,"stat.pickup.minecraft.glowstone_dust":1,"stat.pickup.minecraft.porkchop":2,"stat.pickup.minecraft.blaze_powder":2,"stat.mineBlock.minecraft.red_sandstone":2,"stat.mineBlock.minecraft.red_mushroom":1,"stat.pickup.minecraft.rotten_flesh":26,"stat.mineBlock.minecraft.nether_brick_fence":1,"stat.pickup.minecraft.sand":10,"stat.entityKilledBy.Spider":1,"stat.craftItem.minecraft.stone_axe":3,"stat.pickup.iceandfire.witherbone":1,"stat.killEntity.Enderman":2,"stat.craftItem.minecraft.stone_sword":2,"stat.entityKilledBy.firedragon":1,"stat.pickup.minecraft.chainmail_chestplate":1,"stat.mineBlock.minecraft.sand":5,"stat.pickup.iceandfire.ash":1,"stat.killEntity.Witch":1,"stat.craftItem.iceandfire.silver_ingot":8,"stat.pickup.iceandfire.silver_ingot":8,"stat.pickup.zoocraftdiscoveries.gemsbok_leather":4,"stat.useItem.minecraft.iron_pickaxe":345,"stat.craftItem.minecraft.wooden_pickaxe":3,"stat.drop.minecraft.cooked_mutton":5,"stat.craftItem.minecraft.bed":1,"stat.furnaceInteraction":90,"stat.killEntity.zoocraftdiscoveries.gemsbok":1,"stat.killEntity.ZombieVillager":4,"stat.pickup.minecraft.nether_brick":2,"stat.pickup.minecraft.beef":2,"stat.useItem.minecraft.cooked_mutton":16,"stat.pickup.minecraft.furnace":4,"stat.mineBlock.minecraft.end_bricks":4,"stat.pickup.minecraft.iron_chestplate":1,"stat.pickup.minecraft.skull":1,"stat.pickup.tombstone.magic_scroll":1,"stat.mineBlock.iceandfire.ash":2,"stat.pickup.minecraft.potion":1,"stat.pickup.futuremc.lily_of_the_valley":1,"stat.useItem.minecraft.wheat_seeds":28,"stat.killEntity.Husk":6,"stat.deaths":17,"stat.playOneMinute":304860,"stat.pickup.minecraft.blaze_rod":6,"stat.craftItem.minecraft.iron_pickaxe":5,"stat.mineBlock.minecraft.tallgrass":18,"stat.craftItem.minecraft.cooked_mutton":19,"stat.pickup.minecraft.netherrack":9,"stat.pickup.minecraft.cooked_mutton":2,"stat.chestOpened":72,"stat.useItem.minecraft.stone":12,"stat.mineBlock.minecraft.netherrack":6,"stat.pickup.minecraft.arrow":30,"stat.pickup.iceandfire.blindfold":1,"stat.pickup.minecraft.gold_nugget":2,"stat.pickup.zoocraftdiscoveries.seed_mint":2,"stat.fallOneCm":106070,"stat.pickup.minecraft.carrot":47,"stat.crouchOneCm":25151,"stat.craftItem.minecraft.iron_ingot":169,"stat.craftItem.minecraft.chest":2,"stat.pickup.minecraft.red_mushroom":1,"stat.craftingTableInteraction":73,"stat.pickup.minecraft.nether_brick_fence":1,"stat.pickup.iceandfire.silver_ore":24,"stat.mineBlock.minecraft.log2":37,"stat.useItem.minecraft.furnace":3,"stat.pickup.minecraft.dye":3,"stat.pickup.minecraft.planks":29,"stat.pickup.minecraft.wheat_seeds":144,"stat.mineBlock.minecraft.gravel":3,"stat.useItem.minecraft.stone_pickaxe":694,"stat.craftItem.minecraft.iron_leggings":4,"stat.useItem.minecraft.stone_sword":50,"stat.useItem.minecraft.wool":3,"stat.mineBlock.minecraft.dirt":22,"stat.pickup.minecraft.poisonous_potato":1,"stat.useItem.minecraft.torch":313,"stat.useItem.minecraft.bread":8,"stat.mineBlock.iceandfire.silver_ore":16,"stat.pickup.minecraft.crafting_table":10,"stat.useItem.minecraft.cobblestone":86,"stat.craftItem.minecraft.crafting_table":4,"stat.useItem.minecraft.gravel":1,"stat.pickup.minecraft.log":24,"stat.useItem.minecraft.cooked_fish":1,"stat.pickup.minecraft.iron_pickaxe":2,"stat.pickup.minecraft.sapling":6,"stat.pickup.minecraft.apple":2,"stat.drop.minecraft.bow":1,"stat.pickup.minecraft.beetroot":28,"stat.craftItem.minecraft.bucket":1,"stat.craftItem.minecraft.planks":244,"stat.useItem.minecraft.iron_sword":320,"stat.killEntity.WitherSkeleton":4,"stat.mineBlock.minecraft.log":22,"stat.sneakTime":9327,"stat.pickup.minecraft.wool":17,"stat.useItem.minecraft.baked_potato":10,"stat.killEntity.zoocraftdiscoveries.porcupine":1,"stat.useItem.minecraft.wooden_axe":51,"stat.useItem.minecraft.beetroot":24,"stat.pickup.minecraft.red_sandstone_stairs":4,"stat.useItem.minecraft.web":4,"stat.pickup.minecraft.bone":31,"stat.killEntity.zoocraftdiscoveries.rhino":1,"stat.useItem.minecraft.iron_axe":11,"stat.mineBlock.minecraft.cobblestone":24,"stat.pickup.minecraft.stone_pickaxe":1,"stat.pickup.minecraft.flint":1,"stat.pickup.iceandfire.deathworm_chitin":6,"stat.swimOneCm":54046,"stat.climbOneCm":3019,"stat.pickup.minecraft.golden_helmet":1,"stat.useItem.minecraft.dirt":7,"stat.useItem.minecraft.stone_slab2":60,"stat.pickup.minecraft.bow":4,"stat.pickup.minecraft.iron_boots":1,"stat.killEntity.deathworm":1,"stat.craftItem.minecraft.furnace":5,"stat.craftItem.minecraft.iron_boots":4,"stat.craftItem.minecraft.stone_pickaxe":7,"stat.craftItem.minecraft.cooked_beef":2,"stat.pickup.minecraft.cobblestone":435,"stat.craftItem.minecraft.bow":2,"stat.flyOneCm":578799,"stat.pickup.minecraft.sandstone":18,"stat.useItem.minecraft.cooked_beef":2,"stat.mineBlock.minecraft.iron_ore":276,"stat.timeSinceDeath":10380,"stat.pickup.minecraft.mutton":22,"stat.killEntity.Bat":2,"stat.useItem.minecraft.potato":17,"stat.pickup.minecraft.wooden_axe":1,"stat.pickup.minecraft.nether_wart":20,"stat.useItem.minecraft.cooked_porkchop":2,"stat.mineBlock.minecraft.coal_ore":255,"stat.mineBlock.minecraft.nether_brick":1,"stat.pickup.minecraft.shield":2,"stat.killEntity.Creeper":2,"stat.mineBlock.minecraft.red_sandstone_stairs":6,"stat.pickup.minecraft.string":14,"stat.pickup.tombstone.crafting_ingredient":7,"stat.entityKilledBy.Skeleton":1,"stat.craftItem.minecraft.stone_slab2":0,"stat.pickup.minecraft.sandstone_stairs":2,"stat.sprintOneCm":862600,"stat.craftItem.minecraft.stick":168,"stat.craftItem.minecraft.wooden_axe":1,"stat.mineBlock.minecraft.crafting_table":10,"stat.mineBlock.minecraft.quartz_block":1,"stat.useItem.minecraft.carrot":23,"stat.pickup.minecraft.leather_leggings":1,"stat.useItem.minecraft.bucket":1,"stat.pickup.minecraft.sugar":4,"stat.drop":13,"stat.killEntity.Sheep":15,"stat.drop.tombstone.grave_key":3,"stat.killEntity.Zombie":14,"stat.pickup.iceandfire.deathworm_tounge":1,"stat.mineBlock.minecraft.gold_ore":3,"stat.diveOneCm":45315,"stat.pickup.minecraft.wheat":46,"stat.pickup.minecraft.gravel":5,"stat.craftItem.minecraft.cooked_porkchop":2,"stat.pickup.minecraft.stone_axe":1,"stat.useItem.minecraft.apple":3,"stat.useItem.minecraft.rotten_flesh":4,"stat.jump":4663,"stat.pickup.minecraft.coal":403,"stat.pickup.minecraft.iron_ingot":19,"stat.useItem.minecraft.stone_axe":13,"stat.pickup.minecraft.gunpowder":6,"stat.craftItem.minecraft.bread":8,"stat.pickup.iceandfire.chared_stone":4,"stat.pickup.minecraft.spider_eye":2,"stat.craftItem.minecraft.torch":424,"stat.pickup.minecraft.dirt":23,"stat.craftItem.minecraft.iron_helmet":4,"stat.pickup.minecraft.iron_ore":349,"stat.pickup.minecraft.gold_ore":3,"stat.pickup.minecraft.red_sandstone":1,"stat.mineBlock.minecraft.leaves2":5,"stat.damageTaken":-2147478085,"stat.mineBlock.minecraft.furnace":4,"stat.mineBlock.minecraft.torch":25,"stat.useItem.minecraft.wooden_pickaxe":121,"stat.pickup.minecraft.log2":37,"stat.mineBlock.minecraft.sandstone_stairs":2,"stat.pickup.zoocraftdiscoveries.seed_saffron":1,"stat.pickup.minecraft.bed":3,"tombstone:undead_killed":50,"stat.pickup.minecraft.quartz_block":1,"stat.pickup.minecraft.potato":51,"stat.entityKilledBy.Zombie":2,"stat.damageDealt":15982,"stat.sleepInBed":5,"stat.craftItem.minecraft.baked_potato":18,"stat.pickup.minecraft.end_bricks":8,"stat.killEntity.Cow":1,"stat.killEntity.Pig":2,"stat.craftItem.minecraft.iron_sword":3,"stat.walkOneCm":910697,"stat.playerKills":2,"stat.useItem.minecraft.chest":1,"stat.pickup.minecraft.stick":4,"stat.drop.minecraft.netherrack":4,"stat.useItem.tombstone.gift":2,"stat.pickup.minecraft.stone":129,"stat.craftItem.minecraft.iron_chestplate":4,"stat.pickup.minecraft.baked_potato":29,"stat.pickup.zoocraftdiscoveries.seed_coriander":1,"stat.useItem.minecraft.netherrack":1,"stat.killEntity.Skeleton":20,"stat.pickup.minecraft.record_mellohi":1,"stat.killEntity.Spider":4,"stat.pickup.zoocraftdiscoveries.seed_thyme":1,"stat.mineBlock.minecraft.quartz_ore":1,"stat.mobKills":92,"stat.pickup.minecraft.quartz":1,"stat.entityKilledBy.Husk":1,"stat.pickup.minecraft.golden_shovel":1,"stat.mineBlock.minecraft.leaves":6,"stat.pickup.minecraft.beetroot_seeds":30,"stat.pickup.minecraft.torch":57,"stat.mineBlock.minecraft.stone":516}