{"stat.mineBlock.iceandfire.chared_grass":2,"stat.leaveGame":11,"stat.craftItem.minecraft.iron_axe":1,"stat.killEntity.Blaze":2,"stat.mineBlock.minecraft.sandstone":10,"stat.mineBlock.minecraft.stained_glass":2,"stat.useItem.minecraft.planks":7,"stat.craftItem.minecraft.shield":1,"stat.pickup.minecraft.glowstone_dust":8,"stat.pickup.minecraft.glass":8,"stat.useItem.minecraft.red_sandstone_stairs":1,"stat.drop.travelersbackpack.travelers_backpack":1,"stat.pickup.minecraft.rotten_flesh":6,"stat.pickup.minecraft.sand":65,"stat.craftItem.minecraft.stone_axe":1,"stat.pickup.iceandfire.chared_cobblestone":9,"stat.pickup.minecraft.cobblestone_wall":1,"stat.craftItem.minecraft.cobblestone_wall":12,"stat.pickup.zoocraftdiscoveries.giraffe_leather":9,"stat.craftItem.minecraft.stone_sword":2,"stat.entityKilledBy.firedragon":3,"stat.mineBlock.minecraft.sand":21,"stat.pickup.zoocraftdiscoveries.seed_chive":1,"stat.pickup.zoocraftdiscoveries.gemsbok_leather":11,"stat.useItem.minecraft.iron_pickaxe":1084,"stat.craftItem.minecraft.wooden_pickaxe":1,"stat.drop.minecraft.cooked_mutton":1,"stat.craftItem.minecraft.bed":1,"stat.furnaceInteraction":79,"stat.killEntity.zoocraftdiscoveries.giraffe":3,"stat.killEntity.zoocraftdiscoveries.gemsbok":4,"stat.pickup.minecraft.nether_brick":1,"stat.pickup.minecraft.beef":6,"stat.useItem.minecraft.cooked_mutton":12,"stat.pickup.minecraft.furnace":5,"stat.craftItem.travelersbackpack.travelers_backpack":1,"stat.craftItem.futuremc.dye":3,"stat.pickup.minecraft.iron_chestplate":2,"stat.useItem.minecraft.stone_stairs":103,"stat.pickup.minecraft.acacia_door":5,"stat.pickup.minecraft.stone_stairs":14,"stat.pickup.minecraft.potion":1,"stat.pickup.futuremc.lily_of_the_valley":3,"stat.useItem.minecraft.wheat_seeds":2,"stat.craftItem.iceandfire.myrmex_desert_boots":1,"stat.deaths":24,"stat.playOneMinute":498926,"stat.craftItem.minecraft.iron_pickaxe":5,"stat.pickup.minecraft.iron_bars":2,"stat.mineBlock.minecraft.tallgrass":33,"stat.craftItem.minecraft.cooked_mutton":9,"stat.pickup.minecraft.netherrack":12,"stat.pickup.minecraft.cooked_mutton":4,"stat.chestOpened":99,"stat.pickup.iceandfire.myrmex_desert_chitin":8,"stat.useItem.minecraft.stone":11,"stat.mineBlock.minecraft.netherrack":10,"stat.pickup.minecraft.arrow":21,"stat.pickup.minecraft.gold_nugget":266,"stat.killEntity.myrmex_royal":1,"stat.pickup.zoocraftdiscoveries.seed_mint":1,"stat.mineBlock.iceandfire.fire_lily":1,"stat.fallOneCm":164995,"stat.drop.minecraft.stone":2,"stat.pickup.minecraft.carrot":22,"stat.crouchOneCm":44454,"stat.craftItem.minecraft.iron_ingot":77,"stat.craftItem.minecraft.chest":7,"stat.mineBlock.futuremc.lily_of_the_valley":4,"stat.craftingTableInteraction":76,"stat.mineBlock.minecraft.log2":39,"stat.pickup.minecraft.feather":4,"stat.useItem.minecraft.furnace":1,"stat.pickup.minecraft.dye":2,"stat.pickup.minecraft.planks":6,"stat.pickup.minecraft.wheat_seeds":4,"stat.mineBlock.minecraft.gravel":9,"stat.useItem.minecraft.stone_pickaxe":913,"stat.useItem.minecraft.stone_sword":56,"stat.craftItem.minecraft.iron_leggings":3,"stat.mineBlock.minecraft.dirt":107,"stat.craftItem.minecraft.leather":23,"stat.useItem.minecraft.torch":202,"stat.useItem.minecraft.bread":2,"stat.craftItem.minecraft.stone_stairs":92,"stat.pickup.minecraft.crafting_table":2,"stat.useItem.minecraft.cobblestone":502,"stat.craftItem.minecraft.crafting_table":4,"stat.mineBlock.minecraft.double_plant":1,"stat.pickup.zoocraftdiscoveries.seed_dill":1,"stat.useItem.toolbelt.belt":2,"stat.killEntity.zoocraftdiscoveries.camel":1,"stat.pickup.minecraft.log":19,"stat.useItem.minecraft.cooked_fish":3,"stat.craftItem.minecraft.gold_ingot":29,"stat.pickup.minecraft.chainmail_leggings":1,"stat.pickup.minecraft.sapling":4,"stat.entityKilledBy.Enderman":1,"stat.pickup.minecraft.apple":1,"stat.pickup.iceandfire.myrmex_stinger":1,"stat.pickup.minecraft.beetroot":16,"stat.craftItem.toolbelt.belt":1,"stat.mineBlock.iceandfire.goldpile":51,"stat.craftItem.minecraft.bucket":2,"stat.craftItem.minecraft.planks":190,"stat.useItem.minecraft.iron_sword":189,"stat.pickup.minecraft.stone_sword":1,"stat.mineBlock.minecraft.log":19,"stat.pickup.minecraft.red_flower":4,"stat.useItem.minecraft.beetroot_seeds":25,"stat.sneakTime":20528,"stat.pickup.minecraft.wool":12,"stat.useItem.minecraft.baked_potato":10,"stat.killEntity.zoocraftdiscoveries.porcupine":3,"stat.useItem.minecraft.wooden_axe":17,"stat.useItem.minecraft.beetroot":11,"stat.pickup.minecraft.red_sandstone_stairs":3,"stat.drop.minecraft.stone_pickaxe":1,"stat.cakeSlicesEaten":8,"stat.pickup.minecraft.bone":9,"stat.mineBlock.minecraft.cobblestone":72,"stat.pickup.minecraft.flint":2,"stat.mineBlock.iceandfire.chared_stone":25,"stat.drop.iceandfire.dragonbone_bow":1,"stat.craftItem.minecraft.wool":2,"stat.pickup.iceandfire.deathworm_chitin":5,"stat.craftItem.minecraft.iron_trapdoor":1,"stat.swimOneCm":62492,"stat.climbOneCm":6191,"stat.pickup.minecraft.enchanted_book":1,"stat.pickup.minecraft.cooked_porkchop":7,"stat.useItem.minecraft.dirt":46,"stat.pickup.zoocraftdiscoveries.seed_basil":1,"stat.useItem.minecraft.stone_slab2":85,"stat.pickup.minecraft.bow":1,"stat.pickup.minecraft.iron_boots":1,"stat.killEntity.deathworm":1,"stat.craftItem.minecraft.furnace":6,"stat.craftItem.minecraft.iron_boots":2,"stat.craftItem.minecraft.stone_pickaxe":9,"stat.craftItem.minecraft.cooked_beef":6,"stat.pickup.minecraft.cobblestone":1530,"stat.flyOneCm":1000805,"stat.pickup.minecraft.sandstone":54,"stat.useItem.iceandfire.chared_stone":48,"stat.pickup.iceandfire.fire_lily":1,"stat.useItem.minecraft.cooked_beef":6,"stat.pickup.zoocraftdiscoveries.camel_leather":3,"stat.mineBlock.minecraft.iron_ore":134,"stat.timeSinceDeath":226693,"stat.craftItem.minecraft.acacia_door":3,"stat.drop.minecraft.spider_eye":1,"stat.pickup.minecraft.mutton":7,"stat.pickup.travelersbackpack.travelers_backpack":4,"stat.useItem.minecraft.potato":62,"stat.useItem.minecraft.cooked_porkchop":7,"stat.mineBlock.minecraft.coal_ore":128,"stat.killEntity.Creeper":1,"stat.pickup.minecraft.shield":1,"stat.pickup.minecraft.wooden_sword":1,"stat.pickup.minecraft.string":8,"stat.pickup.tombstone.crafting_ingredient":1,"stat.entityKilledBy.Skeleton":2,"stat.craftItem.minecraft.stone_slab2":0,"stat.pickup.minecraft.sandstone_stairs":1,"stat.sprintOneCm":1002496,"stat.craftItem.minecraft.stick":100,"stat.mineBlock.minecraft.crafting_table":2,"stat.useItem.minecraft.carrot":20,"stat.pickup.zoocraftdiscoveries.seed_rosemary":2,"stat.useItem.minecraft.bucket":10,"stat.mineBlock.minecraft.planks":6,"stat.drop":12,"stat.useItem.minecraft.wooden_sword":13,"stat.drop.tombstone.grave_key":3,"stat.killEntity.Sheep":5,"stat.killEntity.Zombie":7,"stat.craftItem.minecraft.dye":2,"stat.pickup.iceandfire.chared_dirt":1,"stat.diveOneCm":58634,"stat.entityKilledBy.deathworm":1,"stat.pickup.iceandfire.dragonbone_bow":1,"stat.pickup.minecraft.gravel":14,"stat.useItem.minecraft.apple":1,"stat.craftItem.travelersbackpack.backpack_tank":2,"stat.jump":8503,"stat.useItem.minecraft.sand":27,"stat.pickup.minecraft.coal":242,"stat.pickup.minecraft.iron_ingot":59,"stat.useItem.minecraft.stone_axe":47,"stat.pickup.minecraft.gunpowder":1,"stat.pickup.iceandfire.chared_stone":67,"stat.pickup.minecraft.spider_eye":2,"stat.craftItem.minecraft.torch":172,"stat.pickup.minecraft.dirt":129,"stat.craftItem.minecraft.iron_helmet":2,"stat.pickup.minecraft.iron_ore":153,"stat.pickup.iceandfire.iceandfire.deathworm_egg":1,"stat.pickup.minecraft.red_sandstone":4,"stat.mineBlock.minecraft.leaves2":13,"tombstone:sneak_grave":2,"stat.mineBlock.minecraft.stone_stairs":15,"stat.damageTaken":7511,"stat.pickup.minecraft.leather":5,"stat.mineBlock.minecraft.torch":45,"stat.mineBlock.minecraft.furnace":5,"stat.mineBlock.minecraft.red_flower":2,"stat.useItem.minecraft.wooden_pickaxe":74,"stat.mineBlock.iceandfire.chared_cobblestone":13,"stat.useItem.minecraft.acacia_door":3,"stat.pickup.minecraft.log2":38,"stat.pickup.zoocraftdiscoveries.seed_saffron":1,"stat.entityKilledBy.ZombieVillager":1,"stat.pickup.minecraft.bed":2,"tombstone:undead_killed":12,"stat.killEntity.hippogryph":1,"stat.pickup.minecraft.potato":71,"stat.drop.zoocraftdiscoveries.seed_coriander":2,"stat.damageDealt":7894,"stat.pickup.iceandfire.chared_grass":4,"stat.craftItem.minecraft.glass":17,"stat.sleepInBed":13,"stat.craftItem.minecraft.baked_potato":11,"stat.killEntity.Cow":2,"stat.mineBlock.iceandfire.chared_dirt":1,"stat.walkOneCm":1875089,"stat.playerKills":1,"stat.useItem.minecraft.chest":2,"stat.pickup.zoocraftdiscoveries.seed_lemongrass":2,"stat.useItem.minecraft.lava_bucket":2,"stat.useItem.tombstone.gift":2,"stat.pickup.minecraft.stone":51,"stat.craftItem.minecraft.iron_chestplate":3,"stat.mineBlock.minecraft.wool":1,"stat.pickup.zoocraftdiscoveries.seed_coriander":2,"stat.pickup.minecraft.ladder":1,"stat.useItem.minecraft.netherrack":3,"stat.killEntity.Skeleton":5,"stat.craftItem.travelersbackpack.sleeping_bag_bottom":1,"stat.killEntity.Spider":2,"stat.pickup.zoocraftdiscoveries.seed_thyme":1,"stat.pickup.minecraft.bread":5,"stat.mineBlock.minecraft.glowstone":1,"stat.mobKills":40,"stat.useItem.minecraft.cobblestone_wall":10,"stat.pickup.minecraft.diamond":3,"stat.mineBlock.minecraft.leaves":15,"stat.pickup.minecraft.beetroot_seeds":37,"stat.pickup.minecraft.torch":63,"stat.mineBlock.minecraft.stone":1519,"stat.useItem.minecraft.sandstone":74}