{"stat.pickup.minecraft.bone":2,"stat.mineBlock.iceandfire.chared_grass":2,"stat.leaveGame":4,"stat.mineBlock.minecraft.cobblestone":1,"stat.killEntity.Blaze":2,"stat.pickup.iceandfire.deathworm_chitin":3,"stat.mineBlock.minecraft.sandstone":4,"stat.mineBlock.minecraft.stained_glass":2,"stat.swimOneCm":20354,"stat.useItem.minecraft.planks":2,"stat.climbOneCm":6191,"stat.pickup.minecraft.enchanted_book":1,"stat.pickup.minecraft.glowstone_dust":8,"stat.useItem.minecraft.dirt":3,"stat.pickup.zoocraftdiscoveries.seed_basil":1,"stat.useItem.minecraft.stone_slab2":23,"stat.useItem.minecraft.red_sandstone_stairs":1,"stat.pickup.minecraft.bow":1,"stat.pickup.minecraft.sand":18,"stat.craftItem.minecraft.furnace":1,"stat.craftItem.minecraft.iron_boots":1,"stat.craftItem.minecraft.stone_pickaxe":2,"stat.pickup.minecraft.cobblestone":27,"stat.craftItem.minecraft.stone_sword":2,"stat.flyOneCm":617037,"stat.pickup.minecraft.sandstone":46,"stat.entityKilledBy.firedragon":1,"stat.mineBlock.minecraft.sand":10,"stat.pickup.zoocraftdiscoveries.seed_chive":1,"stat.pickup.iceandfire.fire_lily":1,"stat.mineBlock.minecraft.iron_ore":23,"stat.timeSinceDeath":13626,"stat.pickup.zoocraftdiscoveries.gemsbok_leather":4,"stat.useItem.minecraft.potato":62,"stat.furnaceInteraction":33,"stat.mineBlock.minecraft.coal_ore":30,"stat.killEntity.Creeper":1,"stat.pickup.minecraft.nether_brick":1,"stat.pickup.minecraft.wooden_sword":1,"stat.pickup.minecraft.string":2,"stat.useItem.minecraft.cooked_mutton":5,"stat.pickup.minecraft.furnace":1,"stat.entityKilledBy.Skeleton":1,"stat.craftItem.minecraft.stone_slab2":0,"stat.pickup.minecraft.sandstone_stairs":1,"stat.sprintOneCm":555013,"stat.craftItem.minecraft.stick":16,"stat.pickup.minecraft.potion":1,"stat.useItem.minecraft.wheat_seeds":2,"stat.mineBlock.minecraft.crafting_table":1,"stat.useItem.minecraft.carrot":20,"stat.deaths":18,"stat.drop":7,"stat.playOneMinute":155624,"stat.useItem.minecraft.wooden_sword":13,"stat.drop.tombstone.grave_key":3,"stat.killEntity.Zombie":1,"stat.pickup.minecraft.iron_bars":2,"stat.mineBlock.minecraft.tallgrass":11,"stat.craftItem.minecraft.cooked_mutton":2,"stat.pickup.minecraft.netherrack":12,"stat.diveOneCm":18591,"stat.pickup.minecraft.cooked_mutton":3,"stat.chestOpened":17,"stat.useItem.minecraft.stone":6,"stat.mineBlock.minecraft.netherrack":10,"stat.pickup.minecraft.gravel":1,"stat.pickup.minecraft.arrow":8,"stat.useItem.minecraft.apple":1,"stat.mineBlock.iceandfire.fire_lily":1,"stat.jump":3825,"stat.useItem.minecraft.sand":7,"stat.pickup.minecraft.coal":48,"stat.fallOneCm":93486,"stat.drop.minecraft.stone":2,"stat.pickup.minecraft.carrot":22,"stat.crouchOneCm":7118,"stat.pickup.minecraft.spider_eye":1,"stat.craftItem.minecraft.torch":52,"stat.craftItem.minecraft.iron_ingot":24,"stat.pickup.minecraft.dirt":11,"stat.craftItem.minecraft.iron_helmet":1,"stat.pickup.minecraft.iron_ore":24,"stat.craftingTableInteraction":25,"stat.pickup.minecraft.red_sandstone":4,"stat.mineBlock.minecraft.leaves2":1,"stat.mineBlock.minecraft.log2":6,"stat.damageTaken":4403,"stat.mineBlock.minecraft.torch":18,"stat.mineBlock.minecraft.furnace":1,"stat.useItem.minecraft.wooden_pickaxe":3,"stat.pickup.minecraft.log2":6,"stat.pickup.minecraft.dye":2,"stat.pickup.zoocraftdiscoveries.seed_saffron":1,"stat.entityKilledBy.ZombieVillager":1,"tombstone:undead_killed":1,"stat.pickup.minecraft.wheat_seeds":4,"stat.pickup.minecraft.potato":71,"stat.useItem.minecraft.stone_pickaxe":104,"stat.drop.zoocraftdiscoveries.seed_coriander":2,"stat.useItem.minecraft.stone_sword":56,"stat.craftItem.minecraft.iron_leggings":1,"stat.damageDealt":2166,"stat.pickup.iceandfire.chared_grass":2,"stat.sleepInBed":3,"stat.craftItem.minecraft.baked_potato":3,"stat.mineBlock.minecraft.dirt":6,"stat.mineBlock.iceandfire.chared_dirt":1,"stat.craftItem.minecraft.leather":4,"stat.walkOneCm":777306,"stat.useItem.minecraft.torch":55,"stat.useItem.minecraft.bread":1,"stat.playerKills":1,"stat.pickup.minecraft.crafting_table":1,"stat.useItem.minecraft.cobblestone":11,"stat.craftItem.minecraft.crafting_table":1,"stat.pickup.zoocraftdiscoveries.seed_lemongrass":1,"stat.pickup.minecraft.log":13,"stat.useItem.minecraft.cooked_fish":2,"stat.useItem.tombstone.gift":1,"stat.pickup.minecraft.stone":8,"stat.craftItem.minecraft.iron_chestplate":1,"stat.pickup.zoocraftdiscoveries.seed_coriander":2,"stat.pickup.minecraft.sapling":1,"stat.entityKilledBy.Enderman":1,"stat.pickup.minecraft.apple":1,"stat.pickup.minecraft.ladder":1,"stat.useItem.minecraft.netherrack":3,"stat.pickup.minecraft.beetroot":16,"stat.craftItem.minecraft.planks":30,"stat.pickup.zoocraftdiscoveries.seed_thyme":1,"stat.pickup.minecraft.bread":5,"stat.pickup.minecraft.stone_sword":1,"stat.mineBlock.minecraft.glowstone":1,"stat.mobKills":4,"stat.mineBlock.minecraft.log":13,"stat.mineBlock.minecraft.leaves":4,"stat.pickup.minecraft.beetroot_seeds":37,"stat.pickup.minecraft.torch":28,"stat.pickup.minecraft.red_flower":2,"stat.useItem.minecraft.beetroot_seeds":25,"stat.sneakTime":2536,"stat.useItem.minecraft.baked_potato":2,"stat.useItem.minecraft.wooden_axe":16,"stat.mineBlock.minecraft.stone":24,"stat.useItem.minecraft.beetroot":2,"stat.pickup.minecraft.red_sandstone_stairs":3,"stat.useItem.minecraft.sandstone":11}