{"stat.drop.minecraft.stone_pickaxe":1,"stat.pickup.minecraft.bone":2,"stat.mineBlock.iceandfire.chared_grass":2,"stat.leaveGame":4,"stat.mineBlock.minecraft.cobblestone":41,"stat.pickup.minecraft.flint":1,"stat.mineBlock.iceandfire.chared_stone":5,"stat.killEntity.Blaze":2,"stat.drop.iceandfire.dragonbone_bow":1,"stat.pickup.iceandfire.deathworm_chitin":3,"stat.mineBlock.minecraft.sandstone":10,"stat.mineBlock.minecraft.stained_glass":2,"stat.swimOneCm":28952,"stat.useItem.minecraft.planks":7,"stat.climbOneCm":6191,"stat.pickup.minecraft.enchanted_book":1,"stat.pickup.minecraft.glowstone_dust":8,"stat.pickup.minecraft.cooked_porkchop":3,"stat.useItem.minecraft.dirt":4,"stat.pickup.zoocraftdiscoveries.seed_basil":1,"stat.useItem.minecraft.stone_slab2":41,"stat.useItem.minecraft.red_sandstone_stairs":1,"stat.pickup.minecraft.bow":1,"stat.drop.travelersbackpack.travelers_backpack":1,"stat.pickup.minecraft.rotten_flesh":1,"stat.pickup.minecraft.sand":51,"stat.craftItem.minecraft.furnace":2,"stat.craftItem.minecraft.iron_boots":1,"stat.pickup.iceandfire.chared_cobblestone":3,"stat.pickup.minecraft.cobblestone_wall":1,"stat.craftItem.minecraft.stone_pickaxe":8,"stat.pickup.minecraft.cobblestone":487,"stat.craftItem.minecraft.cobblestone_wall":12,"stat.craftItem.minecraft.stone_sword":2,"stat.flyOneCm":771108,"stat.pickup.minecraft.sandstone":54,"stat.entityKilledBy.firedragon":3,"stat.mineBlock.minecraft.sand":10,"stat.useItem.iceandfire.chared_stone":48,"stat.pickup.zoocraftdiscoveries.seed_chive":1,"stat.pickup.iceandfire.fire_lily":1,"stat.mineBlock.minecraft.iron_ore":35,"stat.timeSinceDeath":14398,"stat.pickup.zoocraftdiscoveries.gemsbok_leather":4,"stat.craftItem.minecraft.acacia_door":3,"stat.craftItem.minecraft.wooden_pickaxe":1,"stat.pickup.minecraft.mutton":5,"stat.drop.minecraft.cooked_mutton":1,"stat.pickup.travelersbackpack.travelers_backpack":1,"stat.useItem.minecraft.potato":62,"stat.furnaceInteraction":41,"stat.useItem.minecraft.cooked_porkchop":3,"stat.mineBlock.minecraft.coal_ore":89,"stat.killEntity.Creeper":1,"stat.pickup.minecraft.nether_brick":1,"stat.pickup.minecraft.wooden_sword":1,"stat.pickup.minecraft.string":6,"stat.useItem.minecraft.cooked_mutton":5,"stat.pickup.minecraft.furnace":1,"stat.entityKilledBy.Skeleton":2,"stat.craftItem.minecraft.stone_slab2":0,"stat.pickup.minecraft.sandstone_stairs":1,"stat.sprintOneCm":679039,"stat.craftItem.minecraft.stick":44,"stat.pickup.minecraft.acacia_door":5,"stat.pickup.minecraft.potion":1,"stat.useItem.minecraft.wheat_seeds":2,"stat.mineBlock.minecraft.crafting_table":1,"stat.useItem.minecraft.carrot":20,"stat.craftItem.iceandfire.myrmex_desert_boots":1,"stat.pickup.zoocraftdiscoveries.seed_rosemary":2,"stat.deaths":22,"stat.mineBlock.minecraft.planks":5,"stat.drop":11,"stat.playOneMinute":269024,"stat.useItem.minecraft.wooden_sword":13,"stat.drop.tombstone.grave_key":3,"stat.killEntity.Sheep":3,"stat.killEntity.Zombie":2,"stat.pickup.minecraft.iron_bars":2,"stat.pickup.iceandfire.chared_dirt":1,"stat.mineBlock.minecraft.tallgrass":14,"stat.craftItem.minecraft.cooked_mutton":2,"stat.pickup.minecraft.netherrack":12,"stat.diveOneCm":20362,"stat.pickup.minecraft.cooked_mutton":4,"stat.chestOpened":67,"stat.pickup.iceandfire.dragonbone_bow":1,"stat.pickup.iceandfire.myrmex_desert_chitin":8,"stat.useItem.minecraft.stone":8,"stat.mineBlock.minecraft.netherrack":10,"stat.pickup.minecraft.gravel":6,"stat.pickup.minecraft.arrow":10,"stat.useItem.minecraft.apple":1,"stat.pickup.minecraft.gold_nugget":266,"stat.killEntity.myrmex_royal":1,"stat.mineBlock.iceandfire.fire_lily":1,"stat.jump":5463,"stat.useItem.minecraft.sand":7,"stat.pickup.minecraft.coal":108,"stat.fallOneCm":121583,"stat.drop.minecraft.stone":2,"stat.pickup.minecraft.carrot":22,"stat.crouchOneCm":20066,"stat.pickup.iceandfire.chared_stone":57,"stat.pickup.minecraft.spider_eye":2,"stat.craftItem.minecraft.torch":108,"stat.craftItem.minecraft.iron_ingot":24,"stat.craftItem.minecraft.chest":2,"stat.pickup.minecraft.dirt":29,"stat.craftItem.minecraft.iron_helmet":1,"stat.pickup.minecraft.iron_ore":36,"stat.craftingTableInteraction":40,"stat.pickup.minecraft.red_sandstone":4,"stat.mineBlock.minecraft.leaves2":1,"tombstone:sneak_grave":2,"stat.mineBlock.minecraft.log2":6,"stat.damageTaken":5897,"stat.mineBlock.minecraft.torch":28,"stat.mineBlock.minecraft.furnace":1,"stat.useItem.minecraft.wooden_pickaxe":74,"stat.mineBlock.iceandfire.chared_cobblestone":2,"stat.useItem.minecraft.acacia_door":3,"stat.pickup.minecraft.log2":6,"stat.pickup.minecraft.dye":2,"stat.pickup.zoocraftdiscoveries.seed_saffron":1,"stat.pickup.minecraft.planks":5,"stat.entityKilledBy.ZombieVillager":1,"tombstone:undead_killed":2,"stat.pickup.minecraft.wheat_seeds":4,"stat.pickup.minecraft.potato":71,"stat.useItem.minecraft.stone_pickaxe":671,"stat.drop.zoocraftdiscoveries.seed_coriander":2,"stat.useItem.minecraft.stone_sword":56,"stat.craftItem.minecraft.iron_leggings":1,"stat.damageDealt":3158,"stat.pickup.iceandfire.chared_grass":4,"stat.sleepInBed":3,"stat.craftItem.minecraft.baked_potato":11,"stat.mineBlock.minecraft.dirt":24,"stat.mineBlock.iceandfire.chared_dirt":1,"stat.craftItem.minecraft.leather":4,"stat.walkOneCm":1162041,"stat.useItem.minecraft.torch":107,"stat.useItem.minecraft.bread":1,"stat.playerKills":1,"stat.useItem.minecraft.chest":1,"stat.pickup.minecraft.crafting_table":1,"stat.useItem.minecraft.cobblestone":298,"stat.craftItem.minecraft.crafting_table":2,"stat.pickup.zoocraftdiscoveries.seed_lemongrass":1,"stat.pickup.minecraft.log":13,"stat.useItem.minecraft.cooked_fish":2,"stat.useItem.tombstone.gift":1,"stat.craftItem.minecraft.gold_ingot":29,"stat.pickup.minecraft.stone":48,"stat.craftItem.minecraft.iron_chestplate":1,"stat.pickup.zoocraftdiscoveries.seed_coriander":2,"stat.pickup.minecraft.sapling":1,"stat.entityKilledBy.Enderman":1,"stat.pickup.minecraft.apple":1,"stat.pickup.minecraft.ladder":1,"stat.useItem.minecraft.netherrack":3,"stat.pickup.iceandfire.myrmex_stinger":1,"stat.pickup.minecraft.beetroot":16,"stat.mineBlock.iceandfire.goldpile":51,"stat.craftItem.minecraft.planks":74,"stat.useItem.minecraft.iron_sword":31,"stat.killEntity.Spider":1,"stat.pickup.zoocraftdiscoveries.seed_thyme":1,"stat.pickup.minecraft.bread":5,"stat.pickup.minecraft.stone_sword":1,"stat.mineBlock.minecraft.glowstone":1,"stat.mobKills":10,"stat.mineBlock.minecraft.log":13,"stat.useItem.minecraft.cobblestone_wall":10,"stat.pickup.minecraft.diamond":3,"stat.mineBlock.minecraft.leaves":4,"stat.pickup.minecraft.beetroot_seeds":37,"stat.pickup.minecraft.torch":41,"stat.pickup.minecraft.red_flower":2,"stat.useItem.minecraft.beetroot_seeds":25,"stat.sneakTime":9324,"stat.pickup.minecraft.wool":3,"stat.useItem.minecraft.baked_potato":10,"stat.useItem.minecraft.wooden_axe":17,"stat.mineBlock.minecraft.stone":482,"stat.useItem.minecraft.beetroot":2,"stat.pickup.minecraft.red_sandstone_stairs":3,"stat.useItem.minecraft.sandstone":74}