{"stat.useItem.minecraft.bow":35,"stat.craftItem.iceandfire.silver_sword":1,"stat.mineBlock.iceandfire.chared_grass":2,"stat.leaveGame":21,"stat.mineBlock.minecraft.sandstone":10,"stat.mineBlock.minecraft.stained_glass":2,"stat.craftItem.minecraft.shield":1,"stat.mineBlock.minecraft.web":10,"stat.pickup.minecraft.rotten_flesh":57,"stat.craftItem.minecraft.stone_axe":1,"stat.pickup.iceandfire.chared_cobblestone":12,"stat.pickup.minecraft.cobblestone_wall":2,"stat.pickup.minecraft.brown_mushroom":1,"stat.drop.minecraft.sand":1,"stat.craftItem.iceandfire.silver_ingot":26,"stat.pickup.zoocraftdiscoveries.gemsbok_leather":11,"stat.useItem.minecraft.iron_pickaxe":1473,"stat.craftItem.minecraft.wooden_pickaxe":1,"stat.useItem.minecraft.iron_shovel":8,"stat.drop.minecraft.cooked_mutton":1,"stat.craftItem.minecraft.bed":1,"stat.furnaceInteraction":108,"stat.killEntity.ZombieVillager":3,"stat.pickup.minecraft.nether_brick":7,"stat.pickup.iceandfire.manuscript":7,"stat.pickup.minecraft.beef":12,"stat.pickup.minecraft.leather_helmet":1,"stat.craftItem.futuremc.dye":3,"stat.pickup.minecraft.potion":3,"stat.useItem.minecraft.wheat_seeds":2,"stat.craftItem.iceandfire.myrmex_desert_boots":1,"stat.pickup.minecraft.emerald":1,"stat.deaths":37,"stat.pickup.minecraft.egg":3,"stat.mineBlock.minecraft.stone_pressure_plate":2,"stat.craftItem.minecraft.iron_pickaxe":9,"stat.drop.minecraft.torch":1,"stat.mineBlock.minecraft.tallgrass":42,"stat.craftItem.minecraft.cooked_mutton":9,"stat.pickup.minecraft.cooked_mutton":4,"stat.chestOpened":225,"stat.useItem.minecraft.stone":27,"stat.pickup.minecraft.arrow":42,"stat.pickup.minecraft.iron_sword":2,"stat.pickup.minecraft.gold_nugget":320,"stat.craftItem.minecraft.coal":18,"stat.drop.minecraft.iron_pickaxe":2,"stat.pickup.zoocraftdiscoveries.seed_mint":1,"stat.pickup.minecraft.carrot":47,"stat.crouchOneCm":72214,"stat.craftItem.minecraft.iron_ingot":92,"stat.mineBlock.futuremc.lily_of_the_valley":4,"stat.craftingTableInteraction":81,"stat.pickup.minecraft.nether_brick_fence":1,"stat.pickup.iceandfire.silver_ore":29,"stat.mineBlock.minecraft.log2":39,"stat.craftItem.iceandfire.armor_silver_metal_leggings":1,"stat.pickup.minecraft.dye":2,"stat.pickup.minecraft.planks":10,"stat.pickup.minecraft.wheat_seeds":4,"stat.mineBlock.minecraft.dirt":119,"stat.useItem.minecraft.bread":10,"stat.pickup.minecraft.brewing_stand":1,"stat.mineBlock.iceandfire.silver_ore":17,"stat.useItem.minecraft.cobblestone":583,"stat.mineBlock.minecraft.double_plant":1,"stat.pickup.zoocraftdiscoveries.seed_dill":2,"stat.useItem.toolbelt.belt":2,"stat.pickup.toolbelt.belt":1,"stat.pickup.minecraft.iron_pickaxe":1,"stat.craftItem.minecraft.gold_ingot":29,"stat.pickup.minecraft.tipped_arrow":8,"stat.pickup.minecraft.apple":1,"stat.pickup.iceandfire.myrmex_stinger":1,"stat.pickup.minecraft.coal_block":2,"stat.craftItem.minecraft.bucket":4,"stat.craftItem.minecraft.planks":226,"stat.useItem.minecraft.iron_sword":500,"stat.pickup.minecraft.stone_sword":1,"stat.pickup.minecraft.book":3,"stat.useItem.minecraft.stonebrick":13,"stat.mineBlock.minecraft.log":19,"stat.pickup.minecraft.red_flower":4,"stat.pickup.minecraft.red_nether_brick":3,"stat.pickup.minecraft.wool":13,"stat.killEntity.zoocraftdiscoveries.porcupine":4,"stat.useItem.minecraft.wooden_axe":17,"stat.pickup.minecraft.red_sandstone_stairs":3,"stat.cakeSlicesEaten":8,"stat.mineBlock.minecraft.cobblestone":91,"stat.pickup.minecraft.stone_pickaxe":1,"stat.pickup.minecraft.flint":5,"stat.mineBlock.iceandfire.chared_stone":29,"stat.pickup.minecraft.leather_chestplate":1,"stat.drop.iceandfire.dragonbone_bow":1,"stat.craftItem.minecraft.wool":2,"stat.pickup.minecraft.enchanted_book":2,"stat.drop.minecraft.cobblestone":2,"stat.pickup.minecraft.cooked_porkchop":23,"stat.useItem.minecraft.stone_slab2":129,"stat.pickup.minecraft.bow":4,"stat.pickup.minecraft.iron_boots":1,"stat.killEntity.deathworm":1,"stat.craftItem.minecraft.furnace":6,"stat.craftItem.minecraft.iron_boots":2,"stat.craftItem.minecraft.cooked_beef":12,"stat.flyOneCm":1440382,"stat.pickup.minecraft.sandstone":54,"stat.useItem.iceandfire.chared_stone":63,"stat.pickup.minecraft.nether_brick_stairs":2,"stat.pickup.iceandfire.fire_lily":1,"stat.timeSinceDeath":300,"stat.drop.minecraft.spider_eye":1,"stat.pickup.travelersbackpack.travelers_backpack":13,"stat.useItem.minecraft.potato":64,"stat.pickup.minecraft.chainmail_helmet":1,"stat.pickup.minecraft.nether_wart":15,"stat.mineBlock.minecraft.coal_ore":146,"stat.killEntity.Creeper":3,"stat.pickup.minecraft.shield":5,"stat.pickup.minecraft.wooden_sword":1,"stat.pickup.minecraft.string":33,"stat.pickup.tombstone.crafting_ingredient":14,"stat.entityKilledBy.Skeleton":3,"stat.useItem.minecraft.written_book":2,"stat.sprintOneCm":1819339,"stat.craftItem.iceandfire.armor_silver_metal_helmet":1,"stat.mineBlock.minecraft.diamond_ore":2,"stat.pickup.zoocraftdiscoveries.seed_rosemary":2,"stat.drop.minecraft.lava_bucket":2,"stat.useItem.minecraft.wooden_sword":13,"stat.drop.tombstone.grave_key":3,"stat.killEntity.Zombie":43,"stat.craftItem.minecraft.dye":2,"stat.pickup.iceandfire.chared_dirt":1,"stat.diveOneCm":205669,"stat.entityKilledBy.deathworm":1,"stat.pickup.iceandfire.dragonbone_bow":1,"stat.mineBlock.minecraft.mossy_cobblestone":1,"stat.drop.minecraft.stone_stairs":1,"stat.craftItem.minecraft.cooked_porkchop":18,"stat.pickup.minecraft.stone_axe":1,"stat.useItem.iceandfire.silver_sword":66,"stat.useItem.minecraft.rotten_flesh":1,"stat.jump":13061,"stat.useItem.minecraft.sand":27,"stat.pickup.minecraft.coal":272,"stat.pickup.minecraft.iron_ingot":93,"stat.pickup.minecraft.gunpowder":3,"stat.pickup.iceandfire.chared_stone":71,"stat.craftItem.minecraft.torch":312,"stat.pickup.minecraft.dirt":199,"stat.pickup.iceandfire.iceandfire.deathworm_egg":1,"stat.pickup.minecraft.red_sandstone":4,"stat.pickup.minecraft.iron_axe":1,"tombstone:sneak_grave":2,"stat.damageTaken":-2147468688,"stat.mineBlock.minecraft.torch":53,"stat.mineBlock.minecraft.red_flower":2,"stat.mineBlock.minecraft.melon_block":1,"stat.pickup.minecraft.written_book":1,"stat.useItem.minecraft.acacia_door":3,"stat.pickup.minecraft.log2":38,"stat.pickup.zoocraftdiscoveries.seed_saffron":1,"stat.entityKilledBy.ZombieVillager":2,"stat.pickup.minecraft.bed":7,"stat.killEntity.hippogryph":1,"stat.pickup.minecraft.potato":73,"stat.entityKilledBy.Zombie":2,"stat.pickup.iceandfire.chared_grass":4,"stat.killEntity.Silverfish":13,"stat.useItem.minecraft.chest":3,"stat.useItem.minecraft.lava_bucket":6,"stat.useItem.minecraft.melon":4,"stat.useItem.tombstone.gift":2,"stat.craftItem.minecraft.iron_chestplate":3,"stat.pickup.minecraft.ladder":1,"stat.pickup.minecraft.cooked_beef":10,"stat.useItem.minecraft.netherrack":3,"stat.craftItem.travelersbackpack.sleeping_bag_bottom":1,"stat.mineBlock.minecraft.stonebrick":49,"stat.pickup.zoocraftdiscoveries.seed_thyme":2,"stat.craftItem.iceandfire.armor_silver_metal_boots":1,"stat.mineBlock.minecraft.glowstone":1,"stat.mobKills":117,"stat.mineBlock.minecraft.bookshelf":1,"stat.useItem.minecraft.cobblestone_wall":10,"stat.pickup.minecraft.diamond":5,"stat.pickup.minecraft.beetroot_seeds":37,"stat.pickup.minecraft.torch":114,"stat.craftItem.minecraft.iron_axe":1,"stat.killEntity.Blaze":3,"stat.useItem.minecraft.planks":9,"stat.pickup.minecraft.golden_boots":2,"stat.pickup.minecraft.glowstone_dust":8,"stat.pickup.minecraft.glass":11,"stat.useItem.minecraft.red_sandstone_stairs":1,"stat.drop.travelersbackpack.travelers_backpack":1,"stat.useItem.minecraft.water_bucket":3,"stat.mineBlock.minecraft.red_mushroom":2,"stat.mineBlock.minecraft.stone_brick_stairs":1,"stat.pickup.minecraft.sand":69,"stat.entityKilledBy.Spider":1,"stat.craftItem.minecraft.cobblestone_wall":12,"stat.pickup.zoocraftdiscoveries.giraffe_leather":9,"stat.craftItem.minecraft.stone_sword":2,"stat.entityKilledBy.firedragon":7,"stat.pickup.minecraft.chainmail_chestplate":1,"stat.mineBlock.minecraft.sand":23,"stat.pickup.zoocraftdiscoveries.seed_chive":1,"stat.killEntity.zoocraftdiscoveries.giraffe":3,"stat.killEntity.zoocraftdiscoveries.gemsbok":4,"stat.useItem.minecraft.cooked_mutton":16,"stat.pickup.minecraft.furnace":6,"stat.craftItem.travelersbackpack.travelers_backpack":1,"stat.pickup.minecraft.iron_chestplate":5,"stat.useItem.minecraft.stone_stairs":103,"stat.pickup.minecraft.skull":1,"stat.pickup.tombstone.magic_scroll":1,"stat.pickup.minecraft.acacia_door":5,"stat.pickup.minecraft.stone_stairs":16,"stat.pickup.futuremc.lily_of_the_valley":3,"stat.playOneMinute":801911,"stat.pickup.minecraft.blaze_rod":3,"stat.pickup.minecraft.iron_bars":16,"stat.pickup.minecraft.netherrack":12,"stat.pickup.iceandfire.myrmex_desert_chitin":8,"stat.mineBlock.minecraft.netherrack":10,"stat.drop.minecraft.flint":1,"stat.killEntity.myrmex_royal":1,"stat.mineBlock.iceandfire.fire_lily":1,"stat.fallOneCm":241000,"stat.drop.minecraft.stone":2,"stat.craftItem.minecraft.chest":9,"stat.pickup.minecraft.red_mushroom":2,"stat.pickup.minecraft.golden_leggings":1,"stat.pickup.minecraft.melon":4,"stat.dropperInspected":3,"stat.pickup.minecraft.feather":4,"stat.mineBlock.minecraft.red_nether_brick":2,"stat.useItem.minecraft.furnace":1,"stat.pickup.minecraft.iron_leggings":2,"stat.mineBlock.minecraft.gravel":18,"stat.useItem.minecraft.stone_pickaxe":928,"stat.useItem.minecraft.stone_sword":56,"stat.craftItem.minecraft.iron_leggings":3,"stat.pickup.minecraft.chainmail_boots":1,"stat.craftItem.minecraft.leather":23,"stat.useItem.minecraft.iron_bars":1,"stat.useItem.minecraft.torch":397,"stat.drop.minecraft.stone_brick_stairs":1,"stat.craftItem.minecraft.stone_stairs":92,"stat.pickup.minecraft.crafting_table":2,"stat.craftItem.minecraft.crafting_table":4,"stat.killEntity.zoocraftdiscoveries.camel":1,"stat.mineBlock.minecraft.emerald_ore":1,"stat.pickup.minecraft.redstone_block":4,"stat.pickup.minecraft.log":19,"stat.useItem.minecraft.cooked_fish":3,"stat.pickup.minecraft.chainmail_leggings":1,"stat.pickup.minecraft.sapling":5,"stat.entityKilledBy.Enderman":1,"stat.pickup.minecraft.beetroot":16,"stat.craftItem.toolbelt.belt":1,"stat.mineBlock.iceandfire.goldpile":51,"stat.killEntity.WitherSkeleton":1,"stat.useItem.minecraft.beetroot_seeds":25,"stat.sneakTime":35215,"stat.useItem.minecraft.baked_potato":10,"stat.mineBlock.minecraft.jukebox":1,"stat.pickup.minecraft.yellow_flower":1,"stat.useItem.minecraft.beetroot":11,"stat.drop.minecraft.stone_pickaxe":1,"stat.pickup.minecraft.bone":40,"stat.useItem.minecraft.mushroom_stew":1,"stat.pickup.minecraft.stone_pressure_plate":2,"stat.pickup.iceandfire.deathworm_chitin":5,"stat.craftItem.minecraft.iron_trapdoor":1,"stat.swimOneCm":142847,"stat.climbOneCm":21766,"stat.useItem.minecraft.dirt":46,"stat.pickup.minecraft.golden_helmet":2,"stat.pickup.zoocraftdiscoveries.seed_basil":1,"stat.craftItem.minecraft.stone_pickaxe":9,"stat.pickup.minecraft.cobblestone":1649,"stat.mineBlock.minecraft.redstone_block":5,"stat.pickup.minecraft.soul_sand":1,"stat.useItem.minecraft.cooked_beef":22,"stat.pickup.zoocraftdiscoveries.camel_leather":3,"stat.mineBlock.minecraft.iron_ore":214,"stat.craftItem.minecraft.acacia_door":3,"stat.pickup.minecraft.mutton":9,"stat.pickup.minecraft.mossy_cobblestone":2,"stat.drop.minecraft.iron_bars":1,"stat.mineBlock.minecraft.coal_block":1,"stat.pickup.minecraft.stonebrick":48,"stat.drop.minecraft.dirt":30,"stat.useItem.minecraft.cooked_porkchop":30,"stat.pickup.minecraft.iron_shovel":1,"stat.mineBlock.minecraft.nether_brick":2,"stat.craftItem.minecraft.stone_slab2":0,"stat.pickup.minecraft.sandstone_stairs":1,"stat.craftItem.minecraft.stick":148,"stat.drop.minecraft.potion":1,"stat.mineBlock.minecraft.crafting_table":2,"stat.mineBlock.minecraft.quartz_block":1,"stat.useItem.minecraft.carrot":44,"stat.pickup.minecraft.diamond_chestplate":1,"stat.useItem.minecraft.bucket":20,"stat.mineBlock.minecraft.planks":8,"stat.drop":68,"stat.pickup.minecraft.jukebox":1,"stat.killEntity.Sheep":6,"stat.pickup.minecraft.gravel":21,"stat.drop.minecraft.cooked_beef":2,"stat.useItem.minecraft.diamond_axe":2,"stat.useItem.minecraft.apple":4,"stat.pickup.minecraft.stone_brick_stairs":1,"stat.drop.minecraft.cooked_porkchop":11,"stat.craftItem.travelersbackpack.backpack_tank":2,"stat.pickup.minecraft.iron_helmet":1,"stat.useItem.minecraft.stone_axe":49,"stat.pickup.minecraft.spider_eye":8,"stat.craftItem.minecraft.iron_helmet":2,"stat.useItem.minecraft.cooked_chicken":1,"stat.pickup.minecraft.iron_ore":232,"stat.mineBlock.minecraft.iron_bars":12,"stat.mineBlock.minecraft.leaves2":13,"stat.mineBlock.minecraft.stone_stairs":18,"stat.pickup.minecraft.leather":7,"stat.mineBlock.minecraft.furnace":6,"stat.useItem.minecraft.wooden_pickaxe":74,"stat.mineBlock.iceandfire.chared_cobblestone":16,"tombstone:undead_killed":67,"stat.useItem.tombstone.grave_key":1,"stat.drop.zoocraftdiscoveries.seed_coriander":2,"stat.damageDealt":20347,"stat.craftItem.minecraft.glass":17,"stat.sleepInBed":23,"stat.craftItem.minecraft.baked_potato":11,"stat.killEntity.Cow":5,"stat.mineBlock.iceandfire.chared_dirt":1,"stat.walkOneCm":3250159,"stat.playerKills":1,"stat.pickup.zoocraftdiscoveries.seed_lemongrass":3,"stat.pickup.minecraft.stone":90,"stat.mineBlock.minecraft.wool":1,"stat.pickup.zoocraftdiscoveries.seed_coriander":2,"stat.craftItem.iceandfire.armor_silver_metal_chestplate":1,"stat.pickup.minecraft.gold_ingot":11,"stat.killEntity.Skeleton":20,"stat.killEntity.Spider":8,"stat.pickup.minecraft.bread":5,"stat.pickup.minecraft.quartz":1,"stat.mineBlock.minecraft.leaves":30,"stat.mineBlock.minecraft.stone":1650,"stat.useItem.minecraft.sandstone":74}