{"stat.mineBlock.iceandfire.chared_grass":2,"stat.leaveGame":8,"stat.craftItem.minecraft.iron_axe":1,"stat.killEntity.Blaze":2,"stat.mineBlock.minecraft.sandstone":10,"stat.mineBlock.minecraft.stained_glass":2,"stat.useItem.minecraft.planks":7,"stat.craftItem.minecraft.shield":1,"stat.pickup.minecraft.glowstone_dust":8,"stat.useItem.minecraft.red_sandstone_stairs":1,"stat.drop.travelersbackpack.travelers_backpack":1,"stat.pickup.minecraft.rotten_flesh":5,"stat.pickup.minecraft.sand":65,"stat.craftItem.minecraft.stone_axe":1,"stat.pickup.iceandfire.chared_cobblestone":9,"stat.pickup.minecraft.cobblestone_wall":1,"stat.craftItem.minecraft.cobblestone_wall":12,"stat.pickup.zoocraftdiscoveries.giraffe_leather":9,"stat.craftItem.minecraft.stone_sword":2,"stat.entityKilledBy.firedragon":3,"stat.mineBlock.minecraft.sand":21,"stat.pickup.zoocraftdiscoveries.seed_chive":1,"stat.pickup.zoocraftdiscoveries.gemsbok_leather":4,"stat.useItem.minecraft.iron_pickaxe":288,"stat.craftItem.minecraft.wooden_pickaxe":1,"stat.drop.minecraft.cooked_mutton":1,"stat.craftItem.minecraft.bed":1,"stat.furnaceInteraction":63,"stat.killEntity.zoocraftdiscoveries.giraffe":3,"stat.pickup.minecraft.nether_brick":1,"stat.useItem.minecraft.cooked_mutton":12,"stat.pickup.minecraft.furnace":2,"stat.craftItem.travelersbackpack.travelers_backpack":1,"stat.craftItem.futuremc.dye":3,"stat.useItem.minecraft.stone_stairs":103,"stat.pickup.minecraft.acacia_door":5,"stat.pickup.minecraft.stone_stairs":14,"stat.pickup.minecraft.potion":1,"stat.pickup.futuremc.lily_of_the_valley":3,"stat.useItem.minecraft.wheat_seeds":2,"stat.craftItem.iceandfire.myrmex_desert_boots":1,"stat.deaths":24,"stat.playOneMinute":397788,"stat.craftItem.minecraft.iron_pickaxe":3,"stat.pickup.minecraft.iron_bars":2,"stat.mineBlock.minecraft.tallgrass":31,"stat.craftItem.minecraft.cooked_mutton":9,"stat.pickup.minecraft.netherrack":12,"stat.pickup.minecraft.cooked_mutton":4,"stat.chestOpened":82,"stat.pickup.iceandfire.myrmex_desert_chitin":8,"stat.useItem.minecraft.stone":11,"stat.mineBlock.minecraft.netherrack":10,"stat.pickup.minecraft.arrow":13,"stat.pickup.minecraft.gold_nugget":266,"stat.killEntity.myrmex_royal":1,"stat.pickup.zoocraftdiscoveries.seed_mint":1,"stat.mineBlock.iceandfire.fire_lily":1,"stat.fallOneCm":149523,"stat.drop.minecraft.stone":2,"stat.pickup.minecraft.carrot":22,"stat.crouchOneCm":33297,"stat.craftItem.minecraft.iron_ingot":59,"stat.craftItem.minecraft.chest":5,"stat.mineBlock.futuremc.lily_of_the_valley":3,"stat.craftingTableInteraction":74,"stat.mineBlock.minecraft.log2":29,"stat.pickup.minecraft.feather":4,"stat.useItem.minecraft.furnace":1,"stat.pickup.minecraft.dye":2,"stat.pickup.minecraft.planks":6,"stat.pickup.minecraft.wheat_seeds":4,"stat.useItem.minecraft.stone_pickaxe":913,"stat.useItem.minecraft.stone_sword":56,"stat.craftItem.minecraft.iron_leggings":2,"stat.mineBlock.minecraft.dirt":73,"stat.craftItem.minecraft.leather":16,"stat.useItem.minecraft.torch":166,"stat.useItem.minecraft.bread":1,"stat.craftItem.minecraft.stone_stairs":92,"stat.pickup.minecraft.crafting_table":2,"stat.useItem.minecraft.cobblestone":475,"stat.craftItem.minecraft.crafting_table":3,"stat.mineBlock.minecraft.double_plant":1,"stat.pickup.zoocraftdiscoveries.seed_dill":1,"stat.useItem.toolbelt.belt":2,"stat.killEntity.zoocraftdiscoveries.camel":1,"stat.pickup.minecraft.log":19,"stat.useItem.minecraft.cooked_fish":2,"stat.craftItem.minecraft.gold_ingot":29,"stat.pickup.minecraft.sapling":3,"stat.entityKilledBy.Enderman":1,"stat.pickup.minecraft.apple":1,"stat.pickup.iceandfire.myrmex_stinger":1,"stat.pickup.minecraft.beetroot":16,"stat.craftItem.toolbelt.belt":1,"stat.mineBlock.iceandfire.goldpile":51,"stat.craftItem.minecraft.planks":190,"stat.useItem.minecraft.iron_sword":135,"stat.pickup.minecraft.stone_sword":1,"stat.mineBlock.minecraft.log":19,"stat.pickup.minecraft.red_flower":4,"stat.useItem.minecraft.beetroot_seeds":25,"stat.sneakTime":15925,"stat.pickup.minecraft.wool":9,"stat.useItem.minecraft.baked_potato":10,"stat.killEntity.zoocraftdiscoveries.porcupine":3,"stat.useItem.minecraft.wooden_axe":17,"stat.useItem.minecraft.beetroot":2,"stat.pickup.minecraft.red_sandstone_stairs":3,"stat.drop.minecraft.stone_pickaxe":1,"stat.pickup.minecraft.bone":5,"stat.mineBlock.minecraft.cobblestone":57,"stat.pickup.minecraft.flint":1,"stat.mineBlock.iceandfire.chared_stone":25,"stat.drop.iceandfire.dragonbone_bow":1,"stat.craftItem.minecraft.wool":2,"stat.pickup.iceandfire.deathworm_chitin":5,"stat.swimOneCm":58331,"stat.climbOneCm":6191,"stat.pickup.minecraft.enchanted_book":1,"stat.pickup.minecraft.cooked_porkchop":7,"stat.useItem.minecraft.dirt":46,"stat.pickup.zoocraftdiscoveries.seed_basil":1,"stat.useItem.minecraft.stone_slab2":71,"stat.pickup.minecraft.bow":1,"stat.killEntity.deathworm":1,"stat.craftItem.minecraft.furnace":5,"stat.craftItem.minecraft.iron_boots":1,"stat.craftItem.minecraft.stone_pickaxe":9,"stat.pickup.minecraft.cobblestone":898,"stat.flyOneCm":913066,"stat.pickup.minecraft.sandstone":54,"stat.useItem.iceandfire.chared_stone":48,"stat.pickup.iceandfire.fire_lily":1,"stat.pickup.zoocraftdiscoveries.camel_leather":3,"stat.mineBlock.minecraft.iron_ore":67,"stat.timeSinceDeath":125555,"stat.craftItem.minecraft.acacia_door":3,"stat.drop.minecraft.spider_eye":1,"stat.pickup.minecraft.mutton":7,"stat.pickup.travelersbackpack.travelers_backpack":1,"stat.useItem.minecraft.potato":62,"stat.useItem.minecraft.cooked_porkchop":7,"stat.mineBlock.minecraft.coal_ore":92,"stat.killEntity.Creeper":1,"stat.pickup.minecraft.wooden_sword":1,"stat.pickup.minecraft.string":8,"stat.entityKilledBy.Skeleton":2,"stat.craftItem.minecraft.stone_slab2":0,"stat.pickup.minecraft.sandstone_stairs":1,"stat.sprintOneCm":852703,"stat.craftItem.minecraft.stick":68,"stat.mineBlock.minecraft.crafting_table":2,"stat.useItem.minecraft.carrot":20,"stat.pickup.zoocraftdiscoveries.seed_rosemary":2,"stat.mineBlock.minecraft.planks":6,"stat.drop":12,"stat.useItem.minecraft.wooden_sword":13,"stat.drop.tombstone.grave_key":3,"stat.killEntity.Sheep":5,"stat.killEntity.Zombie":4,"stat.craftItem.minecraft.dye":2,"stat.pickup.iceandfire.chared_dirt":1,"stat.diveOneCm":53194,"stat.entityKilledBy.deathworm":1,"stat.pickup.iceandfire.dragonbone_bow":1,"stat.pickup.minecraft.gravel":6,"stat.useItem.minecraft.apple":1,"stat.craftItem.travelersbackpack.backpack_tank":2,"stat.jump":7559,"stat.useItem.minecraft.sand":27,"stat.pickup.minecraft.coal":111,"stat.useItem.minecraft.stone_axe":32,"stat.pickup.iceandfire.chared_stone":67,"stat.pickup.minecraft.spider_eye":2,"stat.craftItem.minecraft.torch":140,"stat.pickup.minecraft.dirt":97,"stat.craftItem.minecraft.iron_helmet":1,"stat.pickup.minecraft.iron_ore":67,"stat.pickup.iceandfire.iceandfire.deathworm_egg":1,"stat.pickup.minecraft.red_sandstone":4,"stat.mineBlock.minecraft.leaves2":8,"tombstone:sneak_grave":2,"stat.mineBlock.minecraft.stone_stairs":15,"stat.damageTaken":7025,"stat.pickup.minecraft.leather":5,"stat.mineBlock.minecraft.torch":43,"stat.mineBlock.minecraft.furnace":2,"stat.mineBlock.minecraft.red_flower":2,"stat.useItem.minecraft.wooden_pickaxe":74,"stat.mineBlock.iceandfire.chared_cobblestone":13,"stat.useItem.minecraft.acacia_door":3,"stat.pickup.minecraft.log2":29,"stat.pickup.zoocraftdiscoveries.seed_saffron":1,"stat.entityKilledBy.ZombieVillager":1,"stat.pickup.minecraft.bed":2,"tombstone:undead_killed":6,"stat.killEntity.hippogryph":1,"stat.pickup.minecraft.potato":71,"stat.drop.zoocraftdiscoveries.seed_coriander":2,"stat.damageDealt":5949,"stat.pickup.iceandfire.chared_grass":4,"stat.craftItem.minecraft.glass":17,"stat.sleepInBed":7,"stat.craftItem.minecraft.baked_potato":11,"stat.mineBlock.iceandfire.chared_dirt":1,"stat.walkOneCm":1520495,"stat.playerKills":1,"stat.useItem.minecraft.chest":1,"stat.pickup.zoocraftdiscoveries.seed_lemongrass":2,"stat.useItem.tombstone.gift":2,"stat.pickup.minecraft.stone":49,"stat.craftItem.minecraft.iron_chestplate":2,"stat.pickup.zoocraftdiscoveries.seed_coriander":2,"stat.pickup.minecraft.ladder":1,"stat.useItem.minecraft.netherrack":3,"stat.killEntity.Skeleton":2,"stat.craftItem.travelersbackpack.sleeping_bag_bottom":1,"stat.killEntity.Spider":2,"stat.pickup.zoocraftdiscoveries.seed_thyme":1,"stat.pickup.minecraft.bread":5,"stat.mineBlock.minecraft.glowstone":1,"stat.mobKills":26,"stat.useItem.minecraft.cobblestone_wall":10,"stat.pickup.minecraft.diamond":3,"stat.mineBlock.minecraft.leaves":12,"stat.pickup.minecraft.beetroot_seeds":37,"stat.pickup.minecraft.torch":57,"stat.mineBlock.minecraft.stone":885,"stat.useItem.minecraft.sandstone":74}