{"stat.useItem.minecraft.bow":39,"stat.craftItem.iceandfire.silver_sword":1,"stat.mineBlock.iceandfire.chared_grass":2,"stat.leaveGame":46,"stat.mineBlock.minecraft.sandstone":10,"stat.drop.zoocraftdiscoveries.seed_thyme":1,"stat.mineBlock.minecraft.stained_glass":2,"stat.craftItem.minecraft.shield":1,"stat.mineBlock.minecraft.web":30,"stat.drop.minecraft.iron_sword":1,"stat.pickup.minecraft.rotten_flesh":87,"stat.craftItem.minecraft.stone_axe":1,"stat.pickup.iceandfire.chared_cobblestone":15,"stat.pickup.minecraft.cobblestone_wall":2,"stat.pickup.minecraft.brown_mushroom":1,"stat.drop.minecraft.sand":1,"stat.craftItem.iceandfire.silver_ingot":26,"stat.pickup.zoocraftdiscoveries.gemsbok_leather":11,"stat.useItem.minecraft.iron_pickaxe":1542,"stat.craftItem.minecraft.wooden_pickaxe":1,"stat.useItem.minecraft.iron_shovel":8,"stat.drop.minecraft.cooked_mutton":1,"stat.craftItem.minecraft.bed":1,"stat.craftItem.minecraft.glass_pane":16,"stat.furnaceInteraction":136,"stat.killEntity.ZombieVillager":3,"stat.pickup.minecraft.nether_brick":7,"stat.pickup.iceandfire.manuscript":14,"stat.pickup.minecraft.beef":12,"stat.pickup.minecraft.leather_helmet":1,"stat.craftItem.futuremc.dye":3,"stat.pickup.tombstone.gift":1,"stat.pickup.minecraft.potion":3,"stat.useItem.minecraft.wheat_seeds":2,"stat.craftItem.iceandfire.myrmex_desert_boots":1,"stat.pickup.minecraft.emerald":2,"stat.craftItem.securitycraft.laser_block":1,"stat.deaths":45,"stat.pickup.minecraft.egg":3,"stat.mineBlock.minecraft.stone_pressure_plate":2,"stat.craftItem.minecraft.iron_pickaxe":9,"stat.drop.minecraft.torch":1,"stat.mineBlock.minecraft.tallgrass":46,"stat.craftItem.minecraft.cooked_mutton":11,"stat.pickup.minecraft.cooked_mutton":4,"stat.chestOpened":290,"stat.useItem.minecraft.stone":29,"stat.pickup.minecraft.arrow":49,"stat.pickup.minecraft.iron_sword":3,"stat.pickup.minecraft.gold_nugget":374,"stat.craftItem.minecraft.coal":18,"stat.drop.minecraft.iron_pickaxe":2,"stat.pickup.zoocraftdiscoveries.seed_mint":1,"stat.pickup.minecraft.carrot":116,"stat.crouchOneCm":91939,"stat.craftItem.minecraft.iron_ingot":92,"stat.mineBlock.futuremc.lily_of_the_valley":4,"stat.craftingTableInteraction":107,"stat.pickup.minecraft.nether_brick_fence":1,"stat.pickup.iceandfire.silver_ore":32,"stat.mineBlock.minecraft.log2":40,"stat.craftItem.iceandfire.armor_silver_metal_leggings":1,"stat.pickup.minecraft.dye":2,"stat.pickup.minecraft.planks":10,"stat.pickup.minecraft.wheat_seeds":4,"stat.mineBlock.minecraft.dirt":152,"stat.useItem.minecraft.bread":12,"stat.pickup.minecraft.brewing_stand":1,"stat.mineBlock.iceandfire.silver_ore":17,"stat.useItem.minecraft.cobblestone":606,"stat.mineBlock.minecraft.double_plant":1,"stat.pickup.zoocraftdiscoveries.seed_dill":2,"stat.useItem.toolbelt.belt":2,"stat.pickup.toolbelt.belt":1,"stat.pickup.securitycraft.reinforced_stone":10,"stat.pickup.minecraft.iron_pickaxe":1,"stat.drop.minecraft.carrot":2,"stat.craftItem.minecraft.gold_ingot":29,"stat.pickup.minecraft.tipped_arrow":8,"stat.pickup.minecraft.apple":1,"stat.pickup.iceandfire.myrmex_stinger":1,"stat.pickup.minecraft.coal_block":2,"stat.craftItem.minecraft.bucket":4,"stat.craftItem.minecraft.planks":252,"stat.useItem.minecraft.iron_sword":628,"stat.useItem.securitycraft.universal_block_remover":3,"stat.pickup.minecraft.stone_sword":1,"stat.pickup.minecraft.book":3,"stat.useItem.minecraft.stonebrick":13,"stat.mineBlock.minecraft.log":26,"stat.pickup.minecraft.red_flower":4,"stat.pickup.minecraft.red_nether_brick":3,"stat.pickup.minecraft.wool":16,"stat.killEntity.zoocraftdiscoveries.porcupine":4,"stat.useItem.minecraft.wooden_axe":17,"stat.pickup.minecraft.red_sandstone_stairs":3,"stat.cakeSlicesEaten":8,"stat.killEntity.zoocraftdiscoveries.hedgehog":1,"stat.mineBlock.minecraft.cobblestone":91,"stat.pickup.minecraft.stone_pickaxe":1,"stat.pickup.minecraft.flint":5,"stat.mineBlock.iceandfire.chared_stone":31,"stat.pickup.minecraft.leather_chestplate":2,"stat.drop.iceandfire.dragonbone_bow":1,"stat.craftItem.minecraft.wool":2,"stat.pickup.minecraft.enchanted_book":5,"stat.drop.minecraft.cobblestone":2,"stat.pickup.minecraft.cooked_porkchop":23,"stat.useItem.minecraft.stone_slab2":159,"stat.pickup.minecraft.bow":5,"stat.pickup.minecraft.iron_boots":1,"stat.killEntity.deathworm":1,"stat.craftItem.minecraft.furnace":6,"stat.craftItem.minecraft.iron_boots":2,"stat.pickup.iceandfire.chain_link":3,"stat.craftItem.minecraft.cooked_beef":12,"stat.flyOneCm":1708315,"stat.pickup.minecraft.sandstone":54,"stat.useItem.iceandfire.chared_stone":63,"stat.pickup.minecraft.nether_brick_stairs":2,"stat.pickup.iceandfire.fire_lily":1,"stat.timeSinceDeath":26798,"stat.drop.minecraft.spider_eye":1,"stat.killEntity.Bat":1,"stat.pickup.travelersbackpack.travelers_backpack":13,"stat.useItem.minecraft.potato":64,"stat.pickup.minecraft.chainmail_helmet":1,"stat.pickup.minecraft.nether_wart":15,"stat.mineBlock.minecraft.coal_ore":158,"stat.killEntity.Creeper":6,"stat.pickup.minecraft.shield":6,"stat.pickup.minecraft.wooden_sword":1,"stat.pickup.minecraft.string":52,"stat.pickup.tombstone.crafting_ingredient":22,"stat.entityKilledBy.Skeleton":3,"stat.useItem.minecraft.written_book":2,"stat.sprintOneCm":2077668,"stat.craftItem.iceandfire.armor_silver_metal_helmet":1,"stat.mineBlock.minecraft.diamond_ore":2,"stat.pickup.zoocraftdiscoveries.seed_rosemary":2,"stat.drop.minecraft.lava_bucket":2,"stat.pickup.minecraft.leather_leggings":1,"stat.useItem.minecraft.wooden_sword":13,"stat.drop.tombstone.grave_key":3,"stat.killEntity.Zombie":55,"stat.craftItem.minecraft.dye":2,"stat.pickup.iceandfire.chared_dirt":4,"stat.diveOneCm":215057,"stat.entityKilledBy.deathworm":1,"stat.pickup.iceandfire.dragonbone_bow":1,"stat.mineBlock.minecraft.mossy_cobblestone":1,"stat.drop.minecraft.stone_stairs":1,"stat.craftItem.minecraft.cooked_porkchop":18,"stat.pickup.minecraft.stone_axe":1,"stat.useItem.iceandfire.silver_sword":66,"stat.useItem.minecraft.rotten_flesh":13,"stat.jump":15463,"stat.useItem.minecraft.sand":31,"stat.pickup.minecraft.coal":283,"stat.pickup.minecraft.iron_ingot":148,"stat.pickup.minecraft.gunpowder":7,"stat.pickup.iceandfire.chared_stone":81,"stat.craftItem.minecraft.torch":394,"stat.pickup.minecraft.dirt":249,"stat.useItem.minecraft.sapling":1,"stat.pickup.iceandfire.iceandfire.deathworm_egg":1,"stat.pickup.minecraft.red_sandstone":4,"stat.pickup.minecraft.iron_axe":1,"tombstone:sneak_grave":2,"stat.damageTaken":-2147465696,"stat.mineBlock.minecraft.torch":57,"stat.mineBlock.minecraft.red_flower":2,"stat.mineBlock.minecraft.melon_block":1,"stat.pickup.minecraft.written_book":1,"stat.useItem.minecraft.acacia_door":3,"stat.pickup.minecraft.log2":39,"stat.pickup.zoocraftdiscoveries.seed_saffron":1,"stat.entityKilledBy.ZombieVillager":3,"stat.pickup.minecraft.bed":7,"stat.killEntity.hippogryph":3,"stat.pickup.minecraft.potato":73,"stat.entityKilledBy.Zombie":2,"stat.pickup.iceandfire.chared_grass":5,"stat.killEntity.Silverfish":13,"stat.craftItem.securitycraft.universal_block_reinforcer_lvl1":1,"stat.useItem.minecraft.chest":4,"stat.useItem.minecraft.lava_bucket":6,"stat.useItem.minecraft.melon":4,"stat.drop.iceandfire.chared_dirt":2,"stat.useItem.tombstone.gift":3,"stat.craftItem.minecraft.iron_chestplate":3,"stat.pickup.minecraft.ladder":1,"stat.pickup.minecraft.cooked_beef":10,"stat.useItem.minecraft.netherrack":3,"stat.craftItem.travelersbackpack.sleeping_bag_bottom":1,"stat.mineBlock.minecraft.stonebrick":50,"stat.pickup.zoocraftdiscoveries.seed_thyme":3,"stat.craftItem.iceandfire.armor_silver_metal_boots":1,"stat.mineBlock.minecraft.glowstone":1,"stat.mobKills":145,"stat.mineBlock.minecraft.bookshelf":1,"stat.entityKilledBy.hippogryph":1,"stat.craftItem.minecraft.shears":1,"stat.useItem.minecraft.cobblestone_wall":10,"stat.pickup.minecraft.diamond":9,"stat.pickup.minecraft.beetroot_seeds":37,"stat.drop.futuremc.lily_of_the_valley":1,"stat.pickup.minecraft.torch":118,"stat.drop.minecraft.arrow":1,"stat.craftItem.minecraft.iron_axe":1,"stat.killEntity.Blaze":3,"stat.useItem.minecraft.planks":9,"stat.pickup.minecraft.golden_boots":2,"stat.pickup.minecraft.glowstone_dust":8,"stat.pickup.minecraft.glass":11,"stat.useItem.minecraft.red_sandstone_stairs":1,"stat.drop.travelersbackpack.travelers_backpack":1,"stat.useItem.minecraft.water_bucket":3,"stat.mineBlock.minecraft.red_mushroom":2,"stat.mineBlock.minecraft.stone_brick_stairs":1,"stat.pickup.minecraft.sand":123,"stat.entityKilledBy.Spider":1,"stat.pickup.iceandfire.armor_silver_metal_leggings":1,"stat.craftItem.minecraft.cobblestone_wall":12,"stat.pickup.zoocraftdiscoveries.giraffe_leather":9,"stat.craftItem.minecraft.stone_sword":2,"stat.entityKilledBy.firedragon":9,"stat.pickup.minecraft.chainmail_chestplate":1,"stat.mineBlock.minecraft.sand":27,"stat.pickup.zoocraftdiscoveries.seed_chive":1,"stat.craftItem.securitycraft.reinforced_stone_button":10,"stat.killEntity.zoocraftdiscoveries.giraffe":3,"stat.killEntity.zoocraftdiscoveries.gemsbok":4,"stat.pickup.iceandfire.dragon_skull":1,"stat.useItem.minecraft.cooked_mutton":18,"stat.pickup.minecraft.furnace":6,"stat.craftItem.travelersbackpack.travelers_backpack":1,"stat.pickup.minecraft.iron_chestplate":5,"stat.useItem.minecraft.stone_stairs":103,"stat.pickup.minecraft.skull":1,"stat.pickup.tombstone.magic_scroll":3,"stat.pickup.minecraft.acacia_door":5,"stat.pickup.minecraft.stone_stairs":16,"stat.pickup.futuremc.lily_of_the_valley":4,"stat.craftItem.minecraft.heavy_weighted_pressure_plate":1,"stat.playOneMinute":949644,"stat.pickup.minecraft.blaze_rod":3,"stat.craftItem.securitycraft.keypad_item":1,"stat.pickup.minecraft.iron_bars":34,"stat.pickup.minecraft.netherrack":12,"stat.pickup.iceandfire.myrmex_desert_chitin":8,"stat.mineBlock.minecraft.netherrack":10,"stat.pickup.iceandfire.armor_silver_metal_helmet":1,"stat.drop.minecraft.flint":1,"stat.killEntity.myrmex_royal":1,"stat.mineBlock.iceandfire.fire_lily":1,"stat.fallOneCm":281586,"stat.drop.minecraft.stone":2,"stat.craftItem.minecraft.chest":12,"stat.pickup.minecraft.red_mushroom":2,"stat.pickup.minecraft.golden_leggings":1,"stat.pickup.minecraft.melon":4,"stat.dropperInspected":3,"stat.pickup.minecraft.feather":11,"stat.mineBlock.minecraft.red_nether_brick":2,"stat.useItem.minecraft.furnace":1,"stat.pickup.minecraft.iron_leggings":2,"stat.mineBlock.minecraft.gravel":20,"stat.useItem.minecraft.stone_pickaxe":928,"stat.useItem.minecraft.stone_sword":56,"stat.craftItem.minecraft.iron_leggings":3,"stat.pickup.minecraft.chainmail_boots":1,"stat.craftItem.minecraft.leather":23,"stat.useItem.minecraft.iron_bars":8,"stat.useItem.minecraft.torch":474,"stat.drop.minecraft.stone_brick_stairs":1,"stat.craftItem.minecraft.stone_stairs":92,"stat.pickup.minecraft.crafting_table":2,"stat.craftItem.minecraft.crafting_table":4,"stat.killEntity.zoocraftdiscoveries.camel":1,"stat.mineBlock.minecraft.emerald_ore":1,"stat.pickup.minecraft.redstone_block":4,"stat.pickup.minecraft.log":27,"stat.useItem.minecraft.cooked_fish":3,"stat.pickup.minecraft.chainmail_leggings":1,"stat.pickup.minecraft.sapling":9,"stat.entityKilledBy.Enderman":1,"stat.pickup.minecraft.beetroot":16,"stat.craftItem.toolbelt.belt":1,"stat.mineBlock.iceandfire.goldpile":51,"stat.killEntity.WitherSkeleton":1,"stat.useItem.minecraft.beetroot_seeds":25,"stat.sneakTime":43782,"stat.drop.minecraft.bucket":1,"stat.useItem.minecraft.baked_potato":10,"stat.mineBlock.minecraft.jukebox":1,"stat.pickup.minecraft.yellow_flower":1,"stat.useItem.minecraft.beetroot":11,"stat.drop.minecraft.stone_pickaxe":1,"stat.pickup.minecraft.bone":47,"stat.useItem.minecraft.mushroom_stew":1,"stat.pickup.minecraft.stone_pressure_plate":2,"stat.pickup.iceandfire.deathworm_chitin":5,"stat.pickup.iceandfire.armor_silver_metal_chestplate":1,"stat.craftItem.minecraft.iron_trapdoor":1,"stat.swimOneCm":176424,"stat.climbOneCm":21766,"stat.useItem.minecraft.dirt":86,"stat.pickup.minecraft.golden_helmet":2,"stat.pickup.zoocraftdiscoveries.seed_basil":1,"stat.craftItem.minecraft.stone_pickaxe":9,"stat.pickup.minecraft.cobblestone":1775,"stat.mineBlock.minecraft.redstone_block":5,"stat.pickup.minecraft.soul_sand":1,"stat.useItem.minecraft.cooked_beef":22,"stat.pickup.zoocraftdiscoveries.camel_leather":3,"stat.mineBlock.minecraft.iron_ore":228,"stat.craftItem.minecraft.acacia_door":3,"stat.drop.minecraft.log":2,"stat.pickup.minecraft.mutton":15,"stat.pickup.minecraft.mossy_cobblestone":2,"stat.drop.minecraft.coal":1,"stat.drop.minecraft.iron_bars":1,"stat.mineBlock.minecraft.coal_block":1,"stat.pickup.minecraft.stonebrick":49,"stat.drop.minecraft.dirt":30,"stat.useItem.minecraft.cooked_porkchop":30,"stat.pickup.minecraft.iron_shovel":2,"stat.pickup.minecraft.diamond_shovel":1,"stat.mineBlock.minecraft.nether_brick":2,"stat.craftItem.minecraft.stone_slab2":0,"stat.pickup.minecraft.sandstone_stairs":1,"stat.craftItem.minecraft.stick":172,"stat.drop.minecraft.potion":1,"stat.craftItem.minecraft.stone":14,"stat.mineBlock.minecraft.crafting_table":2,"stat.mineBlock.minecraft.quartz_block":1,"stat.useItem.minecraft.diamond_pickaxe":147,"stat.useItem.minecraft.carrot":97,"stat.pickup.minecraft.diamond_chestplate":1,"stat.useItem.minecraft.bucket":23,"stat.mineBlock.minecraft.planks":8,"stat.drop":88,"stat.pickup.minecraft.jukebox":1,"stat.killEntity.Sheep":6,"stat.craftItem.securitycraft.universal_block_remover":1,"stat.pickup.minecraft.gravel":26,"stat.drop.minecraft.cooked_beef":2,"stat.useItem.minecraft.diamond_axe":9,"stat.useItem.minecraft.apple":4,"stat.pickup.minecraft.stone_brick_stairs":1,"stat.drop.minecraft.cooked_porkchop":11,"stat.craftItem.travelersbackpack.backpack_tank":2,"stat.pickup.minecraft.iron_helmet":1,"stat.useItem.minecraft.stone_axe":49,"stat.pickup.minecraft.spider_eye":10,"stat.craftItem.minecraft.iron_helmet":2,"stat.useItem.minecraft.cooked_chicken":1,"stat.pickup.minecraft.iron_ore":244,"stat.drop.iceandfire.chared_stone":8,"stat.mineBlock.minecraft.iron_bars":31,"stat.mineBlock.minecraft.leaves2":13,"stat.mineBlock.minecraft.stone_stairs":18,"stat.pickup.minecraft.leather":16,"stat.mineBlock.minecraft.furnace":6,"stat.useItem.minecraft.wooden_pickaxe":74,"stat.mineBlock.iceandfire.chared_cobblestone":19,"tombstone:undead_killed":87,"stat.useItem.tombstone.grave_key":1,"stat.drop.zoocraftdiscoveries.seed_coriander":2,"stat.damageDealt":25874,"stat.craftItem.minecraft.glass":25,"stat.sleepInBed":27,"stat.craftItem.minecraft.baked_potato":11,"stat.killEntity.Cow":5,"stat.mineBlock.iceandfire.chared_dirt":1,"stat.walkOneCm":3821780,"stat.playerKills":1,"stat.pickup.zoocraftdiscoveries.seed_lemongrass":3,"stat.pickup.minecraft.stone":92,"stat.mineBlock.minecraft.wool":1,"stat.pickup.zoocraftdiscoveries.seed_coriander":2,"stat.craftItem.iceandfire.armor_silver_metal_chestplate":1,"stat.craftItem.minecraft.redstone":9,"stat.pickup.minecraft.gold_ingot":50,"stat.killEntity.Skeleton":28,"stat.killEntity.Spider":9,"stat.pickup.minecraft.bread":5,"stat.pickup.minecraft.quartz":1,"stat.mineBlock.minecraft.leaves":34,"stat.mineBlock.minecraft.stone":1804,"stat.useItem.minecraft.sandstone":74}