{"stat.useItem.minecraft.bow":1,"stat.leaveGame":20,"stat.drop.minecraft.gunpowder":1,"stat.killEntity.Blaze":4,"stat.mineBlock.minecraft.sandstone":5,"stat.drop.minecraft.shield":1,"stat.useItem.minecraft.mutton":8,"stat.useItem.minecraft.planks":67,"stat.mineBlock.minecraft.web":16,"stat.pickup.minecraft.porkchop":18,"stat.pickup.minecraft.glass":8,"stat.useItem.minecraft.water_bucket":22,"stat.pickup.minecraft.rotten_flesh":171,"stat.pickup.minecraft.sand":57,"stat.entityKilledBy.Spider":1,"stat.useItem.minecraft.red_nether_brick":1,"stat.pickup.minecraft.leather_boots":3,"stat.craftItem.minecraft.iron_shovel":1,"stat.pickup.minecraft.chainmail_chestplate":1,"stat.entityKilledBy.firedragon":3,"stat.mineBlock.minecraft.sand":53,"stat.killEntity.Witch":1,"stat.useItem.minecraft.iron_pickaxe":612,"stat.craftItem.minecraft.wooden_pickaxe":6,"stat.useItem.minecraft.iron_shovel":29,"stat.trappedChestTriggered":2,"stat.mineBlock.minecraft.vine":48,"stat.drop.zoocraftdiscoveries.seed_basil":1,"stat.furnaceInteraction":64,"stat.killEntity.ZombieVillager":4,"stat.mineBlock.futuremc.cornflower":1,"stat.pickup.iceandfire.manuscript":2,"stat.pickup.minecraft.furnace":9,"stat.useItem.minecraft.cooked_mutton":14,"stat.craftItem.travelersbackpack.travelers_backpack":1,"stat.pickup.minecraft.leather_helmet":8,"stat.pickup.minecraft.iron_chestplate":3,"stat.useItem.minecraft.stone_stairs":2,"stat.pickup.tombstone.magic_scroll":1,"stat.pickup.minecraft.stone_stairs":4,"stat.pickup.minecraft.potion":1,"stat.useItem.minecraft.wheat_seeds":34,"stat.killEntity.Husk":4,"stat.mineBlock.minecraft.soul_sand":1,"stat.useItem.minecraft.dye":126,"stat.deaths":54,"stat.pickup.minecraft.egg":2,"stat.playOneMinute":557991,"stat.pickup.minecraft.blaze_rod":1,"stat.mineBlock.minecraft.stone_pressure_plate":8,"stat.craftItem.minecraft.iron_pickaxe":3,"stat.pickup.minecraft.iron_bars":15,"stat.mineBlock.minecraft.tallgrass":58,"stat.craftItem.minecraft.cooked_mutton":8,"stat.pickup.minecraft.netherrack":3,"stat.chestOpened":211,"stat.useItem.minecraft.stone":10,"stat.mineBlock.minecraft.netherrack":1,"stat.pickup.minecraft.arrow":37,"stat.pickup.minecraft.iron_sword":4,"stat.craftItem.minecraft.coal":27,"stat.craftItem.minecraft.iron_hoe":1,"stat.pickup.minecraft.cooked_chicken":2,"stat.fallOneCm":288813,"stat.pickup.minecraft.carrot":352,"stat.crouchOneCm":113741,"stat.mineBlock.minecraft.chest":1,"stat.craftItem.minecraft.iron_ingot":83,"stat.craftItem.minecraft.chest":1,"stat.useItem.minecraft.iron_hoe":182,"stat.craftingTableInteraction":42,"stat.mineBlock.minecraft.nether_wart_block":1,"stat.pickup.minecraft.wooden_pickaxe":2,"stat.mineBlock.minecraft.log2":18,"stat.mineBlock.minecraft.red_nether_brick":5,"stat.pickup.minecraft.planks":106,"stat.pickup.minecraft.iron_leggings":5,"stat.pickup.minecraft.wheat_seeds":51,"stat.mineBlock.minecraft.gravel":25,"stat.useItem.minecraft.stone_pickaxe":585,"stat.mineBlock.minecraft.dirt":163,"stat.pickup.minecraft.chainmail_boots":2,"stat.useItem.minecraft.torch":221,"stat.useItem.minecraft.bread":3,"stat.pickup.minecraft.brewing_stand":1,"stat.drop.minecraft.rotten_flesh":3,"stat.craftItem.minecraft.stone_stairs":4,"stat.pickup.minecraft.crafting_table":10,"stat.useItem.minecraft.log":55,"stat.useItem.minecraft.cobblestone":677,"stat.pickup.minecraft.magma":1,"stat.craftItem.minecraft.crafting_table":8,"stat.pickup.futuremc.dye":3,"stat.useItem.minecraft.gravel":6,"stat.mineBlock.minecraft.double_plant":1,"stat.pickup.minecraft.redstone_block":7,"stat.pickup.minecraft.log":159,"stat.useItem.minecraft.cooked_fish":9,"stat.pickup.minecraft.iron_pickaxe":4,"stat.pickup.minecraft.tipped_arrow":22,"stat.pickup.minecraft.chainmail_leggings":1,"stat.pickup.minecraft.sapling":5,"stat.entityKilledBy.Enderman":2,"stat.drop.minecraft.bow":1,"stat.pickup.minecraft.beetroot":14,"stat.pickup.minecraft.coal_block":3,"stat.craftItem.minecraft.bucket":3,"stat.craftItem.minecraft.planks":364,"stat.useItem.minecraft.iron_sword":494,"stat.pickup.futuremc.cornflower":1,"stat.pickup.minecraft.diamond_helmet":1,"stat.killEntity.WitherSkeleton":2,"stat.useItem.minecraft.stonebrick":9,"stat.mineBlock.minecraft.log":158,"stat.pickup.minecraft.iron_door":4,"stat.pickup.minecraft.red_flower":4,"stat.pickup.minecraft.red_nether_brick":9,"stat.sneakTime":52242,"stat.pickup.minecraft.wool":12,"stat.entityKilledBy.Blaze":1,"stat.useItem.minecraft.baked_potato":3,"stat.pickup.minecraft.cooked_fish":2,"stat.pickup.minecraft.yellow_flower":2,"stat.useItem.minecraft.beetroot":14,"stat.pickup.minecraft.chest":1,"stat.cakeSlicesEaten":6,"stat.pickup.minecraft.bone":61,"stat.pickup.minecraft.stone_pressure_plate":7,"stat.useItem.minecraft.iron_axe":1,"stat.mineBlock.minecraft.cobblestone":71,"stat.pickup.minecraft.leather_chestplate":6,"stat.useItem.minecraft.diamond_sword":474,"stat.craftItem.minecraft.wool":9,"stat.swimOneCm":103284,"stat.climbOneCm":22817,"stat.pickup.minecraft.enchanted_book":1,"stat.pickup.minecraft.cooked_porkchop":21,"stat.useItem.minecraft.dirt":121,"stat.useItem.minecraft.cookie":2,"stat.pickup.minecraft.golden_helmet":2,"stat.pickup.zoocraftdiscoveries.seed_basil":1,"stat.useItem.minecraft.stone_slab2":165,"stat.pickup.minecraft.bow":1,"stat.pickup.minecraft.iron_boots":6,"stat.craftItem.minecraft.furnace":3,"stat.pickup.minecraft.nether_wart_block":1,"stat.pickup.minecraft.anvil":1,"stat.craftItem.minecraft.stone_pickaxe":5,"stat.pickup.minecraft.cobblestone":737,"stat.mineBlock.minecraft.redstone_block":7,"stat.pickup.minecraft.diamond_leggings":2,"stat.useItem.minecraft.stone_shovel":44,"stat.flyOneCm":1828219,"stat.pickup.minecraft.sandstone":5,"stat.pickup.minecraft.soul_sand":1,"stat.drop.minecraft.wheat_seeds":1,"stat.useItem.minecraft.cooked_beef":5,"stat.pickup.minecraft.cactus":3,"stat.pickup.zoocraftdiscoveries.camel_leather":3,"stat.mineBlock.minecraft.iron_ore":161,"stat.timeSinceDeath":15000,"stat.pickup.minecraft.mutton":16,"stat.pickup.minecraft.mossy_cobblestone":9,"stat.pickup.travelersbackpack.travelers_backpack":2,"stat.useItem.minecraft.potato":6,"stat.mineBlock.minecraft.coal_block":3,"stat.pickup.minecraft.chainmail_helmet":2,"stat.pickup.minecraft.stonebrick":42,"stat.drop.minecraft.dirt":1,"stat.useItem.minecraft.cooked_porkchop":17,"stat.pickup.minecraft.iron_shovel":1,"stat.mineBlock.minecraft.coal_ore":201,"stat.drop.minecraft.wool":3,"stat.mineBlock.minecraft.nether_brick":2,"stat.killEntity.Creeper":3,"stat.pickup.minecraft.shield":5,"stat.pickup.minecraft.string":19,"stat.pickup.tombstone.crafting_ingredient":28,"stat.entityKilledBy.Skeleton":5,"stat.craftItem.minecraft.stone_slab2":0,"stat.sprintOneCm":1879956,"stat.pickup.minecraft.paper":2,"stat.craftItem.minecraft.stick":180,"stat.drop.minecraft.potion":4,"stat.mineBlock.minecraft.diamond_ore":12,"stat.mineBlock.minecraft.crafting_table":10,"stat.mineBlock.minecraft.quartz_block":1,"stat.useItem.minecraft.carrot":253,"stat.pickup.minecraft.leather_leggings":1,"stat.useItem.minecraft.bucket":30,"stat.entityKilledBy.Creeper":1,"stat.mineBlock.minecraft.planks":31,"stat.drop":31,"stat.drop.tombstone.grave_key":6,"stat.killEntity.Sheep":10,"stat.killEntity.Zombie":58,"stat.craftItem.minecraft.dye":133,"stat.mineBlock.minecraft.gold_ore":8,"stat.diveOneCm":118569,"stat.pickup.minecraft.wheat":33,"stat.entityKilledBy.deathworm":1,"stat.pickup.minecraft.gravel":19,"stat.useItem.minecraft.diamond_axe":114,"stat.mineBlock.minecraft.anvil":1,"stat.pickup.minecraft.stone_axe":1,"stat.useItem.minecraft.apple":9,"stat.pickup.minecraft.obsidian":2,"stat.useItem.minecraft.rotten_flesh":8,"stat.pickup.minecraft.diamond_sword":2,"stat.craftItem.travelersbackpack.backpack_tank":2,"stat.jump":9875,"stat.useItem.minecraft.sand":3,"stat.pickup.minecraft.coal":298,"stat.pickup.minecraft.iron_helmet":8,"stat.pickup.minecraft.iron_ingot":18,"stat.useItem.minecraft.stone_axe":10,"stat.drop.minecraft.diamond_sword":1,"stat.pickup.minecraft.gunpowder":2,"stat.pickup.minecraft.spider_eye":6,"stat.craftItem.minecraft.torch":324,"stat.pickup.minecraft.dirt":174,"stat.useItem.minecraft.cooked_chicken":2,"stat.drop.minecraft.glass":8,"stat.pickup.minecraft.iron_ore":157,"stat.pickup.minecraft.gold_ore":8,"stat.mineBlock.minecraft.iron_bars":15,"stat.useItem.minecraft.sapling":2,"stat.pickup.minecraft.iron_axe":4,"stat.mineBlock.minecraft.leaves2":1,"stat.mineBlock.minecraft.stone_stairs":2,"stat.damageTaken":-2147468909,"stat.pickup.minecraft.leather":21,"stat.mineBlock.minecraft.furnace":9,"stat.mineBlock.minecraft.torch":16,"stat.mineBlock.minecraft.red_flower":4,"stat.useItem.minecraft.wooden_pickaxe":154,"stat.dispenserInspected":5,"stat.pickup.minecraft.log2":18,"stat.entityKilledBy.ZombieVillager":2,"stat.killEntity.CaveSpider":1,"stat.pickup.minecraft.bed":1,"tombstone:undead_killed":101,"stat.pickup.minecraft.quartz_block":3,"stat.pickup.minecraft.potato":12,"stat.pickup.minecraft.oak_stairs":1,"stat.entityKilledBy.Zombie":9,"stat.pickup.minecraft.diamond_axe":5,"stat.damageDealt":33224,"stat.craftItem.minecraft.glass":22,"stat.sleepInBed":8,"stat.craftItem.minecraft.baked_potato":1,"stat.mineBlock.minecraft.nether_brick_stairs":1,"stat.killEntity.Silverfish":18,"stat.killEntity.Cow":28,"stat.killEntity.Pig":11,"stat.craftItem.minecraft.stone_shovel":1,"stat.walkOneCm":1764961,"stat.animalsBred":24,"stat.pickup.minecraft.stick":2,"stat.useItem.minecraft.lava_bucket":3,"stat.useItem.tombstone.gift":3,"stat.pickup.minecraft.stone":127,"stat.pickup.minecraft.cooked_beef":51,"stat.killEntity.Stray":1,"stat.killEntity.Skeleton":32,"stat.craftItem.travelersbackpack.sleeping_bag_bottom":2,"stat.mineBlock.minecraft.stonebrick":35,"stat.killEntity.Spider":12,"stat.pickup.zoocraftdiscoveries.seed_thyme":2,"stat.mineBlock.minecraft.quartz_ore":1,"stat.mobKills":221,"stat.pickup.minecraft.quartz":1,"stat.entityKilledBy.Husk":2,"stat.pickup.minecraft.diamond":12,"stat.pickup.minecraft.beetroot_seeds":23,"stat.mineBlock.minecraft.leaves":35,"stat.pickup.minecraft.torch":24,"stat.entityKilledBy.Silverfish":4,"stat.mineBlock.minecraft.redstone_ore":1,"stat.pickup.minecraft.lava_bucket":1,"stat.mineBlock.minecraft.stone":623,"stat.useItem.minecraft.sandstone":4}