{"stat.chestOpened":4,"stat.walkOneCm":114228,"stat.pickup.minecraft.bone":6,"stat.useItem.minecraft.torch":5,"stat.useItem.minecraft.potato":1,"stat.pickup.minecraft.stick":2,"stat.leaveGame":2,"stat.mineBlock.minecraft.vine":1,"stat.pickup.minecraft.arrow":2,"stat.pickup.minecraft.crafting_table":3,"stat.useItem.minecraft.cobblestone":26,"stat.craftItem.minecraft.crafting_table":1,"stat.furnaceInteraction":2,"stat.mineBlock.minecraft.coal_ore":51,"stat.mineBlock.minecraft.sandstone":5,"stat.pickup.minecraft.log":21,"stat.jump":1137,"stat.swimOneCm":10351,"stat.pickup.minecraft.coal":58,"stat.fallOneCm":33270,"stat.useItem.minecraft.planks":49,"stat.climbOneCm":620,"stat.useItem.tombstone.gift":1,"stat.pickup.minecraft.furnace":1,"stat.pickup.minecraft.carrot":11,"stat.entityKilledBy.Skeleton":1,"stat.craftItem.minecraft.stone_slab2":0,"stat.crouchOneCm":6506,"stat.craftItem.minecraft.iron_ingot":4,"stat.craftItem.minecraft.torch":24,"stat.pickup.minecraft.dirt":4,"stat.useItem.minecraft.dirt":3,"stat.sprintOneCm":152907,"stat.useItem.minecraft.stone_slab2":12,"stat.craftItem.minecraft.stick":12,"stat.craftingTableInteraction":6,"stat.pickup.minecraft.iron_ore":10,"stat.pickup.minecraft.sand":4,"stat.killEntity.Skeleton":2,"stat.pickup.minecraft.beetroot":14,"stat.craftItem.minecraft.furnace":1,"stat.craftItem.minecraft.planks":84,"stat.damageTaken":1278,"stat.mineBlock.minecraft.crafting_table":3,"stat.craftItem.minecraft.stone_pickaxe":2,"stat.mineBlock.minecraft.furnace":1,"stat.useItem.minecraft.wooden_pickaxe":32,"stat.useItem.minecraft.carrot":10,"stat.pickup.minecraft.cobblestone":53,"stat.mobKills":2,"stat.mineBlock.minecraft.log":21,"stat.pickup.minecraft.planks":66,"stat.entityKilledBy.Husk":1,"stat.flyOneCm":240113,"stat.mineBlock.minecraft.planks":23,"stat.deaths":5,"stat.pickup.minecraft.sandstone":5,"tombstone:undead_killed":2,"stat.mineBlock.minecraft.sand":4,"stat.pickup.minecraft.beetroot_seeds":23,"stat.pickup.minecraft.potato":3,"stat.playOneMinute":46667,"stat.useItem.minecraft.stone_pickaxe":120,"stat.sneakTime":3496,"stat.pickup.zoocraftdiscoveries.camel_leather":3,"stat.damageDealt":439,"stat.mineBlock.minecraft.iron_ore":10,"stat.timeSinceDeath":5036,"stat.mineBlock.minecraft.dirt":4,"stat.craftItem.minecraft.wooden_pickaxe":1,"stat.mineBlock.minecraft.stone":54,"stat.mineBlock.minecraft.tallgrass":1,"stat.diveOneCm":5829,"stat.useItem.minecraft.beetroot":14,"stat.useItem.minecraft.sandstone":4,"stat.entityKilledBy.deathworm":1}