{"stat.chestOpened":1,"stat.walkOneCm":23993,"stat.craftItem.minecraft.planks":84,"stat.leaveGame":1,"stat.damageTaken":220,"stat.mineBlock.minecraft.log":21,"stat.pickup.minecraft.planks":4,"stat.pickup.minecraft.log":21,"stat.flyOneCm":33923,"stat.mineBlock.minecraft.planks":4,"stat.deaths":1,"stat.jump":153,"stat.swimOneCm":932,"stat.pickup.minecraft.potato":3,"stat.playOneMinute":10665,"stat.fallOneCm":2289,"stat.useItem.minecraft.planks":11,"stat.sneakTime":619,"stat.crouchOneCm":504,"stat.timeSinceDeath":661,"stat.sprintOneCm":29927,"stat.diveOneCm":2701,"stat.entityKilledBy.deathworm":1}