{"stat.useItem.minecraft.bow":1,"stat.leaveGame":13,"stat.drop.minecraft.gunpowder":1,"stat.mineBlock.minecraft.sandstone":5,"stat.drop.minecraft.shield":1,"stat.useItem.minecraft.mutton":6,"stat.useItem.minecraft.planks":57,"stat.pickup.minecraft.porkchop":18,"stat.pickup.minecraft.rotten_flesh":161,"stat.pickup.minecraft.sand":28,"stat.entityKilledBy.Spider":1,"stat.pickup.minecraft.leather_boots":2,"stat.mineBlock.minecraft.sand":24,"stat.useItem.minecraft.iron_pickaxe":388,"stat.craftItem.minecraft.wooden_pickaxe":6,"stat.trappedChestTriggered":1,"stat.mineBlock.minecraft.vine":47,"stat.drop.zoocraftdiscoveries.seed_basil":1,"stat.furnaceInteraction":42,"stat.killEntity.ZombieVillager":1,"stat.pickup.iceandfire.manuscript":2,"stat.pickup.minecraft.furnace":9,"stat.useItem.minecraft.cooked_mutton":8,"stat.pickup.minecraft.leather_helmet":5,"stat.pickup.minecraft.iron_chestplate":3,"stat.pickup.tombstone.magic_scroll":1,"stat.pickup.minecraft.stone_stairs":3,"stat.pickup.minecraft.potion":1,"stat.killEntity.Husk":3,"stat.mineBlock.minecraft.soul_sand":1,"stat.deaths":44,"stat.playOneMinute":348954,"stat.mineBlock.minecraft.stone_pressure_plate":8,"stat.craftItem.minecraft.iron_pickaxe":3,"stat.pickup.minecraft.iron_bars":8,"stat.mineBlock.minecraft.tallgrass":55,"stat.craftItem.minecraft.cooked_mutton":8,"stat.pickup.minecraft.netherrack":3,"stat.chestOpened":62,"stat.useItem.minecraft.stone":10,"stat.mineBlock.minecraft.netherrack":1,"stat.pickup.minecraft.arrow":17,"stat.pickup.minecraft.iron_sword":4,"stat.pickup.minecraft.cooked_chicken":2,"stat.fallOneCm":210291,"stat.pickup.minecraft.carrot":19,"stat.crouchOneCm":61177,"stat.mineBlock.minecraft.chest":1,"stat.craftItem.minecraft.iron_ingot":24,"stat.craftingTableInteraction":25,"stat.mineBlock.minecraft.nether_wart_block":1,"stat.pickup.minecraft.wooden_pickaxe":2,"stat.mineBlock.minecraft.red_nether_brick":4,"stat.pickup.minecraft.planks":76,"stat.pickup.minecraft.iron_leggings":3,"stat.pickup.minecraft.wheat_seeds":1,"stat.mineBlock.minecraft.gravel":8,"stat.useItem.minecraft.stone_pickaxe":415,"stat.mineBlock.minecraft.dirt":38,"stat.pickup.minecraft.chainmail_boots":2,"stat.useItem.minecraft.torch":147,"stat.useItem.minecraft.bread":3,"stat.pickup.minecraft.crafting_table":9,"stat.useItem.minecraft.log":1,"stat.useItem.minecraft.cobblestone":160,"stat.craftItem.minecraft.crafting_table":6,"stat.pickup.futuremc.dye":3,"stat.useItem.minecraft.gravel":1,"stat.mineBlock.minecraft.double_plant":1,"stat.pickup.minecraft.log":90,"stat.useItem.minecraft.cooked_fish":7,"stat.pickup.minecraft.iron_pickaxe":2,"stat.pickup.minecraft.tipped_arrow":21,"stat.pickup.minecraft.chainmail_leggings":1,"stat.pickup.minecraft.sapling":1,"stat.entityKilledBy.Enderman":2,"stat.drop.minecraft.bow":1,"stat.pickup.minecraft.beetroot":14,"stat.pickup.minecraft.coal_block":1,"stat.craftItem.minecraft.bucket":1,"stat.craftItem.minecraft.planks":328,"stat.useItem.minecraft.iron_sword":494,"stat.pickup.minecraft.diamond_helmet":1,"stat.killEntity.WitherSkeleton":1,"stat.useItem.minecraft.stonebrick":8,"stat.mineBlock.minecraft.log":88,"stat.pickup.minecraft.iron_door":4,"stat.pickup.minecraft.red_nether_brick":6,"stat.sneakTime":34172,"stat.pickup.minecraft.wool":12,"stat.useItem.minecraft.baked_potato":3,"stat.pickup.minecraft.cooked_fish":2,"stat.pickup.minecraft.yellow_flower":2,"stat.useItem.minecraft.beetroot":14,"stat.pickup.minecraft.chest":1,"stat.cakeSlicesEaten":6,"stat.pickup.minecraft.bone":30,"stat.pickup.minecraft.stone_pressure_plate":7,"stat.useItem.minecraft.iron_axe":1,"stat.mineBlock.minecraft.cobblestone":23,"stat.pickup.minecraft.leather_chestplate":6,"stat.useItem.minecraft.diamond_sword":155,"stat.swimOneCm":74793,"stat.climbOneCm":15434,"stat.pickup.minecraft.enchanted_book":1,"stat.pickup.minecraft.cooked_porkchop":7,"stat.useItem.minecraft.dirt":23,"stat.useItem.minecraft.cookie":2,"stat.pickup.zoocraftdiscoveries.seed_basil":1,"stat.useItem.minecraft.stone_slab2":71,"stat.pickup.minecraft.bow":1,"stat.pickup.minecraft.iron_boots":5,"stat.craftItem.minecraft.furnace":3,"stat.pickup.minecraft.nether_wart_block":1,"stat.craftItem.minecraft.stone_pickaxe":5,"stat.pickup.minecraft.cobblestone":414,"stat.flyOneCm":1222465,"stat.pickup.minecraft.sandstone":5,"stat.pickup.minecraft.soul_sand":1,"stat.drop.minecraft.wheat_seeds":1,"stat.pickup.minecraft.cactus":3,"stat.pickup.zoocraftdiscoveries.camel_leather":3,"stat.mineBlock.minecraft.iron_ore":122,"stat.timeSinceDeath":4407,"stat.pickup.minecraft.mutton":16,"stat.pickup.minecraft.mossy_cobblestone":9,"stat.useItem.minecraft.potato":1,"stat.mineBlock.minecraft.coal_block":1,"stat.pickup.minecraft.chainmail_helmet":2,"stat.pickup.minecraft.stonebrick":40,"stat.useItem.minecraft.cooked_porkchop":7,"stat.pickup.minecraft.iron_shovel":1,"stat.mineBlock.minecraft.coal_ore":153,"stat.drop.minecraft.wool":3,"stat.mineBlock.minecraft.nether_brick":1,"stat.killEntity.Creeper":2,"stat.pickup.minecraft.shield":4,"stat.pickup.minecraft.string":14,"stat.pickup.tombstone.crafting_ingredient":23,"stat.entityKilledBy.Skeleton":3,"stat.craftItem.minecraft.stone_slab2":0,"stat.sprintOneCm":1178376,"stat.pickup.minecraft.paper":2,"stat.craftItem.minecraft.stick":136,"stat.drop.minecraft.potion":2,"stat.mineBlock.minecraft.diamond_ore":12,"stat.mineBlock.minecraft.crafting_table":9,"stat.mineBlock.minecraft.quartz_block":1,"stat.useItem.minecraft.carrot":13,"stat.pickup.minecraft.leather_leggings":1,"stat.useItem.minecraft.bucket":1,"stat.entityKilledBy.Creeper":1,"stat.mineBlock.minecraft.planks":29,"stat.drop":16,"stat.drop.tombstone.grave_key":6,"stat.killEntity.Sheep":10,"stat.killEntity.Zombie":41,"stat.mineBlock.minecraft.gold_ore":8,"stat.diveOneCm":50575,"stat.pickup.minecraft.wheat":1,"stat.entityKilledBy.deathworm":1,"stat.pickup.minecraft.gravel":8,"stat.useItem.minecraft.diamond_axe":1,"stat.pickup.minecraft.stone_axe":1,"stat.useItem.minecraft.apple":9,"stat.useItem.minecraft.rotten_flesh":8,"stat.pickup.minecraft.diamond_sword":1,"stat.jump":6779,"stat.useItem.minecraft.sand":3,"stat.pickup.minecraft.coal":250,"stat.pickup.minecraft.iron_helmet":6,"stat.pickup.minecraft.iron_ingot":18,"stat.useItem.minecraft.stone_axe":10,"stat.pickup.minecraft.gunpowder":2,"stat.pickup.minecraft.spider_eye":5,"stat.craftItem.minecraft.torch":232,"stat.pickup.minecraft.dirt":42,"stat.useItem.minecraft.cooked_chicken":2,"stat.pickup.minecraft.iron_ore":118,"stat.pickup.minecraft.gold_ore":8,"stat.mineBlock.minecraft.iron_bars":13,"stat.pickup.minecraft.iron_axe":3,"stat.mineBlock.minecraft.stone_stairs":1,"stat.damageTaken":10158,"stat.mineBlock.minecraft.furnace":9,"stat.mineBlock.minecraft.torch":11,"stat.useItem.minecraft.wooden_pickaxe":154,"stat.dispenserInspected":2,"stat.entityKilledBy.ZombieVillager":1,"stat.pickup.minecraft.bed":1,"tombstone:undead_killed":62,"stat.pickup.minecraft.quartz_block":3,"stat.pickup.minecraft.potato":10,"stat.pickup.minecraft.oak_stairs":1,"stat.entityKilledBy.Zombie":9,"stat.pickup.minecraft.diamond_axe":4,"stat.damageDealt":20910,"stat.craftItem.minecraft.glass":8,"stat.sleepInBed":4,"stat.craftItem.minecraft.baked_potato":1,"stat.mineBlock.minecraft.nether_brick_stairs":1,"stat.killEntity.Silverfish":17,"stat.killEntity.Pig":7,"stat.walkOneCm":1068768,"stat.pickup.minecraft.stick":2,"stat.useItem.tombstone.gift":2,"stat.pickup.minecraft.stone":123,"stat.killEntity.Skeleton":16,"stat.mineBlock.minecraft.stonebrick":32,"stat.killEntity.Spider":9,"stat.pickup.zoocraftdiscoveries.seed_thyme":2,"stat.mineBlock.minecraft.quartz_ore":1,"stat.mobKills":130,"stat.pickup.minecraft.quartz":1,"stat.entityKilledBy.Husk":2,"stat.pickup.minecraft.diamond":12,"stat.pickup.minecraft.beetroot_seeds":23,"stat.mineBlock.minecraft.leaves":12,"stat.pickup.minecraft.torch":16,"stat.entityKilledBy.Silverfish":4,"stat.mineBlock.minecraft.stone":410,"stat.useItem.minecraft.sandstone":4}