{"stat.useItem.minecraft.bow":1,"stat.leaveGame":14,"stat.drop.minecraft.gunpowder":1,"stat.killEntity.Blaze":4,"stat.mineBlock.minecraft.sandstone":5,"stat.drop.minecraft.shield":1,"stat.useItem.minecraft.mutton":8,"stat.useItem.minecraft.planks":66,"stat.mineBlock.minecraft.web":16,"stat.pickup.minecraft.porkchop":18,"stat.pickup.minecraft.rotten_flesh":167,"stat.pickup.minecraft.sand":28,"stat.entityKilledBy.Spider":1,"stat.useItem.minecraft.red_nether_brick":1,"stat.pickup.minecraft.leather_boots":3,"stat.pickup.minecraft.chainmail_chestplate":1,"stat.mineBlock.minecraft.sand":24,"stat.useItem.minecraft.iron_pickaxe":411,"stat.craftItem.minecraft.wooden_pickaxe":6,"stat.trappedChestTriggered":1,"stat.mineBlock.minecraft.vine":47,"stat.drop.zoocraftdiscoveries.seed_basil":1,"stat.furnaceInteraction":42,"stat.killEntity.ZombieVillager":4,"stat.pickup.iceandfire.manuscript":2,"stat.pickup.minecraft.furnace":9,"stat.useItem.minecraft.cooked_mutton":12,"stat.pickup.minecraft.leather_helmet":8,"stat.pickup.minecraft.iron_chestplate":3,"stat.pickup.tombstone.magic_scroll":1,"stat.pickup.minecraft.stone_stairs":4,"stat.pickup.minecraft.potion":1,"stat.killEntity.Husk":4,"stat.mineBlock.minecraft.soul_sand":1,"stat.deaths":47,"stat.playOneMinute":387534,"stat.pickup.minecraft.blaze_rod":1,"stat.mineBlock.minecraft.stone_pressure_plate":8,"stat.craftItem.minecraft.iron_pickaxe":3,"stat.pickup.minecraft.iron_bars":15,"stat.mineBlock.minecraft.tallgrass":55,"stat.craftItem.minecraft.cooked_mutton":8,"stat.pickup.minecraft.netherrack":3,"stat.chestOpened":78,"stat.useItem.minecraft.stone":10,"stat.mineBlock.minecraft.netherrack":1,"stat.pickup.minecraft.arrow":24,"stat.pickup.minecraft.iron_sword":4,"stat.craftItem.minecraft.coal":27,"stat.pickup.minecraft.cooked_chicken":2,"stat.fallOneCm":214416,"stat.pickup.minecraft.carrot":19,"stat.crouchOneCm":65604,"stat.mineBlock.minecraft.chest":1,"stat.craftItem.minecraft.iron_ingot":24,"stat.craftingTableInteraction":25,"stat.mineBlock.minecraft.nether_wart_block":1,"stat.pickup.minecraft.wooden_pickaxe":2,"stat.mineBlock.minecraft.red_nether_brick":5,"stat.pickup.minecraft.planks":104,"stat.pickup.minecraft.iron_leggings":4,"stat.pickup.minecraft.wheat_seeds":1,"stat.mineBlock.minecraft.gravel":11,"stat.useItem.minecraft.stone_pickaxe":448,"stat.mineBlock.minecraft.dirt":38,"stat.pickup.minecraft.chainmail_boots":2,"stat.useItem.minecraft.torch":155,"stat.useItem.minecraft.bread":3,"stat.pickup.minecraft.crafting_table":9,"stat.useItem.minecraft.log":1,"stat.useItem.minecraft.cobblestone":161,"stat.pickup.minecraft.magma":1,"stat.craftItem.minecraft.crafting_table":6,"stat.pickup.futuremc.dye":3,"stat.useItem.minecraft.gravel":1,"stat.mineBlock.minecraft.double_plant":1,"stat.pickup.minecraft.redstone_block":7,"stat.pickup.minecraft.log":90,"stat.useItem.minecraft.cooked_fish":9,"stat.pickup.minecraft.iron_pickaxe":3,"stat.pickup.minecraft.tipped_arrow":22,"stat.pickup.minecraft.chainmail_leggings":1,"stat.pickup.minecraft.sapling":1,"stat.entityKilledBy.Enderman":2,"stat.drop.minecraft.bow":1,"stat.pickup.minecraft.beetroot":14,"stat.pickup.minecraft.coal_block":3,"stat.craftItem.minecraft.bucket":1,"stat.craftItem.minecraft.planks":328,"stat.useItem.minecraft.iron_sword":494,"stat.pickup.minecraft.diamond_helmet":1,"stat.killEntity.WitherSkeleton":1,"stat.useItem.minecraft.stonebrick":9,"stat.mineBlock.minecraft.log":88,"stat.pickup.minecraft.iron_door":4,"stat.pickup.minecraft.red_nether_brick":8,"stat.sneakTime":36539,"stat.pickup.minecraft.wool":12,"stat.entityKilledBy.Blaze":1,"stat.useItem.minecraft.baked_potato":3,"stat.pickup.minecraft.cooked_fish":2,"stat.pickup.minecraft.yellow_flower":2,"stat.useItem.minecraft.beetroot":14,"stat.pickup.minecraft.chest":1,"stat.cakeSlicesEaten":6,"stat.pickup.minecraft.bone":42,"stat.pickup.minecraft.stone_pressure_plate":7,"stat.useItem.minecraft.iron_axe":1,"stat.mineBlock.minecraft.cobblestone":28,"stat.pickup.minecraft.leather_chestplate":6,"stat.useItem.minecraft.diamond_sword":366,"stat.swimOneCm":76267,"stat.climbOneCm":17575,"stat.pickup.minecraft.enchanted_book":1,"stat.pickup.minecraft.cooked_porkchop":7,"stat.useItem.minecraft.dirt":23,"stat.useItem.minecraft.cookie":2,"stat.pickup.minecraft.golden_helmet":2,"stat.pickup.zoocraftdiscoveries.seed_basil":1,"stat.useItem.minecraft.stone_slab2":75,"stat.pickup.minecraft.bow":1,"stat.pickup.minecraft.iron_boots":6,"stat.craftItem.minecraft.furnace":3,"stat.pickup.minecraft.nether_wart_block":1,"stat.craftItem.minecraft.stone_pickaxe":5,"stat.pickup.minecraft.cobblestone":448,"stat.mineBlock.minecraft.redstone_block":7,"stat.pickup.minecraft.diamond_leggings":2,"stat.flyOneCm":1254938,"stat.pickup.minecraft.sandstone":5,"stat.pickup.minecraft.soul_sand":1,"stat.drop.minecraft.wheat_seeds":1,"stat.useItem.minecraft.cooked_beef":1,"stat.pickup.minecraft.cactus":3,"stat.pickup.zoocraftdiscoveries.camel_leather":3,"stat.mineBlock.minecraft.iron_ore":122,"stat.timeSinceDeath":17192,"stat.pickup.minecraft.mutton":16,"stat.pickup.minecraft.mossy_cobblestone":9,"stat.useItem.minecraft.potato":1,"stat.mineBlock.minecraft.coal_block":3,"stat.pickup.minecraft.chainmail_helmet":2,"stat.pickup.minecraft.stonebrick":40,"stat.useItem.minecraft.cooked_porkchop":13,"stat.pickup.minecraft.iron_shovel":1,"stat.mineBlock.minecraft.coal_ore":153,"stat.drop.minecraft.wool":3,"stat.mineBlock.minecraft.nether_brick":2,"stat.killEntity.Creeper":2,"stat.pickup.minecraft.shield":5,"stat.pickup.minecraft.string":18,"stat.pickup.tombstone.crafting_ingredient":27,"stat.entityKilledBy.Skeleton":4,"stat.craftItem.minecraft.stone_slab2":0,"stat.sprintOneCm":1356110,"stat.pickup.minecraft.paper":2,"stat.craftItem.minecraft.stick":136,"stat.drop.minecraft.potion":2,"stat.mineBlock.minecraft.diamond_ore":12,"stat.mineBlock.minecraft.crafting_table":9,"stat.mineBlock.minecraft.quartz_block":1,"stat.useItem.minecraft.carrot":13,"stat.pickup.minecraft.leather_leggings":1,"stat.useItem.minecraft.bucket":4,"stat.entityKilledBy.Creeper":1,"stat.mineBlock.minecraft.planks":29,"stat.drop":17,"stat.drop.tombstone.grave_key":6,"stat.killEntity.Sheep":10,"stat.killEntity.Zombie":57,"stat.mineBlock.minecraft.gold_ore":8,"stat.diveOneCm":50712,"stat.pickup.minecraft.wheat":1,"stat.entityKilledBy.deathworm":1,"stat.pickup.minecraft.gravel":8,"stat.useItem.minecraft.diamond_axe":1,"stat.pickup.minecraft.stone_axe":1,"stat.useItem.minecraft.apple":9,"stat.pickup.minecraft.obsidian":2,"stat.useItem.minecraft.rotten_flesh":8,"stat.pickup.minecraft.diamond_sword":2,"stat.jump":7076,"stat.useItem.minecraft.sand":3,"stat.pickup.minecraft.coal":250,"stat.pickup.minecraft.iron_helmet":8,"stat.pickup.minecraft.iron_ingot":18,"stat.useItem.minecraft.stone_axe":10,"stat.drop.minecraft.diamond_sword":1,"stat.pickup.minecraft.gunpowder":2,"stat.pickup.minecraft.spider_eye":6,"stat.craftItem.minecraft.torch":232,"stat.pickup.minecraft.dirt":42,"stat.useItem.minecraft.cooked_chicken":2,"stat.pickup.minecraft.iron_ore":118,"stat.pickup.minecraft.gold_ore":8,"stat.mineBlock.minecraft.iron_bars":15,"stat.pickup.minecraft.iron_axe":4,"stat.mineBlock.minecraft.stone_stairs":2,"stat.damageTaken":11952,"stat.mineBlock.minecraft.furnace":9,"stat.mineBlock.minecraft.torch":11,"stat.useItem.minecraft.wooden_pickaxe":154,"stat.dispenserInspected":2,"stat.entityKilledBy.ZombieVillager":2,"stat.killEntity.CaveSpider":1,"stat.pickup.minecraft.bed":1,"tombstone:undead_killed":90,"stat.pickup.minecraft.quartz_block":3,"stat.pickup.minecraft.potato":10,"stat.pickup.minecraft.oak_stairs":1,"stat.entityKilledBy.Zombie":9,"stat.pickup.minecraft.diamond_axe":5,"stat.damageDealt":27331,"stat.craftItem.minecraft.glass":8,"stat.sleepInBed":4,"stat.craftItem.minecraft.baked_potato":1,"stat.mineBlock.minecraft.nether_brick_stairs":1,"stat.killEntity.Silverfish":18,"stat.killEntity.Pig":7,"stat.walkOneCm":1281806,"stat.pickup.minecraft.stick":2,"stat.useItem.minecraft.lava_bucket":3,"stat.useItem.tombstone.gift":2,"stat.pickup.minecraft.stone":123,"stat.killEntity.Stray":1,"stat.killEntity.Skeleton":23,"stat.mineBlock.minecraft.stonebrick":32,"stat.killEntity.Spider":11,"stat.pickup.zoocraftdiscoveries.seed_thyme":2,"stat.mineBlock.minecraft.quartz_ore":1,"stat.mobKills":173,"stat.pickup.minecraft.quartz":1,"stat.entityKilledBy.Husk":2,"stat.pickup.minecraft.diamond":12,"stat.pickup.minecraft.beetroot_seeds":23,"stat.mineBlock.minecraft.leaves":12,"stat.pickup.minecraft.torch":16,"stat.entityKilledBy.Silverfish":4,"stat.mineBlock.minecraft.redstone_ore":1,"stat.pickup.minecraft.lava_bucket":1,"stat.mineBlock.minecraft.stone":439,"stat.useItem.minecraft.sandstone":4}