{"stat.useItem.minecraft.bow":1,"stat.leaveGame":12,"stat.drop.minecraft.gunpowder":1,"stat.mineBlock.minecraft.sandstone":5,"stat.drop.minecraft.shield":1,"stat.useItem.minecraft.mutton":6,"stat.useItem.minecraft.planks":57,"stat.pickup.minecraft.porkchop":18,"stat.pickup.minecraft.rotten_flesh":143,"stat.pickup.minecraft.sand":28,"stat.entityKilledBy.Spider":1,"stat.mineBlock.minecraft.sand":24,"stat.useItem.minecraft.iron_pickaxe":311,"stat.craftItem.minecraft.wooden_pickaxe":6,"stat.trappedChestTriggered":1,"stat.mineBlock.minecraft.vine":25,"stat.drop.zoocraftdiscoveries.seed_basil":1,"stat.furnaceInteraction":42,"stat.killEntity.ZombieVillager":1,"stat.pickup.iceandfire.manuscript":2,"stat.pickup.minecraft.furnace":9,"stat.useItem.minecraft.cooked_mutton":7,"stat.pickup.minecraft.leather_helmet":3,"stat.pickup.minecraft.iron_chestplate":2,"stat.pickup.tombstone.magic_scroll":1,"stat.pickup.minecraft.potion":1,"stat.killEntity.Husk":1,"stat.deaths":38,"stat.playOneMinute":297958,"stat.mineBlock.minecraft.stone_pressure_plate":7,"stat.craftItem.minecraft.iron_pickaxe":3,"stat.pickup.minecraft.iron_bars":6,"stat.mineBlock.minecraft.tallgrass":55,"stat.craftItem.minecraft.cooked_mutton":8,"stat.pickup.minecraft.netherrack":3,"stat.chestOpened":53,"stat.useItem.minecraft.stone":10,"stat.mineBlock.minecraft.netherrack":1,"stat.pickup.minecraft.arrow":13,"stat.pickup.minecraft.iron_sword":3,"stat.pickup.minecraft.cooked_chicken":2,"stat.fallOneCm":200660,"stat.pickup.minecraft.carrot":19,"stat.crouchOneCm":55738,"stat.mineBlock.minecraft.chest":1,"stat.craftItem.minecraft.iron_ingot":24,"stat.craftingTableInteraction":25,"stat.pickup.minecraft.wooden_pickaxe":2,"stat.mineBlock.minecraft.red_nether_brick":4,"stat.pickup.minecraft.planks":73,"stat.pickup.minecraft.iron_leggings":3,"stat.pickup.minecraft.wheat_seeds":1,"stat.mineBlock.minecraft.gravel":3,"stat.useItem.minecraft.stone_pickaxe":415,"stat.mineBlock.minecraft.dirt":38,"stat.useItem.minecraft.torch":144,"stat.useItem.minecraft.bread":3,"stat.pickup.minecraft.crafting_table":9,"stat.useItem.minecraft.log":1,"stat.useItem.minecraft.cobblestone":119,"stat.craftItem.minecraft.crafting_table":6,"stat.pickup.futuremc.dye":3,"stat.mineBlock.minecraft.double_plant":1,"stat.pickup.minecraft.log":90,"stat.useItem.minecraft.cooked_fish":7,"stat.pickup.minecraft.iron_pickaxe":2,"stat.pickup.minecraft.tipped_arrow":21,"stat.pickup.minecraft.sapling":1,"stat.entityKilledBy.Enderman":2,"stat.drop.minecraft.bow":1,"stat.pickup.minecraft.beetroot":14,"stat.craftItem.minecraft.bucket":1,"stat.craftItem.minecraft.planks":328,"stat.useItem.minecraft.iron_sword":494,"stat.pickup.minecraft.diamond_helmet":1,"stat.killEntity.WitherSkeleton":1,"stat.useItem.minecraft.stonebrick":3,"stat.mineBlock.minecraft.log":88,"stat.pickup.minecraft.iron_door":2,"stat.pickup.minecraft.red_nether_brick":6,"stat.sneakTime":29795,"stat.pickup.minecraft.wool":12,"stat.useItem.minecraft.baked_potato":2,"stat.pickup.minecraft.cooked_fish":2,"stat.pickup.minecraft.yellow_flower":2,"stat.useItem.minecraft.beetroot":14,"stat.pickup.minecraft.chest":1,"stat.cakeSlicesEaten":6,"stat.pickup.minecraft.bone":23,"stat.pickup.minecraft.stone_pressure_plate":7,"stat.useItem.minecraft.iron_axe":1,"stat.mineBlock.minecraft.cobblestone":17,"stat.pickup.minecraft.leather_chestplate":5,"stat.useItem.minecraft.diamond_sword":102,"stat.swimOneCm":68021,"stat.climbOneCm":11302,"stat.pickup.minecraft.enchanted_book":1,"stat.pickup.minecraft.cooked_porkchop":7,"stat.useItem.minecraft.dirt":23,"stat.useItem.minecraft.cookie":2,"stat.pickup.zoocraftdiscoveries.seed_basil":1,"stat.useItem.minecraft.stone_slab2":63,"stat.pickup.minecraft.bow":1,"stat.pickup.minecraft.iron_boots":4,"stat.craftItem.minecraft.furnace":3,"stat.craftItem.minecraft.stone_pickaxe":5,"stat.pickup.minecraft.cobblestone":387,"stat.flyOneCm":1168912,"stat.pickup.minecraft.sandstone":5,"stat.drop.minecraft.wheat_seeds":1,"stat.pickup.minecraft.cactus":3,"stat.pickup.zoocraftdiscoveries.camel_leather":3,"stat.mineBlock.minecraft.iron_ore":122,"stat.timeSinceDeath":4626,"stat.pickup.minecraft.mutton":16,"stat.pickup.minecraft.mossy_cobblestone":9,"stat.useItem.minecraft.potato":1,"stat.pickup.minecraft.chainmail_helmet":2,"stat.pickup.minecraft.stonebrick":28,"stat.useItem.minecraft.cooked_porkchop":2,"stat.pickup.minecraft.iron_shovel":1,"stat.mineBlock.minecraft.coal_ore":153,"stat.drop.minecraft.wool":3,"stat.killEntity.Creeper":2,"stat.pickup.minecraft.shield":2,"stat.pickup.minecraft.string":14,"stat.pickup.tombstone.crafting_ingredient":20,"stat.entityKilledBy.Skeleton":2,"stat.craftItem.minecraft.stone_slab2":0,"stat.sprintOneCm":1020226,"stat.pickup.minecraft.paper":2,"stat.craftItem.minecraft.stick":136,"stat.mineBlock.minecraft.diamond_ore":12,"stat.mineBlock.minecraft.crafting_table":9,"stat.mineBlock.minecraft.quartz_block":1,"stat.useItem.minecraft.carrot":12,"stat.pickup.minecraft.leather_leggings":1,"stat.useItem.minecraft.bucket":1,"stat.entityKilledBy.Creeper":1,"stat.mineBlock.minecraft.planks":29,"stat.drop":14,"stat.drop.tombstone.grave_key":6,"stat.killEntity.Sheep":10,"stat.killEntity.Zombie":31,"stat.mineBlock.minecraft.gold_ore":8,"stat.diveOneCm":50403,"stat.pickup.minecraft.wheat":1,"stat.entityKilledBy.deathworm":1,"stat.pickup.minecraft.gravel":4,"stat.useItem.minecraft.diamond_axe":1,"stat.pickup.minecraft.stone_axe":1,"stat.useItem.minecraft.apple":9,"stat.useItem.minecraft.rotten_flesh":7,"stat.pickup.minecraft.diamond_sword":1,"stat.jump":6067,"stat.useItem.minecraft.sand":3,"stat.pickup.minecraft.coal":249,"stat.pickup.minecraft.iron_helmet":3,"stat.pickup.minecraft.iron_ingot":18,"stat.useItem.minecraft.stone_axe":10,"stat.pickup.minecraft.gunpowder":2,"stat.pickup.minecraft.spider_eye":5,"stat.craftItem.minecraft.torch":232,"stat.pickup.minecraft.dirt":42,"stat.useItem.minecraft.cooked_chicken":2,"stat.pickup.minecraft.iron_ore":118,"stat.pickup.minecraft.gold_ore":8,"stat.mineBlock.minecraft.iron_bars":11,"stat.pickup.minecraft.iron_axe":3,"stat.damageTaken":-2147475337,"stat.mineBlock.minecraft.furnace":9,"stat.mineBlock.minecraft.torch":10,"stat.useItem.minecraft.wooden_pickaxe":154,"stat.dispenserInspected":2,"stat.entityKilledBy.ZombieVillager":1,"stat.pickup.minecraft.bed":1,"tombstone:undead_killed":42,"stat.pickup.minecraft.quartz_block":3,"stat.pickup.minecraft.potato":10,"stat.pickup.minecraft.oak_stairs":1,"stat.entityKilledBy.Zombie":5,"stat.pickup.minecraft.diamond_axe":4,"stat.damageDealt":16150,"stat.craftItem.minecraft.glass":8,"stat.sleepInBed":4,"stat.craftItem.minecraft.baked_potato":1,"stat.killEntity.Silverfish":17,"stat.killEntity.Pig":7,"stat.walkOneCm":857355,"stat.pickup.minecraft.stick":2,"stat.useItem.tombstone.gift":1,"stat.pickup.minecraft.stone":91,"stat.killEntity.Skeleton":8,"stat.mineBlock.minecraft.stonebrick":25,"stat.killEntity.Spider":9,"stat.pickup.zoocraftdiscoveries.seed_thyme":2,"stat.mobKills":102,"stat.entityKilledBy.Husk":1,"stat.pickup.minecraft.diamond":12,"stat.pickup.minecraft.beetroot_seeds":23,"stat.mineBlock.minecraft.leaves":12,"stat.pickup.minecraft.torch":15,"stat.entityKilledBy.Silverfish":4,"stat.mineBlock.minecraft.stone":359,"stat.useItem.minecraft.sandstone":4}