{"stat.pickup.minecraft.bone":6,"stat.leaveGame":3,"stat.mineBlock.minecraft.cobblestone":2,"stat.mineBlock.minecraft.sandstone":5,"stat.swimOneCm":14696,"stat.useItem.minecraft.planks":49,"stat.climbOneCm":620,"stat.useItem.minecraft.dirt":8,"stat.useItem.minecraft.stone_slab2":18,"stat.pickup.minecraft.sand":14,"stat.craftItem.minecraft.furnace":1,"stat.craftItem.minecraft.stone_pickaxe":3,"stat.pickup.minecraft.cobblestone":95,"stat.flyOneCm":527412,"stat.pickup.minecraft.sandstone":5,"stat.mineBlock.minecraft.sand":13,"stat.drop.minecraft.wheat_seeds":1,"stat.pickup.minecraft.cactus":3,"stat.pickup.zoocraftdiscoveries.camel_leather":3,"stat.mineBlock.minecraft.iron_ore":13,"stat.timeSinceDeath":276,"stat.useItem.minecraft.iron_pickaxe":2,"stat.craftItem.minecraft.wooden_pickaxe":2,"stat.useItem.minecraft.potato":1,"stat.mineBlock.minecraft.vine":1,"stat.furnaceInteraction":8,"stat.mineBlock.minecraft.coal_ore":56,"stat.pickup.minecraft.furnace":3,"stat.entityKilledBy.Skeleton":1,"stat.craftItem.minecraft.stone_slab2":0,"stat.sprintOneCm":303399,"stat.craftItem.minecraft.stick":64,"stat.mineBlock.minecraft.crafting_table":4,"stat.useItem.minecraft.carrot":10,"stat.entityKilledBy.Creeper":1,"stat.mineBlock.minecraft.planks":23,"stat.deaths":13,"stat.drop":1,"stat.playOneMinute":82968,"stat.craftItem.minecraft.iron_pickaxe":1,"stat.mineBlock.minecraft.tallgrass":6,"stat.diveOneCm":11511,"stat.entityKilledBy.deathworm":1,"stat.chestOpened":4,"stat.pickup.minecraft.arrow":3,"stat.jump":2392,"stat.pickup.minecraft.coal":107,"stat.fallOneCm":75624,"stat.pickup.minecraft.carrot":11,"stat.crouchOneCm":12881,"stat.craftItem.minecraft.iron_ingot":13,"stat.craftItem.minecraft.torch":24,"stat.pickup.minecraft.dirt":18,"stat.craftingTableInteraction":9,"stat.pickup.minecraft.iron_ore":13,"stat.damageTaken":2112,"stat.mineBlock.minecraft.furnace":3,"stat.useItem.minecraft.wooden_pickaxe":41,"stat.pickup.minecraft.planks":66,"tombstone:undead_killed":2,"stat.pickup.minecraft.wheat_seeds":1,"stat.pickup.minecraft.potato":3,"stat.useItem.minecraft.stone_pickaxe":160,"stat.damageDealt":563,"stat.craftItem.minecraft.baked_potato":1,"stat.mineBlock.minecraft.dirt":18,"stat.walkOneCm":189136,"stat.useItem.minecraft.torch":16,"stat.pickup.minecraft.stick":2,"stat.pickup.minecraft.crafting_table":4,"stat.useItem.minecraft.log":1,"stat.useItem.minecraft.cobblestone":34,"stat.craftItem.minecraft.crafting_table":3,"stat.pickup.minecraft.log":40,"stat.useItem.tombstone.gift":1,"stat.pickup.minecraft.stone":1,"stat.killEntity.Skeleton":2,"stat.pickup.minecraft.beetroot":14,"stat.craftItem.minecraft.planks":140,"stat.pickup.zoocraftdiscoveries.seed_thyme":1,"stat.mobKills":2,"stat.mineBlock.minecraft.log":40,"stat.entityKilledBy.Husk":1,"stat.pickup.minecraft.beetroot_seeds":23,"stat.sneakTime":7468,"stat.useItem.minecraft.baked_potato":1,"stat.mineBlock.minecraft.stone":91,"stat.useItem.minecraft.beetroot":14,"stat.useItem.minecraft.sandstone":4}