{"stat.cakeSlicesEaten":5,"stat.pickup.minecraft.bone":8,"stat.leaveGame":7,"stat.mineBlock.minecraft.cobblestone":14,"stat.drop.minecraft.gunpowder":1,"stat.mineBlock.minecraft.sandstone":5,"stat.drop.minecraft.shield":1,"stat.useItem.minecraft.mutton":6,"stat.swimOneCm":37853,"stat.useItem.minecraft.planks":49,"stat.climbOneCm":620,"stat.pickup.minecraft.porkchop":18,"stat.useItem.minecraft.dirt":23,"stat.pickup.zoocraftdiscoveries.seed_basil":1,"stat.useItem.minecraft.stone_slab2":51,"stat.pickup.minecraft.iron_boots":1,"stat.pickup.minecraft.rotten_flesh":11,"stat.pickup.minecraft.sand":28,"stat.craftItem.minecraft.furnace":3,"stat.entityKilledBy.Spider":1,"stat.craftItem.minecraft.stone_pickaxe":5,"stat.pickup.minecraft.cobblestone":264,"stat.flyOneCm":1053746,"stat.pickup.minecraft.sandstone":5,"stat.mineBlock.minecraft.sand":24,"stat.drop.minecraft.wheat_seeds":1,"stat.pickup.minecraft.cactus":3,"stat.pickup.zoocraftdiscoveries.camel_leather":3,"stat.mineBlock.minecraft.iron_ore":117,"stat.timeSinceDeath":13582,"stat.useItem.minecraft.iron_pickaxe":245,"stat.craftItem.minecraft.wooden_pickaxe":6,"stat.pickup.minecraft.mutton":16,"stat.useItem.minecraft.potato":1,"stat.mineBlock.minecraft.vine":1,"stat.drop.zoocraftdiscoveries.seed_basil":1,"stat.furnaceInteraction":33,"stat.mineBlock.minecraft.coal_ore":142,"stat.drop.minecraft.wool":3,"stat.killEntity.Creeper":2,"stat.pickup.minecraft.string":4,"stat.pickup.minecraft.furnace":9,"stat.useItem.minecraft.cooked_mutton":7,"stat.pickup.tombstone.crafting_ingredient":2,"stat.entityKilledBy.Skeleton":1,"stat.craftItem.minecraft.stone_slab2":0,"stat.sprintOneCm":683150,"stat.pickup.minecraft.iron_chestplate":1,"stat.craftItem.minecraft.stick":124,"stat.pickup.tombstone.magic_scroll":1,"stat.mineBlock.minecraft.diamond_ore":12,"stat.mineBlock.minecraft.crafting_table":9,"stat.useItem.minecraft.carrot":10,"stat.useItem.minecraft.bucket":1,"stat.entityKilledBy.Creeper":1,"stat.mineBlock.minecraft.planks":23,"stat.deaths":25,"stat.drop":13,"stat.playOneMinute":216835,"stat.drop.tombstone.grave_key":6,"stat.killEntity.Sheep":10,"stat.craftItem.minecraft.iron_pickaxe":3,"stat.killEntity.Zombie":7,"stat.pickup.minecraft.iron_bars":6,"stat.mineBlock.minecraft.gold_ore":8,"stat.mineBlock.minecraft.tallgrass":54,"stat.craftItem.minecraft.cooked_mutton":8,"stat.diveOneCm":15666,"stat.entityKilledBy.deathworm":1,"stat.chestOpened":34,"stat.useItem.minecraft.stone":5,"stat.pickup.minecraft.arrow":4,"stat.pickup.minecraft.iron_sword":1,"stat.useItem.minecraft.rotten_flesh":7,"stat.jump":5022,"stat.useItem.minecraft.sand":3,"stat.pickup.minecraft.coal":238,"stat.pickup.minecraft.iron_helmet":1,"stat.fallOneCm":172948,"stat.pickup.minecraft.iron_ingot":18,"stat.pickup.minecraft.carrot":16,"stat.pickup.minecraft.gunpowder":2,"stat.crouchOneCm":50041,"stat.pickup.minecraft.spider_eye":3,"stat.craftItem.minecraft.iron_ingot":24,"stat.craftItem.minecraft.torch":196,"stat.pickup.minecraft.dirt":39,"stat.craftingTableInteraction":25,"stat.pickup.minecraft.iron_ore":113,"stat.pickup.minecraft.gold_ore":8,"stat.mineBlock.minecraft.iron_bars":10,"stat.pickup.minecraft.wooden_pickaxe":2,"stat.damageTaken":4750,"stat.mineBlock.minecraft.furnace":9,"stat.mineBlock.minecraft.torch":3,"stat.useItem.minecraft.wooden_pickaxe":154,"stat.pickup.minecraft.planks":66,"stat.pickup.minecraft.iron_leggings":1,"tombstone:undead_killed":12,"stat.pickup.minecraft.wheat_seeds":1,"stat.pickup.minecraft.potato":8,"stat.useItem.minecraft.stone_pickaxe":373,"stat.damageDealt":5865,"stat.craftItem.minecraft.glass":8,"stat.sleepInBed":2,"stat.craftItem.minecraft.baked_potato":1,"stat.mineBlock.minecraft.dirt":38,"stat.killEntity.Pig":7,"stat.walkOneCm":530231,"stat.useItem.minecraft.torch":112,"stat.pickup.minecraft.stick":2,"stat.pickup.minecraft.crafting_table":9,"stat.useItem.minecraft.log":1,"stat.useItem.minecraft.cobblestone":119,"stat.craftItem.minecraft.crafting_table":6,"stat.mineBlock.minecraft.double_plant":1,"stat.pickup.minecraft.log":87,"stat.useItem.minecraft.cooked_fish":6,"stat.useItem.tombstone.gift":1,"stat.pickup.minecraft.stone":35,"stat.pickup.minecraft.sapling":1,"stat.entityKilledBy.Enderman":1,"stat.killEntity.Skeleton":5,"stat.pickup.minecraft.beetroot":14,"stat.craftItem.minecraft.bucket":1,"stat.craftItem.minecraft.planks":328,"stat.useItem.minecraft.iron_sword":110,"stat.killEntity.Spider":3,"stat.pickup.zoocraftdiscoveries.seed_thyme":2,"stat.mobKills":36,"stat.mineBlock.minecraft.log":88,"stat.entityKilledBy.Husk":1,"stat.pickup.minecraft.diamond":12,"stat.pickup.minecraft.beetroot_seeds":23,"stat.mineBlock.minecraft.leaves":9,"stat.pickup.minecraft.torch":6,"stat.sneakTime":25857,"stat.pickup.minecraft.wool":11,"stat.useItem.minecraft.baked_potato":1,"stat.mineBlock.minecraft.stone":314,"stat.useItem.minecraft.beetroot":14,"stat.useItem.minecraft.sandstone":4}