{"stat.pickup.minecraft.bone":6,"stat.leaveGame":3,"stat.mineBlock.minecraft.cobblestone":2,"stat.mineBlock.minecraft.sandstone":5,"stat.swimOneCm":12818,"stat.useItem.minecraft.planks":49,"stat.climbOneCm":620,"stat.useItem.minecraft.dirt":3,"stat.useItem.minecraft.stone_slab2":16,"stat.pickup.minecraft.sand":13,"stat.craftItem.minecraft.furnace":1,"stat.craftItem.minecraft.stone_pickaxe":2,"stat.pickup.minecraft.cobblestone":64,"stat.flyOneCm":408672,"stat.pickup.minecraft.sandstone":5,"stat.mineBlock.minecraft.sand":13,"stat.drop.minecraft.wheat_seeds":1,"stat.pickup.minecraft.cactus":3,"stat.pickup.zoocraftdiscoveries.camel_leather":3,"stat.mineBlock.minecraft.iron_ore":13,"stat.timeSinceDeath":1823,"stat.useItem.minecraft.iron_pickaxe":2,"stat.craftItem.minecraft.wooden_pickaxe":1,"stat.useItem.minecraft.potato":1,"stat.mineBlock.minecraft.vine":1,"stat.furnaceInteraction":8,"stat.mineBlock.minecraft.coal_ore":56,"stat.pickup.minecraft.furnace":3,"stat.entityKilledBy.Skeleton":1,"stat.craftItem.minecraft.stone_slab2":0,"stat.sprintOneCm":260442,"stat.craftItem.minecraft.stick":48,"stat.mineBlock.minecraft.crafting_table":4,"stat.useItem.minecraft.carrot":10,"stat.mineBlock.minecraft.planks":23,"stat.deaths":9,"stat.drop":1,"stat.playOneMinute":70368,"stat.craftItem.minecraft.iron_pickaxe":1,"stat.mineBlock.minecraft.tallgrass":4,"stat.diveOneCm":11511,"stat.entityKilledBy.deathworm":1,"stat.chestOpened":4,"stat.pickup.minecraft.arrow":3,"stat.jump":1909,"stat.pickup.minecraft.coal":107,"stat.fallOneCm":57727,"stat.pickup.minecraft.carrot":11,"stat.crouchOneCm":9049,"stat.craftItem.minecraft.iron_ingot":13,"stat.craftItem.minecraft.torch":24,"stat.pickup.minecraft.dirt":4,"stat.craftingTableInteraction":7,"stat.pickup.minecraft.iron_ore":13,"stat.damageTaken":1474,"stat.mineBlock.minecraft.furnace":3,"stat.useItem.minecraft.wooden_pickaxe":32,"stat.pickup.minecraft.planks":66,"tombstone:undead_killed":2,"stat.pickup.minecraft.wheat_seeds":1,"stat.pickup.minecraft.potato":3,"stat.useItem.minecraft.stone_pickaxe":138,"stat.damageDealt":553,"stat.craftItem.minecraft.baked_potato":1,"stat.mineBlock.minecraft.dirt":4,"stat.walkOneCm":169598,"stat.useItem.minecraft.torch":16,"stat.pickup.minecraft.stick":2,"stat.pickup.minecraft.crafting_table":4,"stat.useItem.minecraft.cobblestone":31,"stat.craftItem.minecraft.crafting_table":2,"stat.pickup.minecraft.log":32,"stat.useItem.tombstone.gift":1,"stat.pickup.minecraft.stone":1,"stat.killEntity.Skeleton":2,"stat.pickup.minecraft.beetroot":14,"stat.craftItem.minecraft.planks":112,"stat.pickup.zoocraftdiscoveries.seed_thyme":1,"stat.mobKills":2,"stat.mineBlock.minecraft.log":32,"stat.entityKilledBy.Husk":1,"stat.pickup.minecraft.beetroot_seeds":23,"stat.sneakTime":5855,"stat.useItem.minecraft.baked_potato":1,"stat.mineBlock.minecraft.stone":60,"stat.useItem.minecraft.beetroot":14,"stat.useItem.minecraft.sandstone":4}