{"stat.useItem.minecraft.bow":16,"stat.leaveGame":22,"stat.drop.minecraft.gunpowder":1,"stat.killEntity.Blaze":4,"stat.mineBlock.minecraft.sandstone":5,"stat.drop.minecraft.shield":1,"stat.useItem.minecraft.mutton":8,"stat.useItem.minecraft.planks":82,"stat.mineBlock.minecraft.web":16,"stat.pickup.minecraft.porkchop":18,"stat.pickup.minecraft.glass":8,"stat.useItem.minecraft.water_bucket":29,"stat.pickup.minecraft.rotten_flesh":179,"stat.pickup.minecraft.sand":64,"stat.entityKilledBy.Spider":1,"stat.useItem.minecraft.red_nether_brick":1,"stat.pickup.minecraft.leather_boots":3,"stat.craftItem.minecraft.iron_shovel":1,"stat.pickup.minecraft.chainmail_chestplate":1,"stat.entityKilledBy.firedragon":6,"stat.pickup.minecraft.brown_mushroom":1,"stat.mineBlock.minecraft.sand":63,"stat.pickup.securitycraft.reinforced_cobblestone":88,"stat.killEntity.Witch":2,"stat.drop.minecraft.tnt":1,"stat.useItem.minecraft.fence_gate":1,"stat.useItem.minecraft.iron_pickaxe":1461,"stat.drop.minecraft.diamond":4,"stat.craftItem.securitycraft.reinforced_stone_button":56,"stat.craftItem.minecraft.wooden_pickaxe":6,"stat.useItem.minecraft.iron_shovel":43,"stat.craftItem.minecraft.bed":2,"stat.trappedChestTriggered":2,"stat.craftItem.minecraft.glass_pane":16,"stat.mineBlock.minecraft.vine":48,"stat.drop.zoocraftdiscoveries.seed_basil":1,"stat.furnaceInteraction":120,"stat.killEntity.ZombieVillager":6,"stat.mineBlock.futuremc.cornflower":1,"stat.pickup.iceandfire.manuscript":2,"stat.pickup.minecraft.furnace":9,"stat.useItem.minecraft.cooked_mutton":14,"stat.useItem.minecraft.redstone":2,"stat.pickup.iceandfire.troll_tusk":2,"stat.craftItem.travelersbackpack.travelers_backpack":1,"stat.pickup.minecraft.leather_helmet":8,"stat.pickup.minecraft.iron_chestplate":3,"stat.useItem.minecraft.fence":32,"stat.useItem.minecraft.stone_stairs":2,"stat.pickup.tombstone.magic_scroll":3,"stat.pickup.minecraft.stone_stairs":4,"stat.pickup.minecraft.potion":1,"stat.mineBlock.minecraft.fence":8,"stat.useItem.minecraft.wheat_seeds":92,"stat.craftItem.minecraft.fence_gate":2,"stat.killEntity.Husk":4,"stat.craftItem.securitycraft.laser_block":1,"stat.mineBlock.minecraft.soul_sand":1,"stat.useItem.minecraft.dye":126,"stat.craftItem.minecraft.heavy_weighted_pressure_plate":7,"stat.deaths":61,"stat.craftItem.futuremc.blast_furnace":1,"stat.pickup.minecraft.egg":7,"stat.drop.securitycraft.keypad_item":2,"stat.playOneMinute":766895,"stat.pickup.minecraft.blaze_rod":1,"stat.mineBlock.minecraft.stone_pressure_plate":8,"stat.craftItem.minecraft.iron_pickaxe":7,"stat.craftItem.securitycraft.keypad_item":7,"stat.pickup.minecraft.iron_bars":16,"stat.mineBlock.minecraft.tallgrass":68,"stat.craftItem.minecraft.cooked_mutton":8,"stat.pickup.minecraft.netherrack":3,"stat.chestOpened":311,"stat.useItem.minecraft.stone":21,"stat.mineBlock.minecraft.netherrack":1,"stat.pickup.minecraft.arrow":49,"stat.pickup.minecraft.iron_sword":4,"stat.craftItem.minecraft.coal":27,"stat.drop.minecraft.iron_pickaxe":1,"stat.craftItem.minecraft.iron_hoe":1,"stat.pickup.minecraft.cooked_chicken":6,"stat.fallOneCm":382731,"stat.pickup.minecraft.carrot":494,"stat.crouchOneCm":162093,"stat.mineBlock.minecraft.chest":1,"stat.craftItem.minecraft.iron_ingot":221,"stat.craftItem.minecraft.chest":4,"stat.pickup.minecraft.red_mushroom":4,"stat.useItem.minecraft.iron_hoe":182,"stat.craftingTableInteraction":73,"stat.mineBlock.minecraft.nether_wart_block":1,"stat.pickup.minecraft.wooden_pickaxe":2,"stat.mineBlock.minecraft.log2":36,"stat.pickup.minecraft.feather":3,"stat.mineBlock.minecraft.red_nether_brick":5,"stat.pickup.minecraft.dye":22,"stat.pickup.minecraft.planks":106,"stat.pickup.minecraft.iron_leggings":5,"stat.pickup.minecraft.wheat_seeds":134,"stat.mineBlock.futuremc.smooth_stone":1,"stat.mineBlock.minecraft.gravel":31,"stat.useItem.minecraft.stone_pickaxe":651,"stat.craftItem.minecraft.iron_leggings":1,"stat.mineBlock.minecraft.dirt":199,"stat.pickup.minecraft.chainmail_boots":2,"stat.useItem.minecraft.torch":360,"stat.useItem.minecraft.bread":3,"stat.pickup.minecraft.brewing_stand":1,"stat.drop.minecraft.rotten_flesh":3,"stat.craftItem.minecraft.stone_stairs":4,"stat.pickup.minecraft.crafting_table":11,"stat.useItem.minecraft.log":55,"stat.useItem.minecraft.cobblestone":886,"stat.pickup.minecraft.magma":1,"stat.craftItem.minecraft.crafting_table":9,"stat.pickup.futuremc.dye":3,"stat.useItem.minecraft.gravel":6,"stat.mineBlock.minecraft.double_plant":1,"stat.pickup.minecraft.redstone_block":7,"stat.pickup.minecraft.log":197,"stat.useItem.minecraft.cooked_fish":9,"stat.pickup.futuremc.smooth_stone":1,"stat.pickup.minecraft.iron_pickaxe":5,"stat.craftItem.minecraft.gold_ingot":10,"stat.pickup.minecraft.tipped_arrow":22,"stat.pickup.minecraft.chainmail_leggings":1,"stat.pickup.minecraft.sapling":20,"stat.entityKilledBy.Enderman":2,"stat.pickup.minecraft.apple":2,"stat.drop.minecraft.bow":1,"stat.pickup.minecraft.beetroot":14,"stat.pickup.minecraft.coal_block":3,"stat.craftItem.minecraft.bucket":3,"stat.craftItem.minecraft.planks":616,"stat.useItem.minecraft.iron_sword":494,"stat.pickup.futuremc.cornflower":1,"stat.pickup.minecraft.diamond_helmet":1,"stat.killEntity.WitherSkeleton":2,"stat.useItem.minecraft.stonebrick":9,"stat.mineBlock.minecraft.log":198,"stat.pickup.minecraft.iron_door":4,"stat.pickup.minecraft.red_flower":4,"stat.pickup.minecraft.red_nether_brick":9,"stat.sneakTime":76210,"stat.pickup.minecraft.wool":12,"stat.entityKilledBy.Blaze":1,"stat.useItem.minecraft.baked_potato":3,"stat.pickup.minecraft.cooked_fish":2,"stat.pickup.minecraft.yellow_flower":2,"stat.useItem.minecraft.beetroot":14,"stat.pickup.minecraft.chest":1,"stat.cakeSlicesEaten":6,"stat.craftItem.minecraft.diamond_chestplate":1,"stat.pickup.zoocraftdiscoveries.seed_bay":1,"stat.pickup.minecraft.bone":63,"stat.pickup.minecraft.stone_pressure_plate":7,"stat.craftItem.minecraft.diamond_leggings":1,"stat.useItem.minecraft.iron_axe":1,"stat.mineBlock.minecraft.cobblestone":109,"stat.mineBlock.iceandfire.chared_stone":8,"stat.pickup.minecraft.leather_chestplate":6,"stat.useItem.minecraft.diamond_sword":710,"stat.craftItem.minecraft.wool":15,"stat.craftItem.minecraft.diamond_helmet":1,"stat.swimOneCm":154786,"stat.climbOneCm":23741,"stat.pickup.minecraft.enchanted_book":1,"stat.drop.minecraft.cobblestone":1,"stat.pickup.minecraft.cooked_porkchop":21,"stat.useItem.minecraft.dirt":123,"stat.useItem.minecraft.cookie":2,"stat.pickup.minecraft.golden_helmet":2,"stat.pickup.zoocraftdiscoveries.seed_basil":1,"stat.useItem.minecraft.stone_slab2":206,"stat.pickup.minecraft.bow":1,"stat.pickup.minecraft.iron_boots":6,"stat.craftItem.minecraft.furnace":5,"stat.craftItem.securitycraft.reinforced_stone":56,"stat.craftItem.minecraft.iron_boots":1,"stat.pickup.minecraft.nether_wart_block":1,"stat.pickup.minecraft.anvil":1,"stat.craftItem.futuremc.smooth_stone":3,"stat.craftItem.minecraft.stone_pickaxe":5,"stat.pickup.minecraft.cobblestone":1236,"stat.mineBlock.minecraft.redstone_block":7,"stat.pickup.minecraft.diamond_leggings":2,"stat.useItem.minecraft.stone_shovel":44,"stat.flyOneCm":2634003,"stat.pickup.minecraft.sandstone":5,"stat.pickup.minecraft.soul_sand":1,"stat.drop.minecraft.wheat_seeds":1,"stat.useItem.minecraft.cooked_beef":28,"stat.pickup.minecraft.cactus":3,"stat.pickup.zoocraftdiscoveries.camel_leather":3,"stat.pickup.minecraft.redstone":58,"stat.mineBlock.minecraft.iron_ore":269,"stat.timeSinceDeath":1583,"stat.pickup.minecraft.mutton":16,"stat.pickup.minecraft.mossy_cobblestone":9,"stat.pickup.travelersbackpack.travelers_backpack":5,"stat.useItem.minecraft.potato":98,"stat.mineBlock.minecraft.coal_block":3,"stat.pickup.minecraft.chainmail_helmet":2,"stat.pickup.minecraft.stonebrick":42,"stat.drop.minecraft.dirt":1,"stat.useItem.minecraft.cooked_porkchop":17,"stat.pickup.minecraft.iron_shovel":1,"stat.mineBlock.minecraft.coal_ore":291,"stat.drop.minecraft.wool":3,"stat.mineBlock.minecraft.nether_brick":2,"stat.killEntity.Creeper":9,"stat.pickup.minecraft.shield":5,"stat.talkedToVillager":3,"stat.pickup.minecraft.string":19,"stat.pickup.tombstone.crafting_ingredient":35,"stat.entityKilledBy.Skeleton":6,"stat.craftItem.minecraft.stone_slab2":0,"stat.sprintOneCm":2412324,"stat.pickup.minecraft.paper":2,"stat.craftItem.minecraft.stick":364,"stat.drop.minecraft.potion":4,"stat.craftItem.minecraft.stone":12,"stat.mineBlock.minecraft.diamond_ore":44,"stat.useItem.securitycraft.keypad_item":1,"stat.mineBlock.minecraft.crafting_table":11,"stat.mineBlock.minecraft.quartz_block":1,"stat.useItem.minecraft.carrot":291,"stat.pickup.zoocraftdiscoveries.seed_rosemary":1,"stat.pickup.minecraft.leather_leggings":1,"stat.useItem.minecraft.bucket":45,"stat.entityKilledBy.Creeper":1,"stat.mineBlock.minecraft.planks":31,"stat.drop":41,"stat.drop.tombstone.grave_key":6,"stat.killEntity.Sheep":10,"stat.killEntity.Zombie":67,"stat.craftItem.minecraft.dye":133,"stat.mineBlock.minecraft.gold_ore":18,"stat.diveOneCm":185668,"stat.pickup.minecraft.wheat":77,"stat.entityKilledBy.deathworm":1,"stat.pickup.minecraft.gravel":24,"stat.useItem.minecraft.diamond_axe":200,"stat.mineBlock.minecraft.anvil":1,"stat.pickup.minecraft.stone_axe":1,"stat.useItem.minecraft.apple":9,"stat.pickup.minecraft.obsidian":2,"stat.useItem.minecraft.rotten_flesh":8,"stat.pickup.minecraft.diamond_sword":2,"stat.craftItem.travelersbackpack.backpack_tank":2,"stat.jump":13687,"stat.useItem.minecraft.sand":3,"stat.pickup.minecraft.fence":8,"stat.pickup.minecraft.coal":388,"stat.pickup.minecraft.iron_helmet":8,"stat.pickup.minecraft.iron_ingot":18,"stat.useItem.minecraft.stone_axe":10,"stat.drop.minecraft.diamond_sword":1,"stat.pickup.minecraft.gunpowder":5,"stat.pickup.iceandfire.chared_stone":13,"stat.pickup.minecraft.spider_eye":8,"stat.craftItem.minecraft.torch":452,"stat.pickup.minecraft.dirt":208,"stat.craftItem.minecraft.iron_helmet":1,"stat.useItem.minecraft.cooked_chicken":2,"stat.drop.minecraft.glass":8,"stat.pickup.minecraft.iron_ore":265,"stat.pickup.minecraft.gold_ore":18,"stat.mineBlock.minecraft.iron_bars":15,"stat.useItem.minecraft.sapling":8,"stat.mineBlock.minecraft.lapis_ore":4,"stat.pickup.minecraft.iron_axe":4,"stat.mineBlock.minecraft.leaves2":4,"stat.mineBlock.minecraft.stone_stairs":2,"stat.damageTaken":-2147466046,"stat.pickup.minecraft.leather":44,"stat.mineBlock.minecraft.furnace":9,"stat.mineBlock.minecraft.torch":19,"stat.mineBlock.minecraft.red_flower":4,"stat.useItem.minecraft.wooden_pickaxe":154,"stat.dispenserInspected":5,"stat.mineBlock.minecraft.sapling":2,"stat.pickup.minecraft.log2":37,"stat.entityKilledBy.ZombieVillager":2,"stat.killEntity.CaveSpider":1,"stat.pickup.minecraft.bed":1,"tombstone:undead_killed":118,"stat.pickup.minecraft.quartz_block":3,"stat.pickup.minecraft.potato":105,"stat.pickup.minecraft.oak_stairs":1,"stat.entityKilledBy.Zombie":9,"stat.pickup.minecraft.diamond_axe":5,"stat.damageDealt":42094,"stat.craftItem.minecraft.glass":29,"stat.sleepInBed":16,"stat.craftItem.minecraft.baked_potato":1,"stat.mineBlock.minecraft.nether_brick_stairs":1,"stat.killEntity.Silverfish":18,"stat.killEntity.Cow":48,"stat.killEntity.Pig":11,"stat.craftItem.minecraft.stone_shovel":1,"stat.craftItem.securitycraft.universal_block_reinforcer_lvl1":1,"stat.walkOneCm":2163485,"stat.animalsBred":42,"stat.useItem.minecraft.chest":1,"stat.pickup.minecraft.stick":2,"stat.useItem.minecraft.lava_bucket":7,"stat.drop.zoocraftdiscoveries.seed_bay":1,"stat.craftItem.minecraft.diamond_boots":1,"stat.useItem.tombstone.gift":3,"stat.pickup.minecraft.tnt":1,"stat.pickup.minecraft.stone":220,"stat.craftItem.minecraft.iron_chestplate":1,"stat.killEntity.if_troll":1,"stat.pickup.minecraft.cooked_beef":90,"stat.killEntity.Stray":1,"stat.killEntity.Skeleton":38,"stat.craftItem.travelersbackpack.sleeping_bag_bottom":2,"stat.mineBlock.minecraft.tnt":1,"stat.mineBlock.minecraft.stonebrick":35,"stat.killEntity.Chicken":4,"stat.killEntity.Spider":14,"stat.pickup.zoocraftdiscoveries.seed_thyme":4,"stat.mineBlock.minecraft.quartz_ore":1,"stat.mobKills":277,"stat.pickup.iceandfire.troll_weapon.hammer":1,"stat.pickup.minecraft.quartz":1,"stat.craftItem.minecraft.fence":42,"stat.entityKilledBy.Husk":2,"stat.pickup.minecraft.diamond":44,"stat.pickup.minecraft.beetroot_seeds":23,"stat.mineBlock.minecraft.leaves":60,"stat.pickup.minecraft.torch":29,"stat.entityKilledBy.Silverfish":4,"stat.mineBlock.minecraft.redstone_ore":14,"stat.pickup.minecraft.lava_bucket":1,"stat.mineBlock.minecraft.stone":1196,"stat.useItem.minecraft.sandstone":4}