{"stat.pickup.zoocraftdiscoveries.seed_bay":1,"stat.pickup.minecraft.bone":6,"stat.leaveGame":1,"stat.mineBlock.minecraft.cobblestone":4,"stat.drop.minecraft.gunpowder":1,"stat.killEntity.gorgon":1,"stat.pickup.minecraft.flint":1,"stat.killEntity.Blaze":9,"stat.pickup.iceandfire.deathworm_chitin":6,"stat.mineBlock.minecraft.sandstone":2,"stat.drop.minecraft.shield":1,"stat.swimOneCm":11338,"stat.craftItem.minecraft.shield":2,"stat.useItem.minecraft.planks":15,"stat.climbOneCm":5165,"stat.useItem.minecraft.dirt":12,"stat.useItem.minecraft.stone_slab2":13,"stat.useItem.minecraft.water_bucket":9,"stat.drop.minecraft.iron_sword":1,"stat.pickup.minecraft.rotten_flesh":5,"stat.killEntity.deathworm":1,"stat.pickup.minecraft.sand":12,"stat.craftItem.minecraft.stone_axe":1,"stat.craftItem.minecraft.iron_boots":1,"stat.craftItem.minecraft.stone_pickaxe":2,"stat.pickup.minecraft.cobblestone":81,"stat.craftItem.minecraft.stone_sword":1,"stat.flyOneCm":640499,"stat.pickup.minecraft.sandstone":5,"stat.mineBlock.minecraft.sand":12,"stat.drop.minecraft.wheat_seeds":1,"stat.pickup.zoocraftdiscoveries.seed_chive":1,"stat.pickup.iceandfire.fire_lily":2,"stat.mineBlock.minecraft.iron_ore":38,"stat.timeSinceDeath":98,"stat.useItem.minecraft.iron_pickaxe":141,"stat.craftItem.minecraft.wooden_pickaxe":1,"stat.pickup.minecraft.mutton":23,"stat.drop.minecraft.cooked_mutton":2,"stat.furnaceInteraction":82,"stat.mineBlock.minecraft.coal_ore":61,"stat.drop.zoocraftdiscoveries.seed_chive":1,"stat.killEntity.Creeper":1,"stat.pickup.minecraft.nether_brick":1,"stat.drop.minecraft.baked_potato":14,"stat.pickup.minecraft.string":1,"stat.mineBlock.minecraft.ladder":2,"stat.pickup.minecraft.furnace":8,"stat.useItem.minecraft.cooked_mutton":7,"stat.pickup.tombstone.crafting_ingredient":3,"stat.craftItem.minecraft.stone_slab2":0,"stat.sprintOneCm":501562,"stat.drop.zoocraftdiscoveries.seed_dill":1,"stat.craftItem.minecraft.stick":16,"stat.pickup.tombstone.magic_scroll":1,"stat.mineBlock.minecraft.crafting_table":2,"stat.killEntity.Husk":4,"stat.useItem.minecraft.carrot":47,"stat.useItem.minecraft.bucket":10,"stat.deaths":7,"stat.mineBlock.minecraft.planks":14,"stat.drop":41,"stat.playOneMinute":124939,"stat.pickup.minecraft.blaze_rod":6,"stat.killEntity.Sheep":16,"stat.craftItem.minecraft.iron_pickaxe":1,"stat.pickup.zoocraftdiscoveries.seed_sage":1,"stat.killEntity.Zombie":4,"stat.entityKilledBy.myrmex_royal":1,"stat.mineBlock.minecraft.tallgrass":47,"stat.craftItem.minecraft.cooked_mutton":18,"stat.pickup.minecraft.netherrack":140,"stat.diveOneCm":13709,"stat.pickup.minecraft.wheat":16,"stat.pickup.minecraft.cooked_mutton":4,"stat.chestOpened":15,"stat.pickup.zoocraftdiscoveries.seed_tarragon":1,"stat.useItem.minecraft.stone":1,"stat.mineBlock.minecraft.netherrack":139,"stat.pickup.minecraft.gravel":3,"stat.pickup.minecraft.arrow":3,"stat.pickup.minecraft.iron_sword":1,"stat.pickup.iceandfire.blindfold":3,"stat.mineBlock.minecraft.deadbush":2,"stat.useItem.minecraft.rotten_flesh":3,"stat.mineBlock.iceandfire.fire_lily":3,"stat.useItem.minecraft.sand":10,"stat.jump":3271,"stat.pickup.minecraft.coal":120,"stat.pickup.minecraft.iron_helmet":1,"stat.fallOneCm":102755,"stat.pickup.minecraft.iron_ingot":4,"stat.pickup.minecraft.carrot":63,"stat.useItem.minecraft.stone_axe":29,"stat.craftItem.minecraft.bread":6,"stat.pickup.minecraft.gunpowder":1,"stat.crouchOneCm":56008,"stat.craftItem.minecraft.torch":12,"stat.craftItem.minecraft.iron_ingot":39,"stat.pickup.minecraft.dirt":25,"stat.craftItem.minecraft.iron_helmet":1,"stat.craftingTableInteraction":16,"stat.pickup.minecraft.iron_ore":38,"stat.damageTaken":-2147479235,"stat.mineBlock.minecraft.furnace":6,"stat.mineBlock.minecraft.torch":23,"stat.useItem.minecraft.wooden_pickaxe":9,"stat.useItem.minecraft.furnace":2,"stat.pickup.zoocraftdiscoveries.seed_saffron":1,"stat.pickup.minecraft.planks":30,"tombstone:undead_killed":12,"stat.pickup.minecraft.wheat_seeds":34,"stat.pickup.minecraft.potato":45,"stat.mineBlock.minecraft.gravel":1,"stat.useItem.minecraft.stone_pickaxe":170,"stat.useItem.minecraft.stone_sword":68,"stat.craftItem.minecraft.iron_leggings":1,"stat.damageDealt":8342,"stat.craftItem.minecraft.baked_potato":44,"stat.mineBlock.minecraft.dirt":21,"stat.craftItem.minecraft.iron_sword":1,"stat.walkOneCm":353112,"stat.useItem.minecraft.torch":24,"stat.useItem.minecraft.bread":1,"stat.playerKills":1,"stat.pickup.minecraft.stick":6,"stat.pickup.minecraft.crafting_table":2,"stat.useItem.minecraft.cobblestone":90,"stat.craftItem.minecraft.crafting_table":1,"stat.mineBlock.minecraft.double_plant":2,"stat.pickup.zoocraftdiscoveries.seed_dill":2,"stat.killEntity.zoocraftdiscoveries.frog":1,"stat.pickup.minecraft.log":22,"stat.drop.zoocraftdiscoveries.seed_bay":1,"stat.useItem.tombstone.gift":1,"stat.pickup.minecraft.tnt":1,"stat.drop.minecraft.carrot":16,"stat.pickup.minecraft.stone":2,"stat.craftItem.minecraft.iron_chestplate":1,"stat.mineBlock.minecraft.wool":1,"stat.pickup.minecraft.baked_potato":4,"stat.drop.minecraft.potato":1,"stat.pickup.minecraft.ender_pearl":1,"stat.pickup.minecraft.ladder":1,"stat.useItem.minecraft.netherrack":69,"stat.killEntity.Skeleton":3,"stat.mineBlock.minecraft.tnt":1,"stat.craftItem.minecraft.bucket":1,"stat.craftItem.minecraft.planks":44,"stat.useItem.minecraft.iron_sword":115,"stat.pickup.futuremc.cornflower":2,"stat.killEntity.Spider":2,"stat.drop.zoocraftdiscoveries.seed_tarragon":1,"stat.mobKills":46,"stat.mineBlock.minecraft.log":22,"stat.mineBlock.minecraft.leaves":3,"stat.pickup.minecraft.torch":24,"stat.sneakTime":14935,"stat.pickup.minecraft.wool":18,"stat.useItem.minecraft.baked_potato":29,"stat.pickup.minecraft.yellow_flower":1,"stat.mineBlock.minecraft.stone":64,"stat.useItem.minecraft.sandstone":1}