{"stat.useItem.minecraft.bow":7,"stat.useItem.iceandfire.fire_dragon_flesh":1,"stat.pickup.iceandfire.fire_dragon_flesh":1,"stat.leaveGame":4,"stat.drop.zoocraftdiscoveries.rhino_leather":5,"stat.craftItem.minecraft.iron_axe":1,"stat.mineBlock.minecraft.sandstone":13,"stat.useItem.minecraft.mutton":2,"stat.craftItem.minecraft.shield":2,"stat.useItem.minecraft.planks":204,"stat.pickup.minecraft.glowstone_dust":8,"stat.pickup.minecraft.porkchop":15,"stat.drop.minecraft.wooden_door":2,"stat.drop.minecraft.iron_sword":2,"stat.drop.travelersbackpack.travelers_backpack":1,"stat.pickup.minecraft.rotten_flesh":69,"stat.pickup.minecraft.sand":48,"stat.craftItem.minecraft.stone_axe":2,"stat.killEntity.Enderman":1,"stat.entityKilledBy.cyclops":1,"stat.pickup.minecraft.leather_boots":2,"stat.craftItem.minecraft.stone_sword":2,"stat.entityKilledBy.firedragon":2,"stat.mineBlock.minecraft.sand":35,"stat.drop.minecraft.sand":1,"stat.drop.minecraft.tnt":1,"stat.useItem.minecraft.iron_pickaxe":332,"stat.craftItem.minecraft.wooden_pickaxe":3,"stat.drop.minecraft.cooked_mutton":2,"stat.craftItem.minecraft.bed":2,"stat.drop.zoocraftdiscoveries.seed_basil":1,"stat.furnaceInteraction":72,"stat.killEntity.ZombieVillager":6,"stat.mineBlock.futuremc.cornflower":1,"stat.useItem.minecraft.cooked_mutton":13,"stat.pickup.minecraft.furnace":4,"stat.pickup.minecraft.leather_helmet":1,"stat.pickup.minecraft.iron_chestplate":1,"stat.pickup.tombstone.magic_scroll":2,"stat.pickup.minecraft.potion":1,"stat.mineBlock.minecraft.fence":16,"stat.useItem.minecraft.flint_and_steel":1,"stat.useItem.minecraft.wheat_seeds":39,"stat.killEntity.Husk":11,"stat.pickup.minecraft.saddle":1,"stat.deaths":13,"stat.pickup.minecraft.bowl":1,"stat.playOneMinute":281327,"stat.craftItem.minecraft.iron_pickaxe":2,"stat.pickup.minecraft.iron_bars":7,"stat.drop.minecraft.torch":20,"stat.drop.minecraft.glass_bottle":1,"stat.mineBlock.minecraft.tallgrass":24,"stat.craftItem.minecraft.cooked_mutton":14,"stat.pickup.minecraft.netherrack":7,"stat.chestOpened":33,"stat.pickup.minecraft.pumpkin":1,"stat.useItem.minecraft.stone":1,"stat.mineBlock.minecraft.netherrack":9,"stat.pickup.minecraft.arrow":32,"stat.pickup.minecraft.iron_sword":2,"stat.pickup.minecraft.wooden_pressure_plate":1,"stat.pickup.zoocraftdiscoveries.seed_mint":1,"stat.fallOneCm":143032,"stat.drop.minecraft.stone":1,"stat.pickup.minecraft.carrot":8,"stat.crouchOneCm":22095,"stat.craftItem.minecraft.iron_ingot":26,"stat.craftingTableInteraction":49,"stat.mineBlock.minecraft.wooden_pressure_plate":1,"stat.pickup.minecraft.mushroom_stew":1,"stat.mineBlock.minecraft.log2":7,"stat.pickup.minecraft.feather":4,"stat.pickup.minecraft.planks":86,"stat.pickup.minecraft.iron_leggings":1,"stat.pickup.minecraft.wheat_seeds":81,"stat.useItem.minecraft.stone_pickaxe":140,"stat.useItem.minecraft.stone_sword":16,"stat.useItem.minecraft.wool":1,"stat.mineBlock.minecraft.dirt":50,"stat.drop.minecraft.stick":2,"stat.craftItem.minecraft.leather":7,"stat.useItem.minecraft.bread":14,"stat.useItem.minecraft.torch":45,"stat.drop.tombstone.crafting_ingredient":2,"stat.drop.minecraft.rotten_flesh":2,"stat.pickup.minecraft.crafting_table":9,"stat.useItem.minecraft.cobblestone":106,"stat.craftItem.minecraft.crafting_table":6,"stat.pickup.minecraft.log":51,"stat.drop.minecraft.carrot":11,"stat.drop.minecraft.planks":5,"stat.drop.minecraft.sapling":2,"stat.pickup.minecraft.sapling":2,"stat.pickup.minecraft.beetroot":12,"stat.drop.minecraft.fish":1,"stat.craftItem.minecraft.planks":236,"stat.useItem.minecraft.iron_sword":298,"stat.killEntity.WitherSkeleton":1,"stat.pickup.minecraft.stone_sword":1,"stat.mineBlock.minecraft.log":55,"stat.craftItem.minecraft.wooden_door":3,"stat.useItem.minecraft.wooden_door":1,"stat.sneakTime":7773,"stat.pickup.minecraft.wool":6,"stat.useItem.minecraft.baked_potato":27,"stat.useItem.minecraft.wooden_axe":1,"stat.pickup.minecraft.yellow_flower":1,"stat.useItem.minecraft.beetroot":12,"stat.drop.minecraft.wooden_axe":1,"stat.drop.minecraft.stone_pickaxe":1,"stat.drop.iceandfire.blindfold":4,"stat.pickup.minecraft.bone":11,"stat.useItem.minecraft.mushroom_stew":1,"stat.killEntity.zoocraftdiscoveries.rhino":1,"stat.useItem.minecraft.iron_axe":10,"stat.mineBlock.minecraft.cobblestone":4,"stat.mineBlock.minecraft.pumpkin":1,"stat.pickup.minecraft.stone_pickaxe":2,"stat.pickup.minecraft.flint":1,"stat.mineBlock.minecraft.yellow_flower":1,"stat.drop.minecraft.leather_helmet":1,"stat.pickup.minecraft.leather_chestplate":3,"stat.drop.zoocraftdiscoveries.seed_mint":1,"stat.swimOneCm":38869,"stat.climbOneCm":14716,"stat.pickup.minecraft.cooked_porkchop":4,"stat.useItem.minecraft.dirt":49,"stat.pickup.zoocraftdiscoveries.seed_basil":2,"stat.useItem.minecraft.stone_slab2":52,"stat.pickup.minecraft.bow":2,"stat.pickup.minecraft.iron_boots":1,"stat.killEntity.deathworm":1,"stat.craftItem.minecraft.furnace":6,"stat.craftItem.minecraft.stone_pickaxe":2,"stat.pickup.minecraft.shears":1,"stat.pickup.minecraft.cobblestone":371,"stat.craftItem.minecraft.bow":1,"stat.drop.minecraft.fence":3,"stat.flyOneCm":1050185,"stat.pickup.minecraft.sandstone":37,"stat.pickup.minecraft.glass_bottle":1,"stat.pickup.minecraft.fish":1,"stat.drop.minecraft.wheat_seeds":1,"stat.pickup.minecraft.redstone":1,"stat.mineBlock.minecraft.iron_ore":37,"stat.timeSinceDeath":24971,"stat.drop.minecraft.spider_eye":2,"stat.pickup.minecraft.mutton":12,"stat.killEntity.Bat":1,"stat.pickup.travelersbackpack.travelers_backpack":1,"stat.useItem.minecraft.potato":3,"stat.pickup.minecraft.wooden_axe":1,"stat.drop.minecraft.dirt":3,"stat.useItem.minecraft.cooked_porkchop":9,"stat.pickup.minecraft.iron_shovel":2,"stat.mineBlock.minecraft.coal_ore":68,"tombstone:tomb_raiding":1,"stat.pickup.minecraft.shield":4,"stat.drop.minecraft.baked_potato":8,"stat.pickup.minecraft.string":6,"stat.pickup.tombstone.crafting_ingredient":5,"stat.entityKilledBy.Skeleton":1,"stat.craftItem.minecraft.stone_slab2":0,"stat.sprintOneCm":1083631,"stat.drop.minecraft.leather":1,"stat.craftItem.minecraft.stick":48,"stat.pickup.minecraft.grass":1,"stat.mineBlock.minecraft.crafting_table":9,"stat.useItem.minecraft.carrot":18,"stat.pickup.zoocraftdiscoveries.seed_rosemary":1,"stat.entityKilledBy.Creeper":1,"stat.mineBlock.minecraft.planks":38,"stat.drop":104,"stat.killEntity.Sheep":6,"stat.drop.tombstone.grave_key":3,"stat.pickup.tombstone.grave_key":3,"stat.killEntity.Zombie":17,"stat.craftItem.minecraft.dye":9,"stat.drop.minecraft.bread":2,"stat.pickup.iceandfire.chared_dirt":10,"stat.diveOneCm":54100,"stat.pickup.minecraft.wheat":40,"stat.drop.minecraft.wooden_pickaxe":1,"stat.pickup.minecraft.gravel":7,"stat.craftItem.minecraft.cooked_porkchop":13,"stat.useItem.minecraft.apple":2,"stat.useItem.minecraft.porkchop":2,"stat.useItem.minecraft.potion":2,"stat.useItem.minecraft.rotten_flesh":8,"stat.drop.minecraft.cooked_porkchop":2,"stat.craftItem.iceandfire.blindfold":7,"stat.drop.minecraft.sandstone":3,"stat.jump":5341,"stat.useItem.minecraft.sand":10,"stat.pickup.minecraft.fence":18,"stat.pickup.minecraft.coal":107,"stat.pickup.minecraft.iron_helmet":1,"stat.pickup.minecraft.iron_ingot":19,"stat.useItem.minecraft.stone_axe":91,"stat.craftItem.minecraft.bread":13,"stat.pickup.minecraft.gunpowder":15,"stat.pickup.iceandfire.chared_stone":2,"stat.pickup.minecraft.spider_eye":2,"stat.craftItem.minecraft.torch":68,"stat.pickup.minecraft.dirt":143,"stat.craftItem.minecraft.iron_helmet":1,"stat.pickup.minecraft.iron_ore":36,"stat.drop.iceandfire.chared_grass":6,"stat.mineBlock.minecraft.iron_bars":8,"stat.craftItem.minecraft.flint_and_steel":1,"stat.mineBlock.minecraft.glass_pane":1,"stat.mineBlock.minecraft.leaves2":1,"stat.damageTaken":7189,"stat.pickup.minecraft.leather":1,"stat.mineBlock.minecraft.torch":15,"stat.mineBlock.minecraft.furnace":5,"stat.useItem.minecraft.wooden_pickaxe":78,"stat.pickup.minecraft.log2":7,"stat.pickup.minecraft.reeds":1,"tombstone:undead_killed":45,"stat.pickup.minecraft.potato":4,"stat.entityKilledBy.Zombie":1,"stat.damageDealt":13099,"stat.pickup.iceandfire.chared_grass":10,"stat.sleepInBed":8,"stat.craftItem.minecraft.baked_potato":20,"stat.drop.zoocraftdiscoveries.seed_lemongrass":1,"stat.useItem.minecraft.crafting_table":1,"stat.killEntity.Pig":4,"stat.craftItem.minecraft.iron_sword":2,"stat.walkOneCm":930399,"stat.playerKills":3,"stat.pickup.minecraft.stick":4,"stat.useItem.minecraft.tnt":3,"stat.pickup.zoocraftdiscoveries.seed_lemongrass":1,"stat.useItem.tombstone.gift":1,"stat.pickup.minecraft.tnt":2,"stat.pickup.minecraft.stone":4,"stat.craftItem.minecraft.iron_chestplate":2,"stat.mineBlock.minecraft.wool":1,"stat.pickup.minecraft.baked_potato":15,"stat.pickup.zoocraftdiscoveries.seed_coriander":1,"stat.pickup.minecraft.ender_pearl":3,"stat.useItem.minecraft.netherrack":1,"stat.killEntity.Skeleton":10,"stat.mineBlock.minecraft.tnt":2,"stat.pickup.zoocraftdiscoveries.rhino_leather":12,"stat.killEntity.Chicken":1,"stat.drop.minecraft.crafting_table":1,"stat.killEntity.Spider":8,"stat.pickup.minecraft.bread":1,"stat.craftItem.minecraft.tnt":3,"stat.mobKills":65,"stat.pickup.iceandfire.gorgon_head":1,"stat.mineBlock.minecraft.leaves":12,"stat.pickup.minecraft.beetroot_seeds":28,"stat.pickup.minecraft.torch":26,"stat.drop.minecraft.shears":1,"stat.mineBlock.minecraft.stone":364}