{"stat.useItem.minecraft.bow":7,"stat.pickup.iceandfire.fire_dragon_flesh":5,"stat.leaveGame":28,"stat.drop.zoocraftdiscoveries.rhino_leather":5,"stat.mineBlock.minecraft.sandstone":13,"stat.craftItem.minecraft.shield":4,"stat.drop.minecraft.iron_sword":2,"stat.pickup.minecraft.rotten_flesh":119,"stat.craftItem.minecraft.stone_axe":2,"stat.pickup.iceandfire.chared_cobblestone":26,"stat.killEntity.Enderman":2,"stat.pickup.minecraft.leather_boots":2,"stat.pickup.minecraft.brown_mushroom":3,"stat.drop.minecraft.sand":1,"stat.drop.minecraft.tnt":1,"stat.useItem.minecraft.iron_pickaxe":1756,"stat.craftItem.minecraft.wooden_pickaxe":3,"stat.drop.minecraft.cooked_mutton":2,"stat.craftItem.minecraft.bed":3,"stat.drop.minecraft.diamond_chestplate":2,"stat.furnaceInteraction":127,"stat.killEntity.ZombieVillager":8,"stat.pickup.iceandfire.manuscript":6,"stat.pickup.minecraft.beef":6,"stat.pickup.minecraft.leather_helmet":1,"stat.useItem.minecraft.fence":3,"stat.pickup.minecraft.potion":1,"stat.mineBlock.minecraft.fence":20,"stat.useItem.minecraft.flint_and_steel":18,"stat.useItem.minecraft.wheat_seeds":39,"stat.killEntity.Husk":11,"stat.deaths":24,"stat.pickup.minecraft.bowl":1,"stat.craftItem.minecraft.iron_pickaxe":9,"stat.drop.minecraft.torch":20,"stat.drop.minecraft.glass_bottle":1,"stat.drop.minecraft.iron_ingot":27,"stat.mineBlock.minecraft.tallgrass":41,"stat.craftItem.minecraft.cooked_mutton":24,"stat.craftItem.toolbelt.pouch":1,"stat.chestOpened":195,"stat.useItem.minecraft.stone":6,"stat.pickup.minecraft.arrow":52,"stat.pickup.minecraft.iron_sword":2,"stat.pickup.minecraft.wooden_pressure_plate":1,"stat.pickup.minecraft.gold_nugget":30,"stat.pickup.zoocraftdiscoveries.seed_mint":9,"stat.pickup.minecraft.carrot":127,"stat.crouchOneCm":76430,"stat.craftItem.minecraft.iron_ingot":137,"stat.craftingTableInteraction":115,"stat.mineBlock.minecraft.wooden_pressure_plate":1,"stat.pickup.minecraft.mushroom_stew":1,"stat.mineBlock.minecraft.log2":23,"stat.pickup.minecraft.dye":13,"stat.pickup.minecraft.planks":90,"stat.pickup.minecraft.wheat_seeds":81,"stat.mineBlock.minecraft.dirt":136,"stat.useItem.minecraft.bread":14,"stat.drop.minecraft.rotten_flesh":4,"stat.useItem.minecraft.cobblestone":2042,"stat.useItem.minecraft.gravel":4,"stat.pickup.zoocraftdiscoveries.seed_dill":2,"stat.useItem.toolbelt.belt":4,"stat.pickup.toolbelt.belt":1,"stat.drop.minecraft.carrot":29,"stat.drop.minecraft.sapling":3,"stat.drop.minecraft.fish":1,"stat.craftItem.minecraft.bucket":1,"stat.craftItem.minecraft.planks":392,"stat.useItem.minecraft.iron_sword":388,"stat.pickup.minecraft.stone_sword":1,"stat.mineBlock.minecraft.log":61,"stat.craftItem.minecraft.wooden_door":3,"stat.useItem.minecraft.wooden_door":1,"stat.pickup.iceandfire.dragonbone":7,"stat.pickup.minecraft.red_flower":11,"stat.pickup.minecraft.red_nether_brick":5,"stat.pickup.minecraft.wool":21,"stat.killEntity.zoocraftdiscoveries.porcupine":1,"stat.useItem.minecraft.wooden_axe":1,"stat.killEntity.zoocraftdiscoveries.rhino":1,"stat.useItem.minecraft.iron_axe":49,"stat.mineBlock.minecraft.cobblestone":395,"stat.mineBlock.minecraft.pumpkin":1,"stat.pickup.minecraft.stone_pickaxe":2,"stat.pickup.minecraft.flint":5,"stat.mineBlock.minecraft.yellow_flower":18,"stat.mineBlock.iceandfire.chared_stone":13,"stat.craftItem.tombstone.grave_key":1,"stat.pickup.minecraft.leather_chestplate":3,"stat.craftItem.minecraft.wool":3,"stat.pickup.minecraft.enchanted_book":1,"stat.drop.minecraft.cobblestone":88,"stat.pickup.minecraft.cooked_porkchop":4,"stat.pickup.minecraft.writable_book":1,"stat.useItem.minecraft.stone_slab2":135,"stat.pickup.minecraft.bow":2,"stat.pickup.minecraft.iron_boots":2,"stat.killEntity.deathworm":3,"stat.craftItem.minecraft.furnace":10,"stat.craftItem.minecraft.iron_boots":1,"stat.craftItem.minecraft.cooked_beef":6,"stat.pickup.minecraft.shears":1,"stat.craftItem.minecraft.bow":1,"stat.flyOneCm":2108026,"stat.pickup.minecraft.sandstone":37,"stat.pickup.minecraft.fish":1,"stat.craftItem.minecraft.stained_glass":8,"stat.timeSinceDeath":81561,"stat.drop.minecraft.spider_eye":2,"stat.killEntity.Bat":1,"stat.pickup.travelersbackpack.travelers_backpack":4,"stat.useItem.minecraft.potato":3,"stat.mineBlock.minecraft.coal_ore":221,"tombstone:tomb_raiding":1,"stat.pickup.minecraft.shield":6,"stat.killEntity.Creeper":2,"stat.drop.minecraft.baked_potato":8,"stat.pickup.minecraft.string":12,"stat.pickup.tombstone.crafting_ingredient":12,"stat.entityKilledBy.Skeleton":2,"stat.sprintOneCm":2180988,"stat.drop.minecraft.leather":1,"stat.mineBlock.minecraft.diamond_ore":15,"stat.pickup.zoocraftdiscoveries.seed_rosemary":3,"stat.drop.tombstone.grave_key":5,"stat.pickup.tombstone.grave_key":5,"stat.killEntity.Zombie":59,"stat.craftItem.minecraft.dye":17,"stat.pickup.iceandfire.chared_dirt":11,"stat.mineBlock.minecraft.gold_ore":9,"stat.diveOneCm":177609,"stat.pickup.minecraft.wheat":40,"stat.pickup.minecraft.sign":2,"stat.craftItem.minecraft.cooked_porkchop":15,"stat.useItem.minecraft.rotten_flesh":27,"stat.craftItem.iceandfire.blindfold":7,"stat.craftItem.minecraft.diamond_sword":1,"stat.drop.minecraft.sandstone":3,"stat.jump":12072,"stat.useItem.minecraft.sand":11,"stat.pickup.minecraft.coal":299,"stat.pickup.minecraft.iron_ingot":23,"stat.drop.minecraft.diamond_sword":2,"stat.pickup.minecraft.gunpowder":16,"stat.pickup.iceandfire.chared_stone":27,"stat.craftItem.minecraft.torch":556,"stat.pickup.minecraft.dirt":481,"stat.pickup.minecraft.gold_ore":9,"stat.mineBlock.minecraft.lapis_ore":4,"stat.mineBlock.minecraft.glass_pane":1,"stat.damageTaken":-2147470154,"stat.mineBlock.minecraft.torch":59,"stat.mineBlock.minecraft.red_flower":9,"stat.pickup.minecraft.log2":33,"stat.pickup.zoocraftdiscoveries.seed_saffron":2,"stat.pickup.minecraft.bed":5,"stat.pickup.minecraft.potato":4,"stat.entityKilledBy.Zombie":1,"stat.pickup.iceandfire.chared_grass":10,"stat.drop.zoocraftdiscoveries.seed_lemongrass":1,"stat.useItem.minecraft.chest":1,"stat.useItem.minecraft.tnt":3,"stat.useItem.tombstone.gift":4,"stat.craftItem.minecraft.iron_chestplate":2,"stat.pickup.minecraft.baked_potato":15,"stat.killEntity.if_troll":1,"stat.pickup.minecraft.ender_pearl":4,"stat.pickup.minecraft.cooked_beef":5,"stat.useItem.minecraft.netherrack":1,"stat.craftItem.travelersbackpack.sleeping_bag_bottom":1,"stat.mineBlock.minecraft.tnt":2,"stat.pickup.zoocraftdiscoveries.rhino_leather":12,"stat.mobKills":159,"stat.pickup.minecraft.diamond_boots":1,"stat.pickup.iceandfire.gorgon_head":1,"stat.pickup.minecraft.diamond":15,"stat.pickup.minecraft.beetroot_seeds":28,"stat.pickup.minecraft.torch":122,"stat.drop.minecraft.shears":1,"stat.useItem.iceandfire.fire_dragon_flesh":1,"stat.craftItem.minecraft.iron_axe":2,"stat.useItem.minecraft.mutton":4,"stat.useItem.minecraft.planks":204,"stat.pickup.minecraft.glowstone_dust":8,"stat.pickup.minecraft.porkchop":17,"stat.drop.minecraft.wooden_door":2,"stat.pickup.minecraft.glass":28,"stat.drop.travelersbackpack.travelers_backpack":2,"stat.useItem.minecraft.water_bucket":100,"stat.pickup.minecraft.sand":78,"stat.entityKilledBy.Spider":1,"stat.entityKilledBy.cyclops":1,"stat.craftItem.minecraft.stone_sword":2,"stat.useItem.minecraft.ender_pearl":1,"stat.entityKilledBy.firedragon":5,"stat.pickup.zoocraftdiscoveries.seed_oregano":1,"stat.pickup.minecraft.chainmail_chestplate":1,"stat.mineBlock.minecraft.sand":64,"stat.pickup.iceandfire.ash":25,"stat.pickup.zoocraftdiscoveries.seed_chive":4,"stat.pickup.iceandfire.armor_green_leggings":1,"stat.drop.zoocraftdiscoveries.seed_basil":1,"stat.mineBlock.futuremc.cornflower":1,"stat.useItem.minecraft.cooked_mutton":24,"stat.pickup.minecraft.furnace":6,"stat.craftItem.travelersbackpack.travelers_backpack":2,"stat.pickup.minecraft.iron_chestplate":2,"stat.pickup.tombstone.magic_scroll":2,"stat.mineBlock.iceandfire.ash":24,"stat.pickup.futuremc.lily_of_the_valley":1,"stat.drop.zoocraftdiscoveries.seed_rosemary":1,"stat.pickup.minecraft.saddle":1,"stat.playOneMinute":754678,"stat.pickup.minecraft.iron_bars":7,"stat.pickup.minecraft.netherrack":7,"stat.pickup.minecraft.pumpkin":1,"stat.mineBlock.minecraft.netherrack":9,"stat.useItem.minecraft.experience_bottle":2,"stat.fallOneCm":280278,"stat.drop.minecraft.stone":1,"stat.craftItem.minecraft.chest":4,"stat.pickup.minecraft.feather":4,"stat.mineBlock.minecraft.red_nether_brick":6,"stat.useItem.minecraft.furnace":1,"stat.pickup.minecraft.iron_leggings":2,"stat.mineBlock.minecraft.gravel":3,"stat.useItem.minecraft.stone_pickaxe":1410,"stat.useItem.minecraft.stone_sword":20,"stat.craftItem.minecraft.iron_leggings":1,"stat.useItem.minecraft.wool":1,"stat.craftItem.minecraft.golden_pickaxe":1,"stat.drop.minecraft.stick":2,"stat.craftItem.minecraft.leather":7,"stat.useItem.minecraft.torch":534,"stat.drop.tombstone.crafting_ingredient":2,"stat.pickup.minecraft.crafting_table":12,"stat.craftItem.minecraft.crafting_table":11,"stat.mineBlock.minecraft.emerald_ore":1,"stat.pickup.minecraft.log":60,"stat.drop.minecraft.planks":5,"stat.pickup.minecraft.sapling":5,"stat.pickup.minecraft.beetroot":12,"stat.craftItem.toolbelt.belt":1,"stat.mineBlock.iceandfire.goldpile":1,"stat.killEntity.WitherSkeleton":1,"stat.sneakTime":26185,"stat.useItem.minecraft.baked_potato":27,"stat.pickup.minecraft.yellow_flower":17,"stat.useItem.minecraft.beetroot":12,"stat.drop.minecraft.wooden_axe":1,"stat.drop.minecraft.stone_pickaxe":5,"stat.craftItem.minecraft.diamond_chestplate":1,"stat.drop.iceandfire.blindfold":4,"stat.pickup.minecraft.bone":72,"stat.useItem.minecraft.mushroom_stew":1,"stat.drop.minecraft.leather_helmet":1,"stat.drop.zoocraftdiscoveries.seed_mint":1,"stat.useItem.minecraft.diamond_sword":241,"stat.pickup.iceandfire.deathworm_chitin":6,"stat.swimOneCm":162041,"stat.climbOneCm":14716,"stat.craftItem.minecraft.gold_block":1,"stat.useItem.minecraft.dirt":224,"stat.pickup.zoocraftdiscoveries.seed_basil":2,"stat.useItem.minecraft.golden_pickaxe":32,"stat.craftItem.minecraft.stone_pickaxe":14,"stat.pickup.minecraft.cobblestone":3315,"stat.drop.minecraft.fence":3,"stat.pickup.minecraft.glass_bottle":1,"stat.drop.minecraft.wheat_seeds":1,"stat.useItem.minecraft.cooked_beef":5,"stat.pickup.minecraft.redstone":15,"stat.mineBlock.minecraft.iron_ore":215,"stat.pickup.securitycraft.keypad_item":1,"stat.pickup.minecraft.mutton":24,"stat.drop.minecraft.coal":1,"stat.pickup.minecraft.wooden_axe":1,"stat.drop.minecraft.dirt":150,"stat.useItem.minecraft.cooked_porkchop":18,"stat.pickup.minecraft.iron_shovel":2,"stat.craftItem.minecraft.stone_slab2":0,"stat.craftItem.minecraft.stick":216,"stat.pickup.minecraft.grass":1,"stat.mineBlock.minecraft.crafting_table":11,"stat.useItem.minecraft.carrot":109,"stat.pickup.minecraft.diamond_chestplate":1,"stat.useItem.minecraft.bucket":106,"stat.entityKilledBy.Creeper":2,"stat.mineBlock.minecraft.planks":38,"stat.drop":399,"stat.killEntity.Sheep":16,"stat.craftItem.minecraft.diamond_pickaxe":1,"stat.pickup.zoocraftdiscoveries.seed_parsley":1,"stat.drop.minecraft.bread":2,"stat.drop.minecraft.wooden_pickaxe":1,"stat.pickup.minecraft.gravel":33,"stat.useItem.minecraft.apple":2,"stat.useItem.minecraft.porkchop":2,"stat.useItem.minecraft.potion":2,"stat.drop.minecraft.cooked_porkchop":2,"stat.pickup.minecraft.diamond_sword":2,"stat.craftItem.travelersbackpack.backpack_tank":2,"stat.pickup.minecraft.fence":22,"stat.pickup.minecraft.iron_helmet":1,"stat.useItem.minecraft.stone_axe":94,"stat.craftItem.minecraft.bread":13,"stat.pickup.minecraft.spider_eye":2,"stat.craftItem.minecraft.iron_helmet":2,"stat.pickup.minecraft.iron_ore":238,"stat.drop.iceandfire.chared_grass":6,"stat.mineBlock.minecraft.iron_bars":8,"stat.craftItem.minecraft.flint_and_steel":1,"stat.mineBlock.minecraft.leaves2":1,"stat.pickup.minecraft.leather":2,"stat.mineBlock.minecraft.furnace":6,"stat.useItem.minecraft.wooden_pickaxe":78,"stat.craftItem.minecraft.golden_hoe":1,"stat.mineBlock.iceandfire.chared_cobblestone":13,"stat.pickup.minecraft.reeds":1,"tombstone:undead_killed":109,"stat.pickup.minecraft.oak_stairs":1,"stat.pickup.minecraft.stained_glass":6,"stat.damageDealt":28210,"stat.craftItem.minecraft.glass":46,"stat.sleepInBed":17,"stat.craftItem.minecraft.baked_potato":20,"stat.killEntity.Cow":2,"stat.useItem.minecraft.crafting_table":1,"stat.killEntity.Pig":5,"stat.craftItem.minecraft.iron_sword":2,"stat.walkOneCm":2461554,"stat.playerKills":6,"stat.pickup.minecraft.stick":53,"stat.pickup.zoocraftdiscoveries.seed_lemongrass":2,"stat.pickup.minecraft.tnt":3,"stat.pickup.minecraft.stone":61,"stat.mineBlock.minecraft.wool":1,"stat.pickup.zoocraftdiscoveries.seed_coriander":1,"stat.pickup.minecraft.gold_ingot":12,"stat.killEntity.Skeleton":30,"stat.drop.iceandfire.ash":1,"stat.killEntity.Chicken":1,"stat.drop.minecraft.crafting_table":1,"stat.killEntity.Spider":13,"stat.pickup.minecraft.bread":1,"stat.craftItem.minecraft.tnt":3,"stat.mineBlock.minecraft.leaves":13,"stat.mineBlock.minecraft.redstone_ore":5,"stat.mineBlock.minecraft.stone":2218}