{"stat.useItem.minecraft.bow":7,"stat.pickup.iceandfire.fire_dragon_flesh":6,"stat.mineBlock.iceandfire.chared_grass":1,"stat.leaveGame":42,"stat.drop.zoocraftdiscoveries.rhino_leather":5,"stat.pickup.minecraft.dark_oak_boat":1,"stat.mineBlock.minecraft.sandstone":14,"stat.craftItem.minecraft.shield":4,"stat.drop.minecraft.iron_sword":4,"stat.pickup.minecraft.rotten_flesh":124,"stat.craftItem.minecraft.stone_axe":2,"stat.pickup.iceandfire.chared_cobblestone":26,"stat.killEntity.Enderman":2,"stat.pickup.minecraft.leather_boots":2,"stat.pickup.minecraft.brown_mushroom":3,"stat.drop.minecraft.sand":1,"stat.pickup.iceandfire.armor_red_boots":1,"stat.drop.minecraft.tnt":1,"stat.useItem.minecraft.iron_pickaxe":1795,"stat.craftItem.minecraft.wooden_pickaxe":3,"stat.drop.minecraft.cooked_mutton":2,"stat.pickup.minecraft.double_plant":3,"stat.craftItem.minecraft.bed":3,"stat.drop.minecraft.diamond_chestplate":2,"stat.furnaceInteraction":142,"stat.killEntity.ZombieVillager":8,"stat.drop.minecraft.red_flower":2,"stat.pickup.iceandfire.manuscript":6,"stat.pickup.minecraft.beef":24,"stat.pickup.minecraft.leather_helmet":1,"stat.useItem.minecraft.fence":3,"stat.pickup.minecraft.potion":1,"stat.mineBlock.minecraft.fence":21,"stat.useItem.minecraft.flint_and_steel":18,"stat.useItem.minecraft.wheat_seeds":39,"stat.killEntity.Husk":11,"stat.useItem.minecraft.beef":16,"stat.craftItem.minecraft.dark_oak_boat":1,"stat.deaths":31,"stat.pickup.minecraft.bowl":1,"stat.pickup.minecraft.egg":4,"stat.craftItem.minecraft.wooden_shovel":2,"stat.craftItem.minecraft.iron_pickaxe":9,"stat.drop.minecraft.torch":36,"stat.drop.minecraft.glass_bottle":1,"stat.drop.minecraft.iron_ingot":27,"stat.mineBlock.minecraft.tallgrass":54,"stat.craftItem.minecraft.cooked_mutton":24,"stat.craftItem.toolbelt.pouch":1,"stat.pickup.minecraft.cooked_mutton":2,"stat.chestOpened":252,"stat.useItem.minecraft.stone":6,"stat.pickup.minecraft.arrow":56,"stat.pickup.minecraft.iron_sword":2,"stat.pickup.minecraft.wooden_pressure_plate":1,"stat.pickup.minecraft.gold_nugget":32,"stat.pickup.zoocraftdiscoveries.seed_mint":10,"stat.pickup.minecraft.carrot":296,"stat.crouchOneCm":79463,"stat.craftItem.minecraft.iron_ingot":137,"stat.craftingTableInteraction":122,"stat.mineBlock.minecraft.wooden_pressure_plate":1,"stat.pickup.minecraft.mushroom_stew":1,"stat.mineBlock.minecraft.log2":23,"stat.drop.zoocraftdiscoveries.seed_sage":4,"stat.pickup.minecraft.dye":13,"stat.pickup.minecraft.planks":90,"stat.pickup.minecraft.wheat_seeds":83,"stat.pickup.iceandfire.cyclops_eye":3,"stat.mineBlock.minecraft.dirt":155,"stat.pickup.minecraft.poisonous_potato":1,"stat.useItem.minecraft.bread":14,"stat.drop.minecraft.rotten_flesh":4,"stat.useItem.minecraft.cobblestone":2146,"stat.useItem.minecraft.gravel":4,"stat.pickup.zoocraftdiscoveries.seed_dill":3,"stat.useItem.toolbelt.belt":4,"stat.pickup.toolbelt.belt":2,"stat.useItem.minecraft.golden_hoe":1,"stat.drop.minecraft.carrot":30,"stat.drop.minecraft.sapling":4,"stat.pickup.minecraft.chicken":2,"stat.pickup.minecraft.apple":1,"stat.drop.minecraft.fish":1,"stat.craftItem.minecraft.bucket":1,"stat.craftItem.minecraft.planks":872,"stat.useItem.minecraft.iron_sword":424,"stat.pickup.futuremc.cornflower":5,"stat.drop.futuremc.cornflower":3,"stat.pickup.minecraft.stone_sword":1,"stat.drop.zoocraftdiscoveries.seed_tarragon":1,"stat.mineBlock.minecraft.log":61,"stat.craftItem.minecraft.wooden_door":3,"stat.useItem.minecraft.wooden_door":1,"stat.pickup.iceandfire.dragonbone":39,"stat.pickup.minecraft.red_flower":13,"stat.pickup.minecraft.red_nether_brick":5,"stat.pickup.minecraft.wool":29,"stat.killEntity.zoocraftdiscoveries.porcupine":1,"stat.killEntity.siren":1,"stat.useItem.minecraft.wooden_axe":1,"stat.killEntity.zoocraftdiscoveries.rhino":1,"stat.useItem.minecraft.iron_axe":50,"stat.mineBlock.minecraft.cobblestone":395,"stat.mineBlock.minecraft.pumpkin":1,"stat.pickup.minecraft.stone_pickaxe":2,"stat.pickup.minecraft.flint":5,"stat.mineBlock.minecraft.yellow_flower":18,"stat.mineBlock.iceandfire.chared_stone":13,"stat.craftItem.tombstone.grave_key":1,"stat.pickup.minecraft.leather_chestplate":3,"stat.craftItem.minecraft.wool":3,"stat.pickup.minecraft.enchanted_book":1,"stat.drop.minecraft.cobblestone":89,"stat.pickup.minecraft.cooked_porkchop":4,"stat.pickup.minecraft.writable_book":1,"stat.useItem.minecraft.stone_slab2":149,"stat.pickup.minecraft.bow":4,"stat.pickup.minecraft.iron_boots":3,"stat.killEntity.deathworm":3,"stat.craftItem.minecraft.furnace":10,"stat.useItem.minecraft.egg":3,"stat.craftItem.minecraft.iron_boots":1,"stat.craftItem.minecraft.cooked_beef":6,"stat.pickup.minecraft.shears":1,"stat.craftItem.minecraft.bow":1,"stat.pickup.minecraft.diamond_leggings":1,"stat.flyOneCm":3092871,"stat.pickup.minecraft.sandstone":38,"stat.pickup.minecraft.fish":2,"stat.craftItem.minecraft.stained_glass":8,"stat.timeSinceDeath":6529,"stat.drop.minecraft.spider_eye":2,"stat.killEntity.Bat":1,"stat.pickup.travelersbackpack.travelers_backpack":11,"stat.useItem.minecraft.potato":33,"stat.mineBlock.minecraft.coal_ore":238,"tombstone:tomb_raiding":1,"stat.drop.zoocraftdiscoveries.seed_chive":2,"stat.pickup.minecraft.shield":6,"stat.killEntity.Creeper":2,"stat.drop.minecraft.baked_potato":8,"stat.pickup.iceandfire.sea_serpent_fang":2,"stat.pickup.minecraft.string":14,"stat.pickup.tombstone.crafting_ingredient":12,"stat.entityKilledBy.Skeleton":3,"stat.sprintOneCm":2802291,"stat.drop.minecraft.leather":1,"stat.mineBlock.minecraft.diamond_ore":15,"stat.pickup.zoocraftdiscoveries.seed_rosemary":4,"stat.drop.zoocraftdiscoveries.seed_parsley":1,"stat.drop.tombstone.grave_key":7,"stat.pickup.tombstone.grave_key":7,"stat.killEntity.Zombie":62,"stat.craftItem.minecraft.dye":17,"stat.pickup.iceandfire.chared_dirt":11,"stat.mineBlock.minecraft.gold_ore":9,"stat.diveOneCm":221996,"stat.pickup.minecraft.wheat":40,"stat.entityKilledBy.seaserpent":2,"stat.pickup.minecraft.sign":2,"stat.pickup.zoocraftdiscoveries.seed_tarragon":1,"stat.craftItem.minecraft.cooked_porkchop":15,"stat.useItem.minecraft.chicken":2,"stat.useItem.minecraft.rotten_flesh":27,"stat.craftItem.iceandfire.blindfold":7,"stat.craftItem.minecraft.diamond_sword":1,"stat.drop.minecraft.sandstone":3,"stat.jump":16941,"stat.useItem.minecraft.sand":21,"stat.pickup.minecraft.coal":333,"stat.pickup.minecraft.iron_ingot":23,"stat.useItem.minecraft.dark_oak_boat":1,"stat.drop.minecraft.diamond_sword":2,"stat.pickup.minecraft.gunpowder":16,"stat.pickup.iceandfire.chared_stone":27,"stat.craftItem.minecraft.torch":556,"stat.pickup.minecraft.dirt":500,"stat.pickup.iceandfire.fire_dragon_heart":1,"stat.pickup.minecraft.gold_ore":9,"stat.mineBlock.minecraft.lapis_ore":4,"stat.mineBlock.minecraft.glass_pane":1,"stat.damageTaken":-2147465170,"stat.mineBlock.minecraft.torch":59,"stat.mineBlock.minecraft.red_flower":9,"stat.pickup.minecraft.log2":33,"stat.pickup.zoocraftdiscoveries.seed_saffron":2,"stat.pickup.minecraft.bed":5,"stat.pickup.minecraft.potato":85,"stat.entityKilledBy.Zombie":1,"stat.pickup.iceandfire.chared_grass":11,"stat.drop.zoocraftdiscoveries.seed_lemongrass":1,"stat.useItem.minecraft.chest":1,"stat.useItem.minecraft.tnt":3,"stat.useItem.tombstone.gift":4,"stat.craftItem.minecraft.iron_chestplate":2,"stat.pickup.minecraft.baked_potato":15,"stat.killEntity.if_troll":1,"stat.pickup.minecraft.ender_pearl":4,"stat.pickup.minecraft.cooked_beef":6,"stat.useItem.minecraft.netherrack":1,"stat.craftItem.travelersbackpack.sleeping_bag_bottom":1,"stat.mineBlock.minecraft.tnt":2,"stat.pickup.zoocraftdiscoveries.rhino_leather":12,"stat.mobKills":187,"stat.pickup.minecraft.diamond_boots":3,"stat.pickup.iceandfire.gorgon_head":1,"stat.useItem.minecraft.boat":3,"stat.pickup.minecraft.diamond":15,"stat.pickup.minecraft.beetroot_seeds":51,"stat.pickup.minecraft.torch":156,"stat.drop.minecraft.arrow":2,"stat.killEntity.firedragon":1,"stat.drop.minecraft.shears":1,"stat.useItem.iceandfire.fire_dragon_flesh":1,"stat.pickup.iceandfire.armor_red_helmet":1,"stat.craftItem.minecraft.iron_axe":2,"stat.useItem.minecraft.mutton":6,"stat.useItem.minecraft.planks":310,"stat.pickup.minecraft.glowstone_dust":8,"stat.pickup.minecraft.porkchop":20,"stat.drop.minecraft.wooden_door":2,"stat.pickup.minecraft.glass":28,"stat.drop.travelersbackpack.travelers_backpack":2,"stat.useItem.minecraft.water_bucket":109,"stat.drop.minecraft.poisonous_potato":1,"stat.pickup.minecraft.sand":91,"stat.craftItem.minecraft.golden_apple":1,"stat.entityKilledBy.Spider":1,"stat.pickup.iceandfire.sea_serpent_scales_deepblue":4,"stat.entityKilledBy.cyclops":2,"stat.craftItem.minecraft.stone_sword":2,"stat.useItem.minecraft.ender_pearl":1,"stat.entityKilledBy.firedragon":6,"stat.pickup.zoocraftdiscoveries.seed_oregano":1,"stat.pickup.minecraft.chainmail_chestplate":1,"stat.mineBlock.minecraft.sand":78,"stat.pickup.iceandfire.ash":26,"stat.pickup.zoocraftdiscoveries.seed_chive":6,"stat.pickup.iceandfire.armor_green_leggings":1,"stat.drop.zoocraftdiscoveries.seed_basil":1,"stat.pickup.iceandfire.rotten_egg":1,"stat.pickup.iceandfire.dragon_skull":1,"stat.mineBlock.futuremc.cornflower":1,"stat.useItem.minecraft.cooked_mutton":27,"stat.pickup.minecraft.furnace":6,"stat.drop.iceandfire.dragon_skull":1,"stat.craftItem.travelersbackpack.travelers_backpack":2,"stat.pickup.minecraft.iron_chestplate":2,"stat.pickup.tombstone.magic_scroll":4,"stat.mineBlock.iceandfire.ash":25,"stat.pickup.futuremc.lily_of_the_valley":6,"stat.drop.zoocraftdiscoveries.seed_rosemary":2,"stat.pickup.minecraft.saddle":1,"stat.playOneMinute":940428,"stat.pickup.minecraft.iron_bars":7,"stat.pickup.minecraft.netherrack":7,"stat.pickup.minecraft.pumpkin":1,"stat.useItem.minecraft.fish":1,"stat.mineBlock.minecraft.netherrack":9,"stat.craftItem.iceandfire.armor_red_helmet":1,"stat.useItem.minecraft.experience_bottle":2,"stat.fallOneCm":412263,"stat.drop.minecraft.stone":1,"stat.craftItem.minecraft.chest":4,"stat.pickup.minecraft.red_mushroom":1,"stat.pickup.minecraft.feather":12,"stat.mineBlock.minecraft.red_nether_brick":6,"stat.useItem.minecraft.furnace":1,"stat.pickup.iceandfire.dragonscales_red":22,"stat.pickup.minecraft.iron_leggings":3,"stat.mineBlock.minecraft.gravel":3,"stat.useItem.minecraft.stone_pickaxe":1410,"stat.useItem.minecraft.stone_sword":23,"stat.craftItem.minecraft.iron_leggings":1,"stat.killEntity.Rabbit":1,"stat.useItem.minecraft.wool":1,"stat.craftItem.minecraft.golden_pickaxe":1,"stat.drop.minecraft.stick":2,"stat.craftItem.minecraft.leather":7,"stat.useItem.minecraft.torch":549,"stat.drop.tombstone.crafting_ingredient":2,"stat.pickup.minecraft.crafting_table":12,"stat.craftItem.minecraft.crafting_table":11,"stat.craftItem.minecraft.boat":3,"stat.mineBlock.minecraft.emerald_ore":1,"stat.pickup.minecraft.log":61,"stat.drop.minecraft.planks":5,"stat.pickup.minecraft.sapling":10,"stat.pickup.minecraft.beetroot":24,"stat.craftItem.toolbelt.belt":1,"stat.mineBlock.iceandfire.goldpile":1,"stat.pickup.minecraft.diamond_helmet":1,"stat.killEntity.WitherSkeleton":1,"stat.useItem.minecraft.beetroot_seeds":21,"stat.sneakTime":27468,"stat.craftItem.minecraft.spruce_fence_gate":1,"stat.useItem.minecraft.baked_potato":50,"stat.pickup.minecraft.yellow_flower":17,"stat.useItem.minecraft.beetroot":27,"stat.drop.minecraft.wooden_axe":1,"stat.drop.minecraft.stone_pickaxe":5,"stat.craftItem.minecraft.diamond_chestplate":1,"stat.drop.iceandfire.blindfold":4,"stat.pickup.minecraft.bone":75,"stat.useItem.minecraft.mushroom_stew":1,"stat.drop.minecraft.red_mushroom":1,"stat.drop.minecraft.leather_helmet":1,"stat.drop.zoocraftdiscoveries.seed_mint":2,"stat.useItem.minecraft.diamond_sword":402,"stat.pickup.iceandfire.deathworm_chitin":6,"stat.swimOneCm":252307,"stat.pickup.zoocraftdiscoveries.frogspawn":2,"stat.climbOneCm":15992,"stat.craftItem.minecraft.gold_block":1,"stat.useItem.minecraft.dirt":230,"stat.pickup.zoocraftdiscoveries.seed_basil":2,"stat.useItem.minecraft.golden_pickaxe":32,"stat.craftItem.minecraft.stone_pickaxe":14,"stat.pickup.minecraft.cobblestone":3326,"stat.drop.minecraft.fence":3,"stat.pickup.minecraft.glass_bottle":1,"stat.drop.minecraft.wheat_seeds":1,"stat.useItem.minecraft.cooked_beef":11,"stat.pickup.minecraft.redstone":15,"stat.mineBlock.minecraft.iron_ore":215,"stat.pickup.securitycraft.keypad_item":1,"stat.pickup.minecraft.mutton":42,"stat.drop.minecraft.coal":1,"stat.pickup.minecraft.wooden_axe":1,"stat.drop.minecraft.dirt":150,"stat.useItem.minecraft.cooked_porkchop":18,"stat.pickup.minecraft.iron_shovel":2,"stat.craftItem.minecraft.stone_slab2":0,"stat.useItem.minecraft.spruce_fence":2,"stat.drop.zoocraftdiscoveries.seed_dill":1,"stat.craftItem.minecraft.stick":216,"stat.pickup.minecraft.grass":1,"stat.mineBlock.minecraft.crafting_table":11,"stat.useItem.minecraft.diamond_pickaxe":11,"stat.useItem.minecraft.carrot":245,"stat.pickup.minecraft.diamond_chestplate":2,"stat.useItem.minecraft.bucket":113,"stat.entityKilledBy.Creeper":2,"stat.mineBlock.minecraft.planks":38,"stat.drop":443,"stat.killEntity.Sheep":21,"stat.pickup.zoocraftdiscoveries.seed_sage":4,"stat.craftItem.minecraft.diamond_pickaxe":1,"stat.useItem.iceandfire.rotten_egg":1,"stat.pickup.zoocraftdiscoveries.seed_parsley":2,"stat.drop.minecraft.bread":2,"stat.drop.minecraft.wooden_pickaxe":1,"stat.pickup.minecraft.gravel":33,"stat.useItem.minecraft.apple":2,"stat.useItem.minecraft.porkchop":2,"stat.useItem.minecraft.potion":2,"stat.drop.minecraft.cooked_porkchop":2,"stat.pickup.minecraft.diamond_sword":2,"stat.craftItem.travelersbackpack.backpack_tank":2,"stat.pickup.minecraft.fence":23,"stat.pickup.minecraft.iron_helmet":2,"stat.useItem.minecraft.stone_axe":94,"stat.craftItem.minecraft.bread":48,"stat.pickup.minecraft.spider_eye":2,"stat.craftItem.minecraft.iron_helmet":2,"stat.pickup.minecraft.iron_ore":238,"stat.drop.iceandfire.chared_grass":6,"stat.pickup.iceandfire.shiny_scales":2,"stat.boatOneCm":176242,"stat.mineBlock.minecraft.iron_bars":8,"stat.craftItem.minecraft.flint_and_steel":1,"stat.mineBlock.minecraft.leaves2":1,"stat.pickup.minecraft.leather":22,"stat.mineBlock.minecraft.furnace":6,"stat.useItem.minecraft.wooden_pickaxe":78,"stat.craftItem.minecraft.golden_hoe":1,"stat.mineBlock.iceandfire.chared_cobblestone":13,"stat.pickup.minecraft.reeds":1,"tombstone:undead_killed":116,"stat.pickup.minecraft.oak_stairs":1,"stat.pickup.minecraft.stained_glass":6,"stat.damageDealt":34689,"stat.craftItem.minecraft.glass":46,"stat.sleepInBed":26,"stat.craftItem.minecraft.baked_potato":74,"stat.killEntity.Cow":10,"stat.useItem.minecraft.crafting_table":1,"stat.killEntity.Pig":7,"stat.mineBlock.iceandfire.chared_dirt":1,"stat.craftItem.minecraft.iron_sword":2,"stat.pickup.minecraft.boat":1,"stat.walkOneCm":2858348,"stat.playerKills":6,"stat.pickup.minecraft.stick":53,"stat.pickup.zoocraftdiscoveries.seed_lemongrass":2,"stat.pickup.minecraft.tnt":3,"stat.pickup.minecraft.stone":65,"stat.mineBlock.minecraft.wool":1,"stat.pickup.zoocraftdiscoveries.seed_coriander":1,"stat.killEntity.futuremc:salmon":1,"stat.pickup.minecraft.gold_ingot":12,"stat.killEntity.Skeleton":34,"stat.drop.iceandfire.ash":1,"stat.killEntity.Chicken":3,"stat.drop.minecraft.crafting_table":1,"stat.killEntity.Spider":14,"stat.pickup.minecraft.bread":1,"stat.craftItem.minecraft.tnt":3,"stat.craftItem.minecraft.spruce_fence":3,"stat.craftItem.iceandfire.armor_red_boots":1,"stat.mineBlock.minecraft.leaves":25,"stat.mineBlock.minecraft.redstone_ore":5,"stat.mineBlock.minecraft.stone":2244}