{"stat.useItem.minecraft.bow":7,"stat.leaveGame":3,"stat.drop.zoocraftdiscoveries.rhino_leather":5,"stat.mineBlock.minecraft.sandstone":12,"stat.useItem.minecraft.mutton":2,"stat.craftItem.minecraft.shield":1,"stat.useItem.minecraft.planks":204,"stat.pickup.minecraft.glowstone_dust":8,"stat.pickup.minecraft.porkchop":6,"stat.drop.minecraft.wooden_door":2,"stat.pickup.minecraft.rotten_flesh":61,"stat.pickup.minecraft.sand":35,"stat.craftItem.minecraft.stone_axe":2,"stat.pickup.minecraft.leather_boots":2,"stat.craftItem.minecraft.stone_sword":2,"stat.mineBlock.minecraft.sand":21,"stat.drop.minecraft.sand":1,"stat.drop.minecraft.tnt":1,"stat.craftItem.minecraft.wooden_pickaxe":2,"stat.drop.minecraft.cooked_mutton":2,"stat.craftItem.minecraft.bed":2,"stat.drop.zoocraftdiscoveries.seed_basil":1,"stat.furnaceInteraction":54,"stat.killEntity.ZombieVillager":6,"stat.mineBlock.futuremc.cornflower":1,"stat.useItem.minecraft.cooked_mutton":11,"stat.pickup.minecraft.furnace":4,"stat.pickup.minecraft.leather_helmet":1,"stat.pickup.minecraft.iron_chestplate":1,"stat.pickup.tombstone.magic_scroll":2,"stat.pickup.minecraft.potion":1,"stat.mineBlock.minecraft.fence":16,"stat.useItem.minecraft.wheat_seeds":39,"stat.killEntity.Husk":10,"stat.pickup.minecraft.saddle":1,"stat.deaths":3,"stat.playOneMinute":162060,"stat.pickup.minecraft.iron_bars":7,"stat.drop.minecraft.torch":18,"stat.drop.minecraft.glass_bottle":1,"stat.mineBlock.minecraft.tallgrass":12,"stat.craftItem.minecraft.cooked_mutton":12,"stat.pickup.minecraft.netherrack":6,"stat.chestOpened":31,"stat.useItem.minecraft.stone":1,"stat.mineBlock.minecraft.netherrack":7,"stat.pickup.minecraft.arrow":30,"stat.pickup.minecraft.wooden_pressure_plate":1,"stat.fallOneCm":63810,"stat.pickup.minecraft.carrot":8,"stat.crouchOneCm":18201,"stat.craftItem.minecraft.iron_ingot":19,"stat.craftingTableInteraction":35,"stat.mineBlock.minecraft.wooden_pressure_plate":1,"stat.pickup.minecraft.feather":4,"stat.pickup.minecraft.planks":86,"stat.pickup.minecraft.wheat_seeds":75,"stat.useItem.minecraft.stone_pickaxe":140,"stat.useItem.minecraft.stone_sword":16,"stat.useItem.minecraft.wool":1,"stat.mineBlock.minecraft.dirt":5,"stat.drop.minecraft.stick":2,"stat.craftItem.minecraft.leather":7,"stat.useItem.minecraft.bread":14,"stat.useItem.minecraft.torch":33,"stat.drop.tombstone.crafting_ingredient":2,"stat.drop.minecraft.rotten_flesh":1,"stat.pickup.minecraft.crafting_table":6,"stat.useItem.minecraft.cobblestone":29,"stat.craftItem.minecraft.crafting_table":4,"stat.pickup.minecraft.log":43,"stat.drop.minecraft.carrot":11,"stat.drop.minecraft.planks":5,"stat.drop.minecraft.sapling":2,"stat.pickup.minecraft.sapling":2,"stat.pickup.minecraft.beetroot":6,"stat.craftItem.minecraft.planks":200,"stat.useItem.minecraft.iron_sword":209,"stat.killEntity.WitherSkeleton":1,"stat.pickup.minecraft.stone_sword":1,"stat.mineBlock.minecraft.log":47,"stat.craftItem.minecraft.wooden_door":3,"stat.useItem.minecraft.wooden_door":1,"stat.sneakTime":5874,"stat.pickup.minecraft.wool":5,"stat.useItem.minecraft.baked_potato":16,"stat.useItem.minecraft.wooden_axe":1,"stat.useItem.minecraft.beetroot":6,"stat.drop.minecraft.wooden_axe":1,"stat.drop.minecraft.stone_pickaxe":1,"stat.drop.iceandfire.blindfold":4,"stat.pickup.minecraft.bone":11,"stat.killEntity.zoocraftdiscoveries.rhino":1,"stat.mineBlock.minecraft.cobblestone":2,"stat.pickup.minecraft.stone_pickaxe":2,"stat.drop.minecraft.leather_helmet":1,"stat.pickup.minecraft.leather_chestplate":3,"stat.swimOneCm":13623,"stat.climbOneCm":14716,"stat.pickup.minecraft.cooked_porkchop":1,"stat.pickup.zoocraftdiscoveries.seed_basil":2,"stat.useItem.minecraft.stone_slab2":39,"stat.pickup.minecraft.bow":2,"stat.killEntity.deathworm":1,"stat.craftItem.minecraft.furnace":4,"stat.craftItem.minecraft.stone_pickaxe":2,"stat.pickup.minecraft.shears":1,"stat.pickup.minecraft.cobblestone":80,"stat.craftItem.minecraft.bow":1,"stat.drop.minecraft.fence":3,"stat.flyOneCm":461293,"stat.pickup.minecraft.sandstone":35,"stat.pickup.minecraft.glass_bottle":1,"stat.drop.minecraft.wheat_seeds":1,"stat.pickup.minecraft.redstone":1,"stat.mineBlock.minecraft.iron_ore":16,"stat.timeSinceDeath":3807,"stat.drop.minecraft.spider_eye":2,"stat.pickup.minecraft.mutton":10,"stat.killEntity.Bat":1,"stat.useItem.minecraft.potato":2,"stat.pickup.minecraft.wooden_axe":1,"stat.drop.minecraft.dirt":3,"stat.useItem.minecraft.cooked_porkchop":5,"stat.pickup.minecraft.iron_shovel":2,"stat.mineBlock.minecraft.coal_ore":20,"tombstone:tomb_raiding":1,"stat.pickup.minecraft.shield":3,"stat.drop.minecraft.baked_potato":4,"stat.pickup.minecraft.string":2,"stat.pickup.tombstone.crafting_ingredient":3,"stat.craftItem.minecraft.stone_slab2":0,"stat.sprintOneCm":589376,"stat.craftItem.minecraft.stick":32,"stat.mineBlock.minecraft.crafting_table":6,"stat.useItem.minecraft.carrot":18,"stat.entityKilledBy.Creeper":1,"stat.mineBlock.minecraft.planks":38,"stat.drop":78,"stat.killEntity.Sheep":5,"stat.killEntity.Zombie":13,"stat.craftItem.minecraft.dye":9,"stat.drop.minecraft.bread":2,"stat.diveOneCm":21103,"stat.pickup.minecraft.wheat":38,"stat.craftItem.minecraft.cooked_porkchop":6,"stat.useItem.minecraft.apple":2,"stat.useItem.minecraft.potion":2,"stat.useItem.minecraft.rotten_flesh":1,"stat.drop.minecraft.cooked_porkchop":2,"stat.craftItem.iceandfire.blindfold":7,"stat.drop.minecraft.sandstone":2,"stat.jump":2390,"stat.useItem.minecraft.sand":9,"stat.pickup.minecraft.fence":18,"stat.pickup.minecraft.coal":51,"stat.useItem.minecraft.stone_axe":91,"stat.craftItem.minecraft.bread":13,"stat.pickup.minecraft.spider_eye":2,"stat.craftItem.minecraft.torch":44,"stat.pickup.minecraft.dirt":8,"stat.craftItem.minecraft.iron_helmet":1,"stat.pickup.minecraft.iron_ore":15,"stat.mineBlock.minecraft.iron_bars":8,"stat.mineBlock.minecraft.glass_pane":1,"stat.damageTaken":-2147479814,"stat.mineBlock.minecraft.torch":9,"stat.mineBlock.minecraft.furnace":4,"stat.useItem.minecraft.wooden_pickaxe":26,"tombstone:undead_killed":37,"stat.pickup.minecraft.potato":3,"stat.entityKilledBy.Zombie":1,"stat.damageDealt":9677,"stat.sleepInBed":8,"stat.craftItem.minecraft.baked_potato":20,"stat.drop.zoocraftdiscoveries.seed_lemongrass":1,"stat.killEntity.Pig":1,"stat.craftItem.minecraft.iron_sword":1,"stat.walkOneCm":613083,"stat.playerKills":3,"stat.pickup.minecraft.stick":4,"stat.pickup.zoocraftdiscoveries.seed_lemongrass":1,"stat.useItem.tombstone.gift":1,"stat.pickup.minecraft.tnt":1,"stat.pickup.minecraft.stone":3,"stat.craftItem.minecraft.iron_chestplate":1,"stat.mineBlock.minecraft.wool":1,"stat.pickup.zoocraftdiscoveries.seed_coriander":1,"stat.pickup.minecraft.ender_pearl":2,"stat.useItem.minecraft.netherrack":1,"stat.killEntity.Skeleton":7,"stat.mineBlock.minecraft.tnt":1,"stat.pickup.zoocraftdiscoveries.rhino_leather":12,"stat.killEntity.Chicken":1,"stat.killEntity.Spider":5,"stat.pickup.minecraft.bread":1,"stat.mobKills":47,"stat.pickup.iceandfire.gorgon_head":1,"stat.mineBlock.minecraft.leaves":10,"stat.pickup.minecraft.beetroot_seeds":15,"stat.pickup.minecraft.torch":17,"stat.drop.minecraft.shears":1,"stat.mineBlock.minecraft.stone":79}