{"stat.pickup.iceandfire.fire_dragon_flesh":1,"stat.leaveGame":40,"stat.drop.minecraft.gunpowder":1,"stat.craftItem.minecraft.iron_axe":1,"stat.killEntity.Blaze":2,"stat.drop.minecraft.shield":2,"stat.useItem.minecraft.mutton":5,"stat.useItem.minecraft.planks":11,"stat.craftItem.minecraft.shield":1,"stat.mineBlock.minecraft.web":25,"stat.pickup.minecraft.porkchop":18,"stat.useItem.minecraft.water_bucket":4,"stat.drop.minecraft.iron_sword":1,"stat.drop.travelersbackpack.travelers_backpack":3,"stat.pickup.minecraft.rotten_flesh":181,"stat.pickup.minecraft.sand":102,"stat.craftItem.minecraft.stone_axe":2,"stat.drop.minecraft.leather_boots":1,"stat.pickup.iceandfire.witherbone":10,"stat.pickup.iceandfire.chared_cobblestone":41,"stat.pickup.minecraft.bucket":3,"stat.pickup.minecraft.leather_boots":10,"stat.craftItem.minecraft.stone_sword":2,"stat.pickup.zoocraftdiscoveries.seed_oregano":3,"stat.entityKilledBy.firedragon":8,"stat.mineBlock.minecraft.sand":94,"stat.pickup.zoocraftdiscoveries.seed_chive":3,"stat.craftItem.iceandfire.silver_ingot":9,"stat.useItem.minecraft.iron_pickaxe":1500,"stat.craftItem.minecraft.wooden_pickaxe":2,"stat.useItem.minecraft.iron_shovel":95,"stat.drop.zoocraftdiscoveries.seed_basil":2,"stat.furnaceInteraction":121,"stat.drop.minecraft.gravel":4,"stat.pickup.iceandfire.dragon_skull":4,"stat.killEntity.ZombieVillager":3,"stat.pickup.minecraft.nether_brick":35,"stat.drop.minecraft.red_flower":2,"stat.pickup.iceandfire.manuscript":12,"stat.pickup.minecraft.beef":13,"stat.useItem.minecraft.cooked_mutton":9,"stat.pickup.minecraft.furnace":6,"stat.pickup.minecraft.totem_of_undying":1,"stat.craftItem.travelersbackpack.travelers_backpack":1,"stat.pickup.minecraft.leather_helmet":5,"stat.pickup.minecraft.iron_chestplate":5,"stat.useItem.minecraft.fence":2,"stat.pickup.minecraft.skull":1,"stat.pickup.tombstone.magic_scroll":4,"stat.drop.minecraft.golden_axe":2,"stat.pickup.minecraft.potion":4,"stat.mineBlock.minecraft.fence":4,"stat.pickup.tombstone.scroll_buff":1,"stat.drop.minecraft.nether_brick_stairs":4,"stat.killEntity.Husk":3,"stat.drop.zoocraftdiscoveries.seed_rosemary":2,"stat.deaths":50,"stat.playOneMinute":901727,"stat.pickup.minecraft.blaze_rod":18,"stat.craftItem.minecraft.iron_pickaxe":5,"stat.pickup.minecraft.glass_pane":4,"stat.pickup.minecraft.iron_bars":12,"stat.drop.minecraft.glass_bottle":1,"stat.mineBlock.minecraft.tallgrass":464,"stat.craftItem.minecraft.cooked_mutton":6,"stat.pickup.minecraft.netherrack":4,"stat.craftItem.toolbelt.pouch":1,"stat.pickup.minecraft.cooked_mutton":10,"stat.chestOpened":171,"stat.craftItem.minecraft.sign":3,"stat.useItem.minecraft.stone":14,"stat.pickup.minecraft.arrow":42,"stat.pickup.minecraft.iron_sword":2,"stat.drop.minecraft.flint":1,"stat.pickup.minecraft.gold_nugget":303,"stat.pickup.zoocraftdiscoveries.seed_mint":3,"stat.fallOneCm":432155,"stat.drop.minecraft.stone":2,"stat.pickup.minecraft.carrot":80,"stat.crouchOneCm":52685,"stat.mineBlock.minecraft.chest":3,"stat.craftItem.minecraft.iron_ingot":149,"stat.craftItem.minecraft.chest":3,"stat.mineBlock.futuremc.lily_of_the_valley":1,"stat.craftingTableInteraction":25,"stat.mineBlock.minecraft.nether_wart_block":1,"stat.pickup.iceandfire.silver_ore":9,"stat.pickup.minecraft.wooden_pickaxe":5,"stat.mineBlock.minecraft.log2":14,"stat.pickup.minecraft.feather":13,"stat.drop.minecraft.iron_leggings":1,"stat.drop.zoocraftdiscoveries.seed_sage":2,"stat.mineBlock.minecraft.red_nether_brick":1,"stat.useItem.minecraft.furnace":3,"stat.craftItem.minecraft.wooden_sword":2,"stat.pickup.minecraft.dye":56,"stat.pickup.minecraft.planks":85,"stat.pickup.minecraft.iron_leggings":6,"stat.pickup.minecraft.wheat_seeds":145,"stat.mineBlock.minecraft.gravel":32,"stat.useItem.minecraft.stone_pickaxe":545,"stat.drop.minecraft.soul_sand":2,"stat.useItem.minecraft.stone_sword":104,"stat.craftItem.minecraft.iron_leggings":2,"stat.mineBlock.minecraft.dirt":94,"stat.pickup.minecraft.chainmail_boots":2,"stat.useItem.minecraft.iron_bars":1,"stat.useItem.minecraft.bread":3,"stat.useItem.minecraft.torch":320,"stat.mineBlock.iceandfire.silver_ore":9,"stat.drop.minecraft.rotten_flesh":56,"stat.pickup.minecraft.crafting_table":7,"stat.useItem.minecraft.cobblestone":362,"stat.craftItem.minecraft.crafting_table":2,"stat.mineBlock.minecraft.double_plant":9,"stat.pickup.zoocraftdiscoveries.seed_dill":6,"stat.useItem.toolbelt.belt":5,"stat.pickup.toolbelt.belt":1,"stat.pickup.minecraft.log":43,"stat.drop.minecraft.sign":1,"stat.drop.minecraft.stonebrick":9,"stat.pickup.minecraft.iron_pickaxe":2,"stat.craftItem.minecraft.gold_ingot":49,"stat.pickup.minecraft.web":15,"stat.drop.minecraft.sapling":1,"stat.pickup.minecraft.chicken":2,"stat.pickup.minecraft.chainmail_leggings":3,"stat.pickup.minecraft.sapling":6,"stat.pickup.minecraft.wooden_door":4,"stat.drop.minecraft.bow":2,"stat.pickup.minecraft.beetroot":7,"stat.craftItem.toolbelt.belt":1,"stat.mineBlock.iceandfire.goldpile":36,"stat.craftItem.minecraft.bucket":1,"stat.craftItem.minecraft.planks":172,"stat.useItem.minecraft.iron_sword":698,"stat.pickup.futuremc.cornflower":1,"stat.pickup.iceandfire.dragonscales_green":58,"stat.killEntity.WitherSkeleton":1,"stat.mineBlock.minecraft.log":33,"stat.pickup.iceandfire.dragonbone":21,"stat.pickup.minecraft.red_flower":7,"stat.useItem.minecraft.beetroot_seeds":14,"stat.pickup.minecraft.red_nether_brick":2,"stat.sneakTime":18578,"stat.pickup.minecraft.wool":23,"stat.drop.minecraft.bucket":1,"stat.useItem.minecraft.baked_potato":31,"stat.useItem.minecraft.wooden_axe":31,"stat.pickup.minecraft.yellow_flower":1,"stat.pickup.minecraft.chest":5,"stat.pickup.zoocraftdiscoveries.seed_bay":4,"stat.pickup.minecraft.bone":79,"stat.useItem.minecraft.iron_axe":38,"stat.mineBlock.minecraft.cobblestone":68,"stat.pickup.minecraft.stone_pickaxe":5,"stat.pickup.minecraft.flint":6,"stat.mineBlock.iceandfire.chared_stone":34,"stat.entityKilledBy.Witch":2,"stat.drop.minecraft.leather_helmet":3,"stat.pickup.minecraft.leather_chestplate":7,"stat.drop.zoocraftdiscoveries.seed_mint":1,"stat.useItem.minecraft.diamond_sword":721,"stat.craftItem.minecraft.wool":2,"stat.swimOneCm":273679,"stat.climbOneCm":10806,"stat.drop.minecraft.cobblestone":6,"stat.pickup.minecraft.cooked_porkchop":28,"stat.craftItem.minecraft.golden_chestplate":1,"stat.useItem.minecraft.dirt":43,"stat.pickup.minecraft.golden_helmet":2,"stat.drop.minecraft.quartz":5,"stat.pickup.zoocraftdiscoveries.seed_basil":14,"stat.useItem.minecraft.stone_slab2":116,"stat.pickup.minecraft.bow":7,"stat.pickup.minecraft.iron_boots":6,"stat.craftItem.minecraft.furnace":8,"stat.drop.minecraft.golden_helmet":1,"stat.pickup.minecraft.golden_axe":2,"stat.craftItem.minecraft.iron_boots":2,"stat.pickup.minecraft.nether_wart_block":2,"stat.drop.zoocraftdiscoveries.seed_saffron":1,"stat.pickup.iceandfire.chain_link":3,"stat.craftItem.minecraft.stone_pickaxe":2,"stat.craftItem.minecraft.cooked_beef":21,"stat.pickup.minecraft.shears":5,"stat.pickup.minecraft.cobblestone":2297,"stat.flyOneCm":2170785,"stat.drop.minecraft.iron_helmet":4,"stat.pickup.minecraft.sandstone":7,"stat.pickup.minecraft.glass_bottle":3,"stat.pickup.minecraft.soul_sand":4,"stat.useItem.iceandfire.chared_stone":32,"stat.pickup.minecraft.nether_brick_stairs":4,"stat.pickup.minecraft.fish":4,"stat.drop.minecraft.wheat_seeds":10,"stat.useItem.minecraft.cooked_beef":36,"stat.pickup.minecraft.cactus":1,"stat.pickup.minecraft.redstone":54,"stat.mineBlock.minecraft.iron_ore":149,"stat.timeSinceDeath":12912,"stat.pickup.securitycraft.keypad_item":1,"stat.useItem.minecraft.sign":2,"stat.drop.minecraft.spider_eye":1,"stat.pickup.minecraft.mutton":13,"stat.craftItem.minecraft.iron_block":3,"stat.pickup.travelersbackpack.travelers_backpack":7,"stat.useItem.minecraft.potato":28,"stat.pickup.minecraft.wooden_axe":3,"stat.drop.minecraft.iron_bars":4,"stat.pickup.minecraft.chainmail_helmet":2,"stat.pickup.minecraft.nether_wart":16,"stat.pickup.minecraft.stonebrick":11,"stat.useItem.minecraft.cooked_porkchop":35,"stat.pickup.minecraft.iron_shovel":3,"stat.mineBlock.minecraft.coal_ore":121,"tombstone:tomb_raiding":1,"stat.drop.zoocraftdiscoveries.seed_chive":2,"stat.pickup.minecraft.shield":9,"stat.killEntity.Creeper":2,"stat.pickup.minecraft.wooden_sword":3,"stat.pickup.minecraft.string":80,"stat.pickup.tombstone.crafting_ingredient":19,"stat.entityKilledBy.Skeleton":1,"stat.craftItem.minecraft.stone_slab2":0,"stat.pickup.minecraft.sandstone_stairs":2,"stat.useItem.minecraft.written_book":1,"stat.sprintOneCm":1776747,"stat.drop.zoocraftdiscoveries.seed_dill":3,"stat.craftItem.minecraft.stick":100,"stat.craftItem.minecraft.wooden_axe":2,"stat.useItem.tombstone.magic_scroll":4,"stat.mineBlock.minecraft.diamond_ore":14,"stat.pickup.minecraft.grass":1,"stat.mineBlock.minecraft.crafting_table":4,"stat.useItem.minecraft.diamond_pickaxe":8,"stat.useItem.minecraft.carrot":41,"stat.pickup.zoocraftdiscoveries.seed_rosemary":6,"stat.drop.minecraft.lava_bucket":1,"stat.pickup.minecraft.diamond_chestplate":1,"stat.pickup.minecraft.leather_leggings":2,"stat.useItem.minecraft.bucket":18,"stat.entityKilledBy.Creeper":3,"stat.mineBlock.minecraft.planks":22,"stat.drop":116,"stat.drop.zoocraftdiscoveries.seed_parsley":1,"stat.killEntity.Sheep":12,"stat.drop.tombstone.grave_key":3,"stat.pickup.tombstone.grave_key":2,"stat.useItem.iceandfire.chared_cobblestone":30,"stat.pickup.zoocraftdiscoveries.seed_sage":2,"stat.drop.minecraft.iron_boots":2,"stat.pickup.zoocraftdiscoveries.seed_parsley":3,"stat.killEntity.Zombie":54,"stat.craftItem.minecraft.dye":2,"stat.pickup.iceandfire.chared_dirt":6,"stat.mineBlock.minecraft.gold_ore":41,"stat.diveOneCm":178433,"stat.pickup.minecraft.wheat":9,"stat.entityKilledBy.deathworm":2,"stat.pickup.zoocraftdiscoveries.seed_tarragon":4,"stat.pickup.minecraft.sign":3,"stat.pickup.minecraft.gravel":43,"stat.craftItem.minecraft.cooked_porkchop":18,"stat.killEntity.EvocationIllager":1,"stat.useItem.minecraft.chicken":2,"stat.pickup.minecraft.stone_axe":1,"stat.drop.minecraft.golden_shovel":1,"stat.mineBlock.minecraft.deadbush":1,"stat.pickup.minecraft.obsidian":3,"stat.useItem.minecraft.potion":1,"stat.craftItem.travelersbackpack.backpack_tank":2,"stat.jump":15154,"stat.pickup.minecraft.fence":8,"stat.pickup.minecraft.coal":170,"stat.pickup.minecraft.iron_helmet":9,"stat.pickup.minecraft.iron_ingot":73,"stat.useItem.minecraft.stone_axe":27,"stat.pickup.minecraft.gunpowder":7,"stat.pickup.iceandfire.chared_stone":46,"stat.pickup.minecraft.spider_eye":18,"stat.craftItem.minecraft.torch":240,"stat.pickup.minecraft.dirt":154,"stat.craftItem.minecraft.iron_helmet":1,"stat.pickup.minecraft.iron_ore":149,"stat.pickup.iceandfire.fire_dragon_heart":2,"stat.pickup.minecraft.stone_shovel":1,"stat.pickup.minecraft.gold_ore":41,"stat.mineBlock.minecraft.iron_bars":3,"stat.mineBlock.minecraft.lapis_ore":9,"stat.pickup.minecraft.iron_axe":2,"tombstone:sneak_grave":1,"stat.damageTaken":21257,"stat.pickup.minecraft.leather":21,"stat.mineBlock.minecraft.furnace":5,"stat.mineBlock.minecraft.torch":27,"stat.pickup.minecraft.written_book":1,"stat.mineBlock.minecraft.red_flower":6,"stat.useItem.minecraft.wooden_pickaxe":96,"stat.mineBlock.iceandfire.chared_cobblestone":33,"stat.drop.zoocraftdiscoveries.seed_oregano":2,"stat.pickup.minecraft.log2":27,"stat.pickup.zoocraftdiscoveries.seed_saffron":4,"stat.pickup.minecraft.reeds":33,"stat.killEntity.CaveSpider":1,"stat.pickup.minecraft.bed":2,"tombstone:undead_killed":94,"stat.pickup.minecraft.quartz_block":1,"stat.pickup.minecraft.potato":79,"stat.entityKilledBy.Zombie":5,"stat.drop.zoocraftdiscoveries.seed_coriander":1,"stat.damageDealt":30718,"stat.pickup.iceandfire.chared_grass":4,"stat.craftItem.minecraft.glass":17,"stat.sleepInBed":11,"stat.craftItem.minecraft.baked_potato":26,"stat.craftItem.minecraft.anvil":1,"stat.drop.zoocraftdiscoveries.seed_lemongrass":1,"stat.killEntity.Cow":13,"stat.useItem.minecraft.crafting_table":1,"stat.killEntity.Pig":17,"stat.mineBlock.iceandfire.chared_dirt":5,"stat.craftItem.minecraft.iron_sword":4,"stat.walkOneCm":3443828,"stat.playerKills":3,"stat.useItem.minecraft.chest":1,"stat.pickup.minecraft.stick":7,"stat.pickup.minecraft.diamond_pickaxe":1,"stat.pickup.minecraft.clay_ball":8,"stat.pickup.zoocraftdiscoveries.seed_lemongrass":3,"stat.useItem.minecraft.lava_bucket":1,"stat.pickup.minecraft.rabbit_foot":1,"stat.drop.minecraft.netherrack":2,"stat.drop.iceandfire.chared_dirt":2,"stat.useItem.tombstone.gift":1,"stat.drop.minecraft.iron_chestplate":1,"stat.pickup.minecraft.stone":43,"stat.craftItem.minecraft.iron_chestplate":1,"stat.pickup.minecraft.baked_potato":5,"stat.pickup.zoocraftdiscoveries.seed_coriander":6,"stat.pickup.minecraft.ender_pearl":1,"stat.pickup.minecraft.cooked_beef":54,"stat.useItem.iceandfire.chared_grass":1,"stat.killEntity.Skeleton":33,"stat.craftItem.travelersbackpack.sleeping_bag_bottom":1,"stat.drop.minecraft.nether_brick":17,"stat.killEntity.Chicken":1,"stat.killEntity.Spider":26,"stat.pickup.zoocraftdiscoveries.seed_thyme":1,"stat.pickup.minecraft.bread":4,"stat.mobKills":168,"stat.drop.minecraft.diamond_boots":1,"stat.pickup.minecraft.diamond_boots":2,"stat.pickup.minecraft.quartz":5,"stat.entityKilledBy.Husk":1,"stat.pickup.minecraft.golden_shovel":2,"stat.pickup.minecraft.diamond":38,"stat.mineBlock.minecraft.leaves":28,"stat.pickup.minecraft.beetroot_seeds":41,"stat.drop.futuremc.lily_of_the_valley":1,"stat.pickup.minecraft.torch":172,"stat.mineBlock.minecraft.redstone_ore":13,"stat.drop.minecraft.stone_axe":1,"stat.killEntity.firedragon":1,"stat.drop.iceandfire.chared_cobblestone":1,"stat.mineBlock.minecraft.stone":1568,"stat.useItem.minecraft.sandstone":3}