{"stat.pickup.zoocraftdiscoveries.seed_bay":2,"stat.pickup.minecraft.bone":1,"stat.leaveGame":2,"stat.mineBlock.minecraft.cobblestone":1,"stat.pickup.minecraft.stone_pickaxe":1,"stat.useItem.minecraft.mutton":5,"stat.swimOneCm":22874,"stat.climbOneCm":9163,"stat.useItem.minecraft.planks":11,"stat.pickup.minecraft.cooked_porkchop":1,"stat.craftItem.minecraft.golden_chestplate":1,"stat.pickup.minecraft.porkchop":5,"stat.useItem.minecraft.dirt":3,"stat.pickup.zoocraftdiscoveries.seed_basil":4,"stat.useItem.minecraft.stone_slab2":34,"stat.useItem.minecraft.water_bucket":4,"stat.pickup.minecraft.rotten_flesh":2,"stat.pickup.minecraft.sand":33,"stat.craftItem.minecraft.furnace":3,"stat.craftItem.minecraft.stone_axe":2,"stat.craftItem.minecraft.iron_boots":1,"stat.craftItem.minecraft.stone_pickaxe":2,"stat.craftItem.minecraft.cooked_beef":8,"stat.pickup.minecraft.shears":5,"stat.pickup.minecraft.cobblestone":64,"stat.craftItem.minecraft.stone_sword":2,"stat.flyOneCm":444070,"stat.pickup.minecraft.sandstone":5,"stat.pickup.zoocraftdiscoveries.seed_oregano":1,"stat.mineBlock.minecraft.sand":26,"stat.pickup.minecraft.cactus":1,"stat.mineBlock.minecraft.iron_ore":22,"stat.timeSinceDeath":2841,"stat.useItem.minecraft.iron_pickaxe":10,"stat.craftItem.minecraft.wooden_pickaxe":2,"stat.pickup.minecraft.mutton":13,"stat.pickup.travelersbackpack.travelers_backpack":1,"stat.pickup.minecraft.wooden_axe":2,"stat.furnaceInteraction":42,"stat.useItem.minecraft.cooked_porkchop":4,"stat.pickup.iceandfire.dragon_skull":1,"stat.mineBlock.minecraft.coal_ore":35,"tombstone:tomb_raiding":1,"stat.pickup.minecraft.wooden_sword":3,"stat.pickup.iceandfire.manuscript":12,"stat.pickup.minecraft.beef":8,"stat.useItem.minecraft.cooked_mutton":9,"stat.pickup.minecraft.furnace":3,"stat.pickup.tombstone.crafting_ingredient":2,"stat.entityKilledBy.Skeleton":1,"stat.craftItem.minecraft.stone_slab2":0,"stat.pickup.minecraft.sandstone_stairs":2,"stat.pickup.minecraft.leather_helmet":1,"stat.sprintOneCm":343381,"stat.useItem.minecraft.fence":2,"stat.craftItem.minecraft.stick":92,"stat.craftItem.minecraft.wooden_axe":2,"stat.pickup.tombstone.magic_scroll":1,"stat.mineBlock.minecraft.fence":4,"stat.pickup.tombstone.scroll_buff":1,"stat.mineBlock.minecraft.crafting_table":4,"stat.useItem.minecraft.carrot":2,"stat.pickup.zoocraftdiscoveries.seed_rosemary":2,"stat.useItem.minecraft.bucket":6,"stat.deaths":10,"stat.mineBlock.minecraft.planks":20,"stat.drop":1,"stat.playOneMinute":154696,"stat.killEntity.Sheep":6,"stat.drop.tombstone.grave_key":1,"stat.pickup.tombstone.grave_key":1,"stat.craftItem.minecraft.iron_pickaxe":1,"stat.mineBlock.minecraft.tallgrass":141,"stat.craftItem.minecraft.cooked_mutton":6,"stat.pickup.minecraft.netherrack":1,"stat.diveOneCm":11727,"stat.pickup.minecraft.cooked_mutton":3,"stat.pickup.minecraft.wheat":8,"stat.entityKilledBy.deathworm":2,"stat.chestOpened":24,"stat.pickup.minecraft.arrow":9,"stat.craftItem.minecraft.cooked_porkchop":5,"stat.useItem.minecraft.chicken":2,"stat.pickup.minecraft.gold_nugget":168,"stat.pickup.zoocraftdiscoveries.seed_mint":2,"stat.jump":2778,"stat.pickup.minecraft.fence":8,"stat.pickup.minecraft.coal":43,"stat.fallOneCm":70540,"stat.pickup.minecraft.carrot":8,"stat.useItem.minecraft.stone_axe":27,"stat.crouchOneCm":3007,"stat.mineBlock.minecraft.chest":3,"stat.pickup.minecraft.spider_eye":2,"stat.craftItem.minecraft.torch":32,"stat.craftItem.minecraft.iron_ingot":21,"stat.pickup.minecraft.dirt":10,"stat.craftingTableInteraction":18,"stat.pickup.minecraft.iron_ore":21,"stat.pickup.minecraft.wooden_pickaxe":3,"stat.mineBlock.minecraft.log2":9,"stat.pickup.minecraft.feather":12,"stat.damageTaken":3446,"stat.pickup.minecraft.leather":5,"stat.mineBlock.minecraft.furnace":3,"stat.mineBlock.minecraft.torch":6,"stat.useItem.minecraft.wooden_pickaxe":54,"stat.useItem.minecraft.furnace":1,"stat.craftItem.minecraft.wooden_sword":2,"stat.pickup.minecraft.log2":18,"stat.pickup.minecraft.planks":77,"stat.pickup.minecraft.reeds":27,"tombstone:undead_killed":1,"stat.pickup.minecraft.wheat_seeds":129,"stat.pickup.minecraft.potato":27,"stat.useItem.minecraft.stone_pickaxe":70,"stat.useItem.minecraft.stone_sword":104,"stat.craftItem.minecraft.iron_leggings":1,"stat.damageDealt":1887,"stat.sleepInBed":2,"stat.craftItem.minecraft.baked_potato":6,"stat.killEntity.Cow":4,"stat.mineBlock.minecraft.dirt":9,"stat.useItem.minecraft.crafting_table":1,"stat.killEntity.Pig":2,"stat.craftItem.minecraft.iron_sword":1,"stat.walkOneCm":648734,"stat.useItem.minecraft.bread":3,"stat.useItem.minecraft.torch":35,"stat.playerKills":1,"stat.pickup.minecraft.stick":2,"stat.pickup.minecraft.crafting_table":6,"stat.useItem.minecraft.cobblestone":14,"stat.craftItem.minecraft.crafting_table":2,"stat.mineBlock.minecraft.double_plant":3,"stat.pickup.zoocraftdiscoveries.seed_dill":2,"stat.pickup.minecraft.log":40,"stat.useItem.tombstone.gift":1,"stat.craftItem.minecraft.gold_ingot":8,"stat.pickup.minecraft.stone":3,"stat.pickup.minecraft.web":10,"stat.pickup.minecraft.chicken":2,"stat.pickup.minecraft.baked_potato":1,"stat.pickup.zoocraftdiscoveries.seed_coriander":1,"stat.pickup.minecraft.sapling":2,"stat.pickup.minecraft.wooden_door":4,"stat.killEntity.Skeleton":1,"stat.mineBlock.iceandfire.goldpile":14,"stat.craftItem.minecraft.bucket":1,"stat.craftItem.minecraft.planks":140,"stat.killEntity.Chicken":1,"stat.killEntity.Spider":1,"stat.pickup.minecraft.bread":4,"stat.mobKills":16,"stat.mineBlock.minecraft.log":30,"stat.entityKilledBy.Husk":1,"stat.pickup.iceandfire.dragonbone":16,"stat.mineBlock.minecraft.leaves":5,"stat.pickup.minecraft.beetroot_seeds":26,"stat.pickup.minecraft.torch":25,"stat.sneakTime":1486,"stat.pickup.minecraft.wool":14,"stat.useItem.minecraft.baked_potato":4,"stat.useItem.minecraft.wooden_axe":31,"stat.pickup.minecraft.yellow_flower":1,"stat.mineBlock.minecraft.stone":72,"stat.pickup.minecraft.chest":4,"stat.useItem.minecraft.sandstone":3}