{"stat.pickup.iceandfire.fire_dragon_flesh":1,"stat.leaveGame":39,"stat.craftItem.minecraft.iron_axe":1,"stat.useItem.minecraft.mutton":5,"stat.useItem.minecraft.planks":11,"stat.craftItem.minecraft.shield":1,"stat.pickup.minecraft.porkchop":18,"stat.useItem.minecraft.water_bucket":4,"stat.drop.minecraft.iron_sword":1,"stat.drop.travelersbackpack.travelers_backpack":1,"stat.pickup.minecraft.rotten_flesh":64,"stat.pickup.minecraft.sand":102,"stat.craftItem.minecraft.stone_axe":2,"stat.pickup.iceandfire.witherbone":2,"stat.pickup.iceandfire.chared_cobblestone":40,"stat.pickup.minecraft.bucket":2,"stat.craftItem.minecraft.stone_sword":2,"stat.pickup.zoocraftdiscoveries.seed_oregano":3,"stat.entityKilledBy.firedragon":8,"stat.mineBlock.minecraft.sand":94,"stat.pickup.zoocraftdiscoveries.seed_chive":3,"stat.craftItem.iceandfire.silver_ingot":9,"stat.useItem.minecraft.iron_pickaxe":1499,"stat.craftItem.minecraft.wooden_pickaxe":2,"stat.useItem.minecraft.iron_shovel":95,"stat.drop.zoocraftdiscoveries.seed_basil":2,"stat.furnaceInteraction":121,"stat.pickup.iceandfire.dragon_skull":2,"stat.killEntity.ZombieVillager":3,"stat.drop.minecraft.red_flower":2,"stat.pickup.iceandfire.manuscript":12,"stat.pickup.minecraft.beef":13,"stat.useItem.minecraft.cooked_mutton":9,"stat.pickup.minecraft.furnace":6,"stat.craftItem.travelersbackpack.travelers_backpack":1,"stat.pickup.minecraft.leather_helmet":1,"stat.useItem.minecraft.fence":2,"stat.pickup.minecraft.skull":1,"stat.pickup.tombstone.magic_scroll":3,"stat.pickup.minecraft.potion":1,"stat.mineBlock.minecraft.fence":4,"stat.pickup.tombstone.scroll_buff":1,"stat.killEntity.Husk":3,"stat.drop.zoocraftdiscoveries.seed_rosemary":2,"stat.deaths":43,"stat.playOneMinute":758549,"stat.craftItem.minecraft.iron_pickaxe":5,"stat.pickup.minecraft.glass_pane":4,"stat.mineBlock.minecraft.tallgrass":433,"stat.craftItem.minecraft.cooked_mutton":6,"stat.pickup.minecraft.netherrack":1,"stat.craftItem.toolbelt.pouch":1,"stat.pickup.minecraft.cooked_mutton":3,"stat.chestOpened":128,"stat.craftItem.minecraft.sign":3,"stat.useItem.minecraft.stone":14,"stat.pickup.minecraft.arrow":31,"stat.pickup.minecraft.iron_sword":2,"stat.pickup.minecraft.gold_nugget":303,"stat.pickup.zoocraftdiscoveries.seed_mint":3,"stat.fallOneCm":353330,"stat.pickup.minecraft.carrot":77,"stat.crouchOneCm":42931,"stat.mineBlock.minecraft.chest":3,"stat.craftItem.minecraft.iron_ingot":149,"stat.craftItem.minecraft.chest":3,"stat.mineBlock.futuremc.lily_of_the_valley":1,"stat.craftingTableInteraction":25,"stat.pickup.iceandfire.silver_ore":9,"stat.pickup.minecraft.wooden_pickaxe":5,"stat.mineBlock.minecraft.log2":14,"stat.pickup.minecraft.feather":13,"stat.drop.zoocraftdiscoveries.seed_sage":2,"stat.useItem.minecraft.furnace":3,"stat.craftItem.minecraft.wooden_sword":2,"stat.pickup.minecraft.dye":56,"stat.pickup.minecraft.planks":81,"stat.pickup.minecraft.wheat_seeds":140,"stat.mineBlock.minecraft.gravel":31,"stat.useItem.minecraft.stone_pickaxe":545,"stat.useItem.minecraft.stone_sword":104,"stat.craftItem.minecraft.iron_leggings":2,"stat.mineBlock.minecraft.dirt":94,"stat.useItem.minecraft.bread":3,"stat.useItem.minecraft.torch":264,"stat.mineBlock.iceandfire.silver_ore":9,"stat.drop.minecraft.rotten_flesh":7,"stat.pickup.minecraft.crafting_table":7,"stat.useItem.minecraft.cobblestone":362,"stat.craftItem.minecraft.crafting_table":2,"stat.mineBlock.minecraft.double_plant":8,"stat.pickup.zoocraftdiscoveries.seed_dill":5,"stat.useItem.toolbelt.belt":5,"stat.pickup.minecraft.log":43,"stat.drop.minecraft.sign":1,"stat.pickup.minecraft.iron_pickaxe":2,"stat.craftItem.minecraft.gold_ingot":49,"stat.pickup.minecraft.web":15,"stat.drop.minecraft.sapling":1,"stat.pickup.minecraft.chicken":2,"stat.pickup.minecraft.sapling":6,"stat.pickup.minecraft.wooden_door":4,"stat.pickup.minecraft.beetroot":7,"stat.craftItem.toolbelt.belt":1,"stat.mineBlock.iceandfire.goldpile":36,"stat.craftItem.minecraft.bucket":1,"stat.craftItem.minecraft.planks":172,"stat.useItem.minecraft.iron_sword":698,"stat.pickup.futuremc.cornflower":1,"stat.pickup.iceandfire.dragonscales_green":13,"stat.mineBlock.minecraft.log":33,"stat.pickup.iceandfire.dragonbone":16,"stat.pickup.minecraft.red_flower":7,"stat.useItem.minecraft.beetroot_seeds":14,"stat.sneakTime":14406,"stat.pickup.minecraft.wool":17,"stat.useItem.minecraft.baked_potato":31,"stat.useItem.minecraft.wooden_axe":31,"stat.pickup.minecraft.yellow_flower":1,"stat.pickup.minecraft.chest":5,"stat.pickup.zoocraftdiscoveries.seed_bay":4,"stat.pickup.minecraft.bone":32,"stat.useItem.minecraft.iron_axe":38,"stat.mineBlock.minecraft.cobblestone":68,"stat.pickup.minecraft.stone_pickaxe":4,"stat.pickup.minecraft.flint":4,"stat.mineBlock.iceandfire.chared_stone":34,"stat.entityKilledBy.Witch":2,"stat.pickup.minecraft.leather_chestplate":3,"stat.drop.zoocraftdiscoveries.seed_mint":1,"stat.useItem.minecraft.diamond_sword":132,"stat.craftItem.minecraft.wool":2,"stat.swimOneCm":229865,"stat.climbOneCm":9595,"stat.drop.minecraft.cobblestone":2,"stat.pickup.minecraft.cooked_porkchop":1,"stat.craftItem.minecraft.golden_chestplate":1,"stat.useItem.minecraft.dirt":43,"stat.pickup.zoocraftdiscoveries.seed_basil":14,"stat.useItem.minecraft.stone_slab2":109,"stat.pickup.minecraft.bow":3,"stat.pickup.minecraft.iron_boots":1,"stat.craftItem.minecraft.furnace":8,"stat.craftItem.minecraft.iron_boots":2,"stat.drop.zoocraftdiscoveries.seed_saffron":1,"stat.pickup.iceandfire.chain_link":3,"stat.craftItem.minecraft.stone_pickaxe":2,"stat.craftItem.minecraft.cooked_beef":21,"stat.pickup.minecraft.shears":5,"stat.pickup.minecraft.cobblestone":2291,"stat.flyOneCm":1649045,"stat.pickup.minecraft.sandstone":7,"stat.useItem.iceandfire.chared_stone":32,"stat.pickup.minecraft.fish":4,"stat.drop.minecraft.wheat_seeds":6,"stat.useItem.minecraft.cooked_beef":32,"stat.pickup.minecraft.cactus":1,"stat.pickup.minecraft.redstone":54,"stat.mineBlock.minecraft.iron_ore":149,"stat.timeSinceDeath":12790,"stat.pickup.securitycraft.keypad_item":1,"stat.useItem.minecraft.sign":2,"stat.pickup.minecraft.mutton":13,"stat.craftItem.minecraft.iron_block":3,"stat.pickup.travelersbackpack.travelers_backpack":5,"stat.useItem.minecraft.potato":28,"stat.pickup.minecraft.wooden_axe":2,"stat.useItem.minecraft.cooked_porkchop":17,"stat.pickup.minecraft.iron_shovel":2,"stat.mineBlock.minecraft.coal_ore":121,"tombstone:tomb_raiding":1,"stat.drop.zoocraftdiscoveries.seed_chive":2,"stat.pickup.minecraft.shield":1,"stat.killEntity.Creeper":2,"stat.pickup.minecraft.wooden_sword":3,"stat.pickup.minecraft.string":12,"stat.pickup.tombstone.crafting_ingredient":17,"stat.entityKilledBy.Skeleton":1,"stat.craftItem.minecraft.stone_slab2":0,"stat.pickup.minecraft.sandstone_stairs":2,"stat.useItem.minecraft.written_book":1,"stat.sprintOneCm":1356409,"stat.drop.zoocraftdiscoveries.seed_dill":2,"stat.craftItem.minecraft.stick":100,"stat.craftItem.minecraft.wooden_axe":2,"stat.useItem.tombstone.magic_scroll":4,"stat.mineBlock.minecraft.diamond_ore":14,"stat.pickup.minecraft.grass":1,"stat.mineBlock.minecraft.crafting_table":4,"stat.useItem.minecraft.carrot":41,"stat.pickup.zoocraftdiscoveries.seed_rosemary":6,"stat.useItem.minecraft.bucket":17,"stat.entityKilledBy.Creeper":2,"stat.mineBlock.minecraft.planks":20,"stat.drop":44,"stat.drop.zoocraftdiscoveries.seed_parsley":1,"stat.killEntity.Sheep":6,"stat.drop.tombstone.grave_key":3,"stat.pickup.tombstone.grave_key":2,"stat.useItem.iceandfire.chared_cobblestone":30,"stat.pickup.zoocraftdiscoveries.seed_sage":2,"stat.pickup.zoocraftdiscoveries.seed_parsley":3,"stat.killEntity.Zombie":41,"stat.craftItem.minecraft.dye":2,"stat.pickup.iceandfire.chared_dirt":6,"stat.mineBlock.minecraft.gold_ore":41,"stat.diveOneCm":159444,"stat.pickup.minecraft.wheat":9,"stat.entityKilledBy.deathworm":2,"stat.pickup.zoocraftdiscoveries.seed_tarragon":4,"stat.pickup.minecraft.sign":3,"stat.pickup.minecraft.gravel":34,"stat.craftItem.minecraft.cooked_porkchop":18,"stat.useItem.minecraft.chicken":2,"stat.mineBlock.minecraft.deadbush":1,"stat.pickup.minecraft.obsidian":1,"stat.craftItem.travelersbackpack.backpack_tank":2,"stat.jump":12656,"stat.pickup.minecraft.fence":8,"stat.pickup.minecraft.coal":164,"stat.pickup.minecraft.iron_ingot":73,"stat.useItem.minecraft.stone_axe":27,"stat.pickup.minecraft.gunpowder":4,"stat.pickup.iceandfire.chared_stone":46,"stat.pickup.minecraft.spider_eye":6,"stat.craftItem.minecraft.torch":240,"stat.pickup.minecraft.dirt":154,"stat.craftItem.minecraft.iron_helmet":1,"stat.pickup.minecraft.iron_ore":149,"stat.pickup.iceandfire.fire_dragon_heart":1,"stat.pickup.minecraft.gold_ore":41,"stat.mineBlock.minecraft.lapis_ore":9,"stat.pickup.minecraft.iron_axe":1,"tombstone:sneak_grave":1,"stat.damageTaken":17759,"stat.pickup.minecraft.leather":15,"stat.mineBlock.minecraft.furnace":5,"stat.mineBlock.minecraft.torch":21,"stat.pickup.minecraft.written_book":1,"stat.mineBlock.minecraft.red_flower":6,"stat.useItem.minecraft.wooden_pickaxe":96,"stat.mineBlock.iceandfire.chared_cobblestone":33,"stat.drop.zoocraftdiscoveries.seed_oregano":2,"stat.pickup.minecraft.log2":27,"stat.pickup.zoocraftdiscoveries.seed_saffron":4,"stat.pickup.minecraft.reeds":33,"stat.pickup.minecraft.bed":2,"tombstone:undead_killed":67,"stat.pickup.minecraft.potato":76,"stat.drop.zoocraftdiscoveries.seed_coriander":1,"stat.damageDealt":20300,"stat.pickup.iceandfire.chared_grass":4,"stat.craftItem.minecraft.glass":17,"stat.sleepInBed":9,"stat.craftItem.minecraft.baked_potato":26,"stat.craftItem.minecraft.anvil":1,"stat.drop.zoocraftdiscoveries.seed_lemongrass":1,"stat.killEntity.Cow":8,"stat.useItem.minecraft.crafting_table":1,"stat.killEntity.Pig":9,"stat.mineBlock.iceandfire.chared_dirt":5,"stat.craftItem.minecraft.iron_sword":4,"stat.walkOneCm":2838072,"stat.playerKills":3,"stat.useItem.minecraft.chest":1,"stat.pickup.minecraft.stick":7,"stat.pickup.minecraft.clay_ball":8,"stat.pickup.zoocraftdiscoveries.seed_lemongrass":3,"stat.useItem.minecraft.lava_bucket":1,"stat.drop.iceandfire.chared_dirt":2,"stat.useItem.tombstone.gift":1,"stat.pickup.minecraft.stone":41,"stat.craftItem.minecraft.iron_chestplate":1,"stat.pickup.minecraft.baked_potato":5,"stat.pickup.zoocraftdiscoveries.seed_coriander":6,"stat.pickup.minecraft.ender_pearl":1,"stat.pickup.minecraft.cooked_beef":15,"stat.useItem.iceandfire.chared_grass":1,"stat.killEntity.Skeleton":20,"stat.craftItem.travelersbackpack.sleeping_bag_bottom":1,"stat.killEntity.Chicken":1,"stat.killEntity.Spider":8,"stat.pickup.zoocraftdiscoveries.seed_thyme":1,"stat.pickup.minecraft.bread":4,"stat.mobKills":109,"stat.entityKilledBy.Husk":1,"stat.pickup.minecraft.diamond":15,"stat.mineBlock.minecraft.leaves":20,"stat.pickup.minecraft.beetroot_seeds":41,"stat.drop.futuremc.lily_of_the_valley":1,"stat.pickup.minecraft.torch":55,"stat.mineBlock.minecraft.redstone_ore":13,"stat.mineBlock.minecraft.stone":1568,"stat.useItem.minecraft.sandstone":3}