{"stat.leaveGame":8,"stat.craftItem.minecraft.iron_axe":1,"stat.useItem.minecraft.mutton":5,"stat.useItem.minecraft.planks":11,"stat.craftItem.minecraft.shield":1,"stat.pickup.minecraft.porkchop":5,"stat.useItem.minecraft.water_bucket":4,"stat.pickup.minecraft.rotten_flesh":4,"stat.pickup.minecraft.sand":33,"stat.craftItem.minecraft.stone_axe":2,"stat.craftItem.minecraft.stone_sword":2,"stat.pickup.zoocraftdiscoveries.seed_oregano":1,"stat.entityKilledBy.firedragon":1,"stat.mineBlock.minecraft.sand":26,"stat.pickup.zoocraftdiscoveries.seed_chive":1,"stat.useItem.minecraft.iron_pickaxe":41,"stat.craftItem.minecraft.wooden_pickaxe":2,"stat.furnaceInteraction":47,"stat.pickup.iceandfire.dragon_skull":1,"stat.pickup.iceandfire.manuscript":12,"stat.pickup.minecraft.beef":8,"stat.useItem.minecraft.cooked_mutton":9,"stat.pickup.minecraft.furnace":5,"stat.pickup.minecraft.leather_helmet":1,"stat.useItem.minecraft.fence":2,"stat.pickup.tombstone.magic_scroll":1,"stat.mineBlock.minecraft.fence":4,"stat.pickup.tombstone.scroll_buff":1,"stat.deaths":16,"stat.playOneMinute":234559,"stat.craftItem.minecraft.iron_pickaxe":3,"stat.mineBlock.minecraft.tallgrass":243,"stat.craftItem.minecraft.cooked_mutton":6,"stat.pickup.minecraft.netherrack":1,"stat.pickup.minecraft.cooked_mutton":3,"stat.chestOpened":28,"stat.pickup.minecraft.arrow":15,"stat.pickup.minecraft.gold_nugget":168,"stat.pickup.zoocraftdiscoveries.seed_mint":2,"stat.fallOneCm":121640,"stat.pickup.minecraft.carrot":8,"stat.crouchOneCm":3508,"stat.mineBlock.minecraft.chest":3,"stat.craftItem.minecraft.iron_ingot":27,"stat.mineBlock.futuremc.lily_of_the_valley":1,"stat.craftingTableInteraction":21,"stat.pickup.minecraft.wooden_pickaxe":3,"stat.mineBlock.minecraft.log2":9,"stat.pickup.minecraft.feather":12,"stat.useItem.minecraft.furnace":1,"stat.craftItem.minecraft.wooden_sword":2,"stat.pickup.minecraft.planks":77,"stat.pickup.minecraft.wheat_seeds":131,"stat.useItem.minecraft.stone_pickaxe":167,"stat.useItem.minecraft.stone_sword":104,"stat.craftItem.minecraft.iron_leggings":2,"stat.mineBlock.minecraft.dirt":12,"stat.useItem.minecraft.bread":3,"stat.useItem.minecraft.torch":52,"stat.pickup.minecraft.crafting_table":7,"stat.useItem.minecraft.cobblestone":14,"stat.craftItem.minecraft.crafting_table":2,"stat.mineBlock.minecraft.double_plant":4,"stat.pickup.zoocraftdiscoveries.seed_dill":2,"stat.pickup.minecraft.log":40,"stat.craftItem.minecraft.gold_ingot":8,"stat.pickup.minecraft.web":10,"stat.pickup.minecraft.chicken":2,"stat.pickup.minecraft.sapling":2,"stat.pickup.minecraft.wooden_door":4,"stat.pickup.minecraft.beetroot":7,"stat.mineBlock.iceandfire.goldpile":14,"stat.craftItem.minecraft.bucket":1,"stat.craftItem.minecraft.planks":140,"stat.useItem.minecraft.iron_sword":43,"stat.mineBlock.minecraft.log":30,"stat.pickup.iceandfire.dragonbone":16,"stat.sneakTime":1957,"stat.pickup.minecraft.wool":14,"stat.useItem.minecraft.baked_potato":11,"stat.useItem.minecraft.wooden_axe":31,"stat.pickup.minecraft.yellow_flower":1,"stat.pickup.minecraft.chest":4,"stat.pickup.zoocraftdiscoveries.seed_bay":2,"stat.pickup.minecraft.bone":7,"stat.useItem.minecraft.iron_axe":29,"stat.mineBlock.minecraft.cobblestone":1,"stat.pickup.minecraft.stone_pickaxe":1,"stat.entityKilledBy.Witch":1,"stat.swimOneCm":33757,"stat.climbOneCm":9595,"stat.pickup.minecraft.cooked_porkchop":1,"stat.craftItem.minecraft.golden_chestplate":1,"stat.useItem.minecraft.dirt":3,"stat.pickup.zoocraftdiscoveries.seed_basil":7,"stat.useItem.minecraft.stone_slab2":43,"stat.craftItem.minecraft.furnace":3,"stat.craftItem.minecraft.iron_boots":2,"stat.craftItem.minecraft.stone_pickaxe":2,"stat.craftItem.minecraft.cooked_beef":8,"stat.pickup.minecraft.shears":5,"stat.pickup.minecraft.cobblestone":160,"stat.flyOneCm":821943,"stat.pickup.minecraft.sandstone":5,"stat.useItem.minecraft.cooked_beef":3,"stat.pickup.minecraft.cactus":1,"stat.mineBlock.minecraft.iron_ore":28,"stat.timeSinceDeath":5528,"stat.pickup.minecraft.mutton":13,"stat.pickup.travelersbackpack.travelers_backpack":2,"stat.pickup.minecraft.wooden_axe":2,"stat.useItem.minecraft.cooked_porkchop":6,"stat.mineBlock.minecraft.coal_ore":59,"tombstone:tomb_raiding":1,"stat.pickup.minecraft.wooden_sword":3,"stat.pickup.minecraft.string":2,"stat.pickup.tombstone.crafting_ingredient":3,"stat.entityKilledBy.Skeleton":1,"stat.craftItem.minecraft.stone_slab2":0,"stat.pickup.minecraft.sandstone_stairs":2,"stat.sprintOneCm":587940,"stat.craftItem.minecraft.stick":100,"stat.craftItem.minecraft.wooden_axe":2,"stat.mineBlock.minecraft.crafting_table":4,"stat.useItem.minecraft.carrot":2,"stat.pickup.zoocraftdiscoveries.seed_rosemary":3,"stat.useItem.minecraft.bucket":8,"stat.mineBlock.minecraft.planks":20,"stat.drop":3,"stat.killEntity.Sheep":6,"stat.drop.tombstone.grave_key":3,"stat.pickup.tombstone.grave_key":2,"stat.pickup.zoocraftdiscoveries.seed_parsley":1,"stat.killEntity.Zombie":1,"stat.pickup.iceandfire.chared_dirt":1,"stat.diveOneCm":36490,"stat.pickup.minecraft.wheat":9,"stat.entityKilledBy.deathworm":2,"stat.pickup.zoocraftdiscoveries.seed_tarragon":2,"stat.craftItem.minecraft.cooked_porkchop":5,"stat.useItem.minecraft.chicken":2,"stat.jump":4703,"stat.pickup.minecraft.fence":8,"stat.pickup.minecraft.coal":67,"stat.useItem.minecraft.stone_axe":27,"stat.pickup.minecraft.spider_eye":2,"stat.craftItem.minecraft.torch":32,"stat.pickup.minecraft.dirt":14,"stat.craftItem.minecraft.iron_helmet":1,"stat.pickup.minecraft.iron_ore":27,"tombstone:sneak_grave":1,"stat.damageTaken":5206,"stat.pickup.minecraft.leather":5,"stat.mineBlock.minecraft.furnace":5,"stat.mineBlock.minecraft.torch":6,"stat.useItem.minecraft.wooden_pickaxe":54,"stat.pickup.minecraft.log2":18,"stat.pickup.minecraft.reeds":27,"tombstone:undead_killed":4,"stat.pickup.minecraft.potato":27,"stat.damageDealt":3497,"stat.pickup.iceandfire.chared_grass":4,"stat.sleepInBed":2,"stat.craftItem.minecraft.baked_potato":6,"stat.killEntity.Cow":4,"stat.useItem.minecraft.crafting_table":1,"stat.killEntity.Pig":2,"stat.mineBlock.iceandfire.chared_dirt":1,"stat.craftItem.minecraft.iron_sword":3,"stat.walkOneCm":935522,"stat.playerKills":1,"stat.pickup.minecraft.stick":2,"stat.useItem.tombstone.gift":1,"stat.pickup.minecraft.stone":3,"stat.craftItem.minecraft.iron_chestplate":1,"stat.pickup.minecraft.baked_potato":5,"stat.pickup.zoocraftdiscoveries.seed_coriander":1,"stat.useItem.iceandfire.chared_grass":1,"stat.killEntity.Skeleton":3,"stat.killEntity.Chicken":1,"stat.killEntity.Spider":3,"stat.pickup.minecraft.bread":4,"stat.mobKills":21,"stat.entityKilledBy.Husk":1,"stat.mineBlock.minecraft.leaves":5,"stat.pickup.minecraft.beetroot_seeds":41,"stat.pickup.minecraft.torch":29,"stat.mineBlock.minecraft.stone":170,"stat.useItem.minecraft.sandstone":3}