{"stat.pickup.iceandfire.fire_dragon_flesh":1,"stat.leaveGame":11,"stat.craftItem.minecraft.iron_axe":1,"stat.useItem.minecraft.mutton":5,"stat.useItem.minecraft.planks":11,"stat.craftItem.minecraft.shield":1,"stat.pickup.minecraft.porkchop":7,"stat.useItem.minecraft.water_bucket":4,"stat.pickup.minecraft.rotten_flesh":6,"stat.pickup.minecraft.sand":35,"stat.craftItem.minecraft.stone_axe":2,"stat.craftItem.minecraft.stone_sword":2,"stat.pickup.zoocraftdiscoveries.seed_oregano":1,"stat.entityKilledBy.firedragon":1,"stat.mineBlock.minecraft.sand":26,"stat.pickup.zoocraftdiscoveries.seed_chive":1,"stat.useItem.minecraft.iron_pickaxe":890,"stat.craftItem.minecraft.wooden_pickaxe":2,"stat.useItem.minecraft.iron_shovel":28,"stat.furnaceInteraction":55,"stat.pickup.iceandfire.dragon_skull":2,"stat.pickup.iceandfire.manuscript":12,"stat.pickup.minecraft.beef":13,"stat.useItem.minecraft.cooked_mutton":9,"stat.pickup.minecraft.furnace":6,"stat.pickup.minecraft.leather_helmet":1,"stat.useItem.minecraft.fence":2,"stat.pickup.minecraft.skull":1,"stat.pickup.tombstone.magic_scroll":1,"stat.mineBlock.minecraft.fence":4,"stat.pickup.tombstone.scroll_buff":1,"stat.deaths":20,"stat.playOneMinute":377195,"stat.craftItem.minecraft.iron_pickaxe":3,"stat.mineBlock.minecraft.tallgrass":270,"stat.craftItem.minecraft.cooked_mutton":6,"stat.pickup.minecraft.netherrack":1,"stat.pickup.minecraft.cooked_mutton":3,"stat.chestOpened":50,"stat.pickup.minecraft.arrow":15,"stat.pickup.minecraft.gold_nugget":168,"stat.pickup.zoocraftdiscoveries.seed_mint":2,"stat.fallOneCm":162558,"stat.pickup.minecraft.carrot":29,"stat.crouchOneCm":24222,"stat.mineBlock.minecraft.chest":3,"stat.craftItem.minecraft.iron_ingot":27,"stat.mineBlock.futuremc.lily_of_the_valley":1,"stat.craftingTableInteraction":21,"stat.pickup.minecraft.wooden_pickaxe":5,"stat.mineBlock.minecraft.log2":9,"stat.pickup.minecraft.feather":12,"stat.useItem.minecraft.furnace":1,"stat.craftItem.minecraft.wooden_sword":2,"stat.pickup.minecraft.planks":77,"stat.pickup.minecraft.wheat_seeds":133,"stat.mineBlock.minecraft.gravel":19,"stat.useItem.minecraft.stone_pickaxe":545,"stat.useItem.minecraft.stone_sword":104,"stat.craftItem.minecraft.iron_leggings":2,"stat.mineBlock.minecraft.dirt":83,"stat.useItem.minecraft.bread":3,"stat.useItem.minecraft.torch":79,"stat.pickup.minecraft.crafting_table":7,"stat.useItem.minecraft.cobblestone":245,"stat.craftItem.minecraft.crafting_table":2,"stat.mineBlock.minecraft.double_plant":6,"stat.pickup.zoocraftdiscoveries.seed_dill":2,"stat.pickup.minecraft.log":40,"stat.pickup.minecraft.iron_pickaxe":2,"stat.craftItem.minecraft.gold_ingot":8,"stat.pickup.minecraft.web":10,"stat.pickup.minecraft.chicken":2,"stat.pickup.minecraft.sapling":3,"stat.pickup.minecraft.wooden_door":4,"stat.pickup.minecraft.beetroot":7,"stat.mineBlock.iceandfire.goldpile":14,"stat.craftItem.minecraft.bucket":1,"stat.craftItem.minecraft.planks":140,"stat.useItem.minecraft.iron_sword":135,"stat.pickup.futuremc.cornflower":1,"stat.mineBlock.minecraft.log":30,"stat.pickup.iceandfire.dragonbone":16,"stat.pickup.minecraft.red_flower":1,"stat.sneakTime":7448,"stat.pickup.minecraft.wool":14,"stat.useItem.minecraft.baked_potato":11,"stat.useItem.minecraft.wooden_axe":31,"stat.pickup.minecraft.yellow_flower":1,"stat.pickup.minecraft.chest":4,"stat.pickup.zoocraftdiscoveries.seed_bay":3,"stat.pickup.minecraft.bone":7,"stat.useItem.minecraft.iron_axe":29,"stat.mineBlock.minecraft.cobblestone":60,"stat.pickup.minecraft.stone_pickaxe":4,"stat.pickup.minecraft.flint":2,"stat.entityKilledBy.Witch":1,"stat.swimOneCm":68323,"stat.climbOneCm":9595,"stat.pickup.minecraft.cooked_porkchop":1,"stat.craftItem.minecraft.golden_chestplate":1,"stat.useItem.minecraft.dirt":34,"stat.pickup.zoocraftdiscoveries.seed_basil":7,"stat.useItem.minecraft.stone_slab2":67,"stat.craftItem.minecraft.furnace":3,"stat.craftItem.minecraft.iron_boots":2,"stat.craftItem.minecraft.stone_pickaxe":2,"stat.craftItem.minecraft.cooked_beef":21,"stat.pickup.minecraft.shears":5,"stat.pickup.minecraft.cobblestone":2126,"stat.flyOneCm":1085459,"stat.pickup.minecraft.sandstone":7,"stat.pickup.minecraft.fish":4,"stat.useItem.minecraft.cooked_beef":17,"stat.pickup.minecraft.cactus":1,"stat.mineBlock.minecraft.iron_ore":28,"stat.timeSinceDeath":22426,"stat.pickup.minecraft.mutton":13,"stat.craftItem.minecraft.iron_block":3,"stat.pickup.travelersbackpack.travelers_backpack":4,"stat.useItem.minecraft.potato":28,"stat.pickup.minecraft.wooden_axe":2,"stat.useItem.minecraft.cooked_porkchop":6,"stat.pickup.minecraft.iron_shovel":2,"stat.mineBlock.minecraft.coal_ore":63,"tombstone:tomb_raiding":1,"stat.pickup.minecraft.shield":1,"stat.pickup.minecraft.wooden_sword":3,"stat.pickup.minecraft.string":2,"stat.pickup.tombstone.crafting_ingredient":3,"stat.entityKilledBy.Skeleton":1,"stat.craftItem.minecraft.stone_slab2":0,"stat.pickup.minecraft.sandstone_stairs":2,"stat.sprintOneCm":847780,"stat.craftItem.minecraft.stick":100,"stat.craftItem.minecraft.wooden_axe":2,"stat.pickup.minecraft.grass":1,"stat.mineBlock.minecraft.crafting_table":4,"stat.useItem.minecraft.carrot":15,"stat.pickup.zoocraftdiscoveries.seed_rosemary":4,"stat.useItem.minecraft.bucket":8,"stat.mineBlock.minecraft.planks":20,"stat.drop":3,"stat.killEntity.Sheep":6,"stat.drop.tombstone.grave_key":3,"stat.pickup.tombstone.grave_key":2,"stat.pickup.zoocraftdiscoveries.seed_parsley":2,"stat.killEntity.Zombie":3,"stat.pickup.iceandfire.chared_dirt":3,"stat.diveOneCm":61581,"stat.pickup.minecraft.wheat":9,"stat.entityKilledBy.deathworm":2,"stat.pickup.zoocraftdiscoveries.seed_tarragon":2,"stat.pickup.minecraft.gravel":25,"stat.craftItem.minecraft.cooked_porkchop":5,"stat.useItem.minecraft.chicken":2,"stat.jump":6804,"stat.pickup.minecraft.fence":8,"stat.pickup.minecraft.coal":109,"stat.pickup.minecraft.iron_ingot":49,"stat.useItem.minecraft.stone_axe":27,"stat.pickup.minecraft.spider_eye":2,"stat.craftItem.minecraft.torch":56,"stat.pickup.minecraft.dirt":124,"stat.craftItem.minecraft.iron_helmet":1,"stat.pickup.minecraft.iron_ore":27,"tombstone:sneak_grave":1,"stat.damageTaken":-2147476990,"stat.pickup.minecraft.leather":15,"stat.mineBlock.minecraft.furnace":5,"stat.mineBlock.minecraft.torch":9,"stat.useItem.minecraft.wooden_pickaxe":96,"stat.pickup.minecraft.log2":20,"stat.pickup.minecraft.reeds":27,"tombstone:undead_killed":6,"stat.pickup.minecraft.potato":75,"stat.damageDealt":4809,"stat.pickup.iceandfire.chared_grass":4,"stat.sleepInBed":6,"stat.craftItem.minecraft.baked_potato":11,"stat.craftItem.minecraft.anvil":1,"stat.killEntity.Cow":8,"stat.useItem.minecraft.crafting_table":1,"stat.killEntity.Pig":4,"stat.mineBlock.iceandfire.chared_dirt":5,"stat.craftItem.minecraft.iron_sword":3,"stat.walkOneCm":1386098,"stat.playerKills":1,"stat.pickup.minecraft.stick":2,"stat.pickup.minecraft.clay_ball":8,"stat.pickup.zoocraftdiscoveries.seed_lemongrass":1,"stat.useItem.tombstone.gift":1,"stat.pickup.minecraft.stone":4,"stat.craftItem.minecraft.iron_chestplate":1,"stat.pickup.minecraft.baked_potato":5,"stat.pickup.zoocraftdiscoveries.seed_coriander":1,"stat.pickup.minecraft.cooked_beef":15,"stat.useItem.iceandfire.chared_grass":1,"stat.killEntity.Skeleton":3,"stat.killEntity.Chicken":1,"stat.killEntity.Spider":3,"stat.pickup.minecraft.bread":4,"stat.mobKills":29,"stat.entityKilledBy.Husk":1,"stat.mineBlock.minecraft.leaves":18,"stat.pickup.minecraft.beetroot_seeds":41,"stat.pickup.minecraft.torch":32,"stat.mineBlock.minecraft.stone":1361,"stat.useItem.minecraft.sandstone":3}