{"stat.drop.iceandfire.armor_green_helmet":2,"stat.drop.iceandfire.dragonbone_sword":1,"stat.pickup.iceandfire.fire_dragon_flesh":10,"stat.leaveGame":50,"stat.drop.minecraft.gunpowder":1,"stat.drop.minecraft.redstone":54,"stat.drop.zoocraftdiscoveries.seed_thyme":1,"stat.drop.minecraft.enchanted_book":3,"stat.craftItem.minecraft.shield":1,"stat.mineBlock.minecraft.web":25,"stat.drop.minecraft.iron_sword":2,"stat.pickup.minecraft.rotten_flesh":203,"stat.craftItem.minecraft.stone_axe":2,"stat.drop.minecraft.leather_boots":1,"stat.pickup.iceandfire.witherbone":10,"stat.pickup.iceandfire.chared_cobblestone":41,"stat.pickup.minecraft.bucket":3,"stat.pickup.minecraft.leather_boots":10,"stat.killEntity.Witch":1,"stat.drop.minecraft.sand":50,"stat.drop.minecraft.gold_ingot":4,"stat.craftItem.iceandfire.silver_ingot":9,"stat.useItem.minecraft.iron_pickaxe":1500,"stat.drop.minecraft.sandstone_stairs":1,"stat.craftItem.minecraft.wooden_pickaxe":2,"stat.useItem.minecraft.iron_shovel":201,"stat.pickup.minecraft.double_plant":23,"stat.furnaceInteraction":143,"stat.drop.minecraft.gravel":4,"stat.killEntity.ZombieVillager":3,"stat.pickup.minecraft.nether_brick":35,"stat.drop.minecraft.red_flower":2,"stat.pickup.iceandfire.manuscript":12,"stat.pickup.minecraft.beef":13,"stat.pickup.minecraft.leather_helmet":5,"stat.useItem.minecraft.fence":5,"stat.drop.minecraft.golden_axe":3,"stat.pickup.minecraft.potion":4,"stat.mineBlock.minecraft.fence":8,"stat.pickup.tombstone.scroll_buff":1,"stat.drop.minecraft.nether_brick_stairs":4,"stat.killEntity.Husk":6,"stat.deaths":57,"stat.craftItem.minecraft.iron_pickaxe":5,"stat.pickup.minecraft.glass_pane":4,"stat.drop.minecraft.glass_bottle":1,"stat.drop.minecraft.iron_ingot":20,"stat.mineBlock.minecraft.tallgrass":530,"stat.craftItem.minecraft.cooked_mutton":6,"stat.craftItem.toolbelt.pouch":1,"stat.pickup.minecraft.cooked_mutton":23,"stat.chestOpened":281,"stat.craftItem.minecraft.sign":3,"stat.useItem.minecraft.stone":14,"stat.pickup.minecraft.arrow":46,"stat.pickup.minecraft.iron_sword":2,"stat.pickup.minecraft.gold_nugget":303,"stat.pickup.zoocraftdiscoveries.seed_mint":5,"stat.pickup.minecraft.carrot":391,"stat.crouchOneCm":99463,"stat.mineBlock.minecraft.chest":3,"stat.craftItem.minecraft.iron_ingot":172,"stat.mineBlock.futuremc.lily_of_the_valley":1,"stat.craftingTableInteraction":27,"stat.pickup.iceandfire.silver_ore":9,"stat.pickup.minecraft.wooden_pickaxe":5,"stat.mineBlock.minecraft.log2":30,"stat.drop.minecraft.double_plant":1,"stat.drop.zoocraftdiscoveries.seed_sage":2,"stat.drop.iceandfire.armor_green_leggings":1,"stat.craftItem.minecraft.wooden_sword":2,"stat.pickup.minecraft.dye":56,"stat.pickup.minecraft.planks":89,"stat.useItem.iceandfire.dragonbone_sword_fire":105,"stat.pickup.minecraft.wheat_seeds":146,"stat.drop.minecraft.soul_sand":2,"stat.mineBlock.minecraft.dirt":231,"stat.pickup.minecraft.poisonous_potato":2,"stat.useItem.minecraft.bread":3,"stat.mineBlock.iceandfire.silver_ore":9,"stat.drop.minecraft.rotten_flesh":63,"stat.useItem.minecraft.cobblestone":429,"stat.mineBlock.minecraft.double_plant":31,"stat.pickup.zoocraftdiscoveries.seed_dill":6,"stat.useItem.toolbelt.belt":5,"stat.pickup.toolbelt.belt":2,"stat.pickup.minecraft.iron_pickaxe":2,"stat.craftItem.minecraft.gold_ingot":49,"stat.drop.minecraft.sapling":1,"stat.pickup.minecraft.chicken":2,"stat.craftItem.minecraft.bucket":1,"stat.craftItem.minecraft.planks":232,"stat.useItem.minecraft.iron_sword":698,"stat.pickup.futuremc.cornflower":4,"stat.drop.futuremc.cornflower":1,"stat.pickup.iceandfire.dragonscales_green":58,"stat.mineBlock.minecraft.log":166,"stat.pickup.iceandfire.dragonbone":46,"stat.pickup.minecraft.red_flower":13,"stat.pickup.minecraft.red_nether_brick":2,"stat.pickup.minecraft.wool":32,"stat.useItem.minecraft.wooden_axe":31,"stat.pickup.minecraft.red_sandstone_stairs":2,"stat.pickup.zoocraftdiscoveries.seed_bay":4,"stat.cakeSlicesEaten":4,"stat.useItem.minecraft.iron_axe":224,"stat.mineBlock.minecraft.cobblestone":92,"stat.pickup.minecraft.stone_pickaxe":5,"stat.pickup.minecraft.flint":7,"stat.mineBlock.iceandfire.chared_stone":34,"stat.mineBlock.minecraft.yellow_flower":4,"stat.entityKilledBy.Witch":2,"stat.pickup.minecraft.leather_chestplate":7,"stat.craftItem.iceandfire.dragonbone_sword_fire":1,"stat.craftItem.minecraft.wool":4,"stat.pickup.minecraft.enchanted_book":4,"stat.drop.minecraft.cobblestone":253,"stat.pickup.minecraft.cooked_porkchop":28,"stat.useItem.minecraft.stone_slab2":142,"stat.pickup.minecraft.bow":8,"stat.pickup.minecraft.iron_boots":6,"stat.craftItem.minecraft.furnace":8,"stat.drop.minecraft.golden_helmet":1,"stat.pickup.minecraft.golden_axe":3,"stat.craftItem.minecraft.iron_boots":2,"stat.pickup.minecraft.nether_wart_block":2,"stat.pickup.iceandfire.chain_link":3,"stat.craftItem.minecraft.cooked_beef":21,"stat.pickup.minecraft.shears":5,"stat.flyOneCm":3022651,"stat.drop.minecraft.iron_helmet":4,"stat.pickup.minecraft.sandstone":15,"stat.useItem.iceandfire.chared_stone":32,"stat.pickup.minecraft.nether_brick_stairs":4,"stat.pickup.minecraft.fish":4,"stat.timeSinceDeath":7000,"stat.drop.minecraft.spider_eye":1,"stat.craftItem.minecraft.iron_block":6,"stat.pickup.travelersbackpack.travelers_backpack":10,"stat.useItem.minecraft.potato":117,"stat.pickup.minecraft.chainmail_helmet":2,"stat.pickup.minecraft.nether_wart":16,"stat.mineBlock.minecraft.coal_ore":148,"tombstone:tomb_raiding":1,"stat.drop.minecraft.wool":5,"stat.drop.zoocraftdiscoveries.seed_chive":2,"stat.pickup.minecraft.shield":9,"stat.killEntity.Creeper":3,"stat.pickup.minecraft.wooden_sword":3,"stat.drop.minecraft.baked_potato":10,"stat.pickup.minecraft.string":88,"stat.pickup.tombstone.crafting_ingredient":20,"stat.entityKilledBy.Skeleton":1,"stat.useItem.minecraft.written_book":1,"stat.sprintOneCm":2455370,"stat.drop.minecraft.leather":41,"stat.craftItem.minecraft.wooden_axe":2,"stat.useItem.tombstone.magic_scroll":4,"stat.mineBlock.minecraft.diamond_ore":14,"stat.pickup.zoocraftdiscoveries.seed_rosemary":7,"stat.drop.minecraft.lava_bucket":1,"stat.pickup.minecraft.leather_leggings":2,"stat.drop.zoocraftdiscoveries.seed_parsley":1,"stat.drop.tombstone.grave_key":3,"stat.pickup.tombstone.grave_key":2,"stat.useItem.minecraft.ladder":2,"stat.killEntity.Zombie":62,"stat.craftItem.minecraft.dye":2,"stat.pickup.iceandfire.chared_dirt":6,"stat.mineBlock.minecraft.gold_ore":41,"stat.diveOneCm":352808,"stat.drop.minecraft.diamond_pickaxe":1,"stat.pickup.minecraft.wheat":9,"stat.entityKilledBy.deathworm":2,"stat.drop.minecraft.stone_stairs":228,"stat.craftItem.minecraft.ladder":3,"stat.pickup.zoocraftdiscoveries.seed_tarragon":5,"stat.pickup.minecraft.sign":4,"stat.craftItem.iceandfire.armor_green_helmet":2,"stat.craftItem.minecraft.cooked_porkchop":18,"stat.useItem.minecraft.chicken":2,"stat.pickup.minecraft.stone_axe":1,"stat.drop.minecraft.golden_shovel":1,"stat.pickup.minecraft.obsidian":3,"stat.drop.minecraft.sandstone":8,"stat.jump":20392,"stat.useItem.minecraft.sand":3,"stat.pickup.minecraft.coal":222,"stat.pickup.minecraft.iron_ingot":124,"stat.pickup.minecraft.gunpowder":7,"stat.pickup.iceandfire.chared_stone":46,"stat.craftItem.minecraft.torch":296,"stat.pickup.minecraft.dirt":299,"stat.pickup.iceandfire.fire_dragon_heart":3,"stat.pickup.minecraft.stone_shovel":1,"stat.pickup.minecraft.gold_ore":41,"stat.useItem.minecraft.sapling":6,"stat.mineBlock.minecraft.lapis_ore":9,"stat.pickup.minecraft.iron_axe":2,"tombstone:sneak_grave":2,"stat.damageTaken":-2147458203,"stat.craftItem.iceandfire.armor_green_leggings":1,"stat.mineBlock.minecraft.torch":28,"stat.pickup.minecraft.written_book":2,"stat.mineBlock.minecraft.red_flower":13,"stat.drop.zoocraftdiscoveries.seed_oregano":2,"stat.pickup.minecraft.log2":43,"stat.pickup.zoocraftdiscoveries.seed_saffron":7,"stat.pickup.minecraft.bed":2,"stat.pickup.minecraft.quartz_block":1,"stat.pickup.minecraft.potato":293,"stat.entityKilledBy.Zombie":5,"stat.pickup.iceandfire.chared_grass":4,"stat.drop.zoocraftdiscoveries.seed_lemongrass":3,"stat.useItem.minecraft.chest":3,"stat.pickup.minecraft.diamond_pickaxe":2,"stat.useItem.minecraft.lava_bucket":1,"stat.pickup.minecraft.rabbit_foot":1,"stat.drop.minecraft.netherrack":3,"stat.drop.iceandfire.chared_dirt":2,"stat.useItem.tombstone.gift":1,"stat.craftItem.minecraft.iron_chestplate":1,"stat.pickup.minecraft.baked_potato":5,"stat.pickup.minecraft.ender_pearl":1,"stat.pickup.minecraft.cooked_beef":70,"stat.useItem.iceandfire.chared_grass":1,"stat.craftItem.travelersbackpack.sleeping_bag_bottom":2,"stat.drop.minecraft.nether_brick":17,"stat.pickup.zoocraftdiscoveries.seed_thyme":2,"stat.mobKills":207,"stat.pickup.minecraft.diamond_boots":2,"stat.drop.tombstone.magic_scroll":1,"stat.pickup.minecraft.diamond":41,"stat.pickup.minecraft.beetroot_seeds":57,"stat.drop.futuremc.lily_of_the_valley":1,"stat.pickup.minecraft.torch":189,"stat.drop.minecraft.stone_axe":1,"stat.killEntity.firedragon":2,"stat.drop.iceandfire.chared_cobblestone":1,"stat.useItem.iceandfire.dragonbone_sword":1,"stat.pickup.iceandfire.dragonbone_sword":1,"stat.craftItem.minecraft.iron_axe":2,"stat.killEntity.Blaze":2,"stat.drop.minecraft.shield":2,"stat.useItem.minecraft.mutton":5,"stat.useItem.minecraft.planks":11,"stat.pickup.minecraft.porkchop":18,"stat.pickup.minecraft.blaze_powder":1,"stat.useItem.minecraft.water_bucket":6,"stat.drop.travelersbackpack.travelers_backpack":5,"stat.pickup.minecraft.sand":156,"stat.craftItem.minecraft.stone_sword":2,"stat.pickup.zoocraftdiscoveries.seed_oregano":3,"stat.entityKilledBy.firedragon":12,"stat.mineBlock.minecraft.sand":141,"stat.pickup.iceandfire.ash":2,"stat.pickup.zoocraftdiscoveries.seed_chive":3,"stat.drop.zoocraftdiscoveries.seed_basil":2,"stat.pickup.iceandfire.dragon_skull":7,"stat.mineBlock.futuremc.cornflower":4,"stat.useItem.minecraft.cooked_mutton":13,"stat.pickup.minecraft.furnace":6,"stat.drop.iceandfire.dragon_skull":1,"stat.pickup.minecraft.totem_of_undying":1,"stat.craftItem.travelersbackpack.travelers_backpack":2,"stat.pickup.minecraft.iron_chestplate":5,"stat.pickup.minecraft.skull":1,"stat.useItem.minecraft.stone_stairs":85,"stat.pickup.tombstone.magic_scroll":5,"stat.pickup.minecraft.stone_stairs":123,"stat.drop.zoocraftdiscoveries.seed_rosemary":3,"stat.playOneMinute":1219173,"stat.pickup.minecraft.blaze_rod":18,"stat.pickup.minecraft.iron_bars":12,"stat.pickup.minecraft.netherrack":75,"stat.craftItem.iceandfire.dragonbone_sword":1,"stat.drop.minecraft.flint":1,"stat.fallOneCm":600515,"stat.drop.minecraft.stone":2,"stat.craftItem.minecraft.chest":9,"stat.pickup.minecraft.golden_leggings":1,"stat.mineBlock.minecraft.nether_wart_block":1,"stat.pickup.minecraft.feather":13,"stat.drop.minecraft.iron_leggings":1,"stat.mineBlock.minecraft.red_nether_brick":1,"stat.useItem.minecraft.furnace":3,"stat.pickup.iceandfire.dragonscales_red":32,"stat.pickup.minecraft.iron_leggings":6,"stat.mineBlock.minecraft.gravel":32,"stat.useItem.minecraft.stone_pickaxe":545,"stat.useItem.minecraft.stone_sword":104,"stat.craftItem.minecraft.iron_leggings":2,"stat.pickup.minecraft.chainmail_boots":2,"stat.useItem.minecraft.iron_bars":1,"stat.useItem.minecraft.torch":397,"stat.craftItem.minecraft.stone_stairs":356,"stat.pickup.minecraft.crafting_table":7,"stat.useItem.minecraft.log":6,"stat.craftItem.minecraft.crafting_table":2,"stat.pickup.minecraft.log":176,"stat.drop.minecraft.sign":1,"stat.drop.minecraft.stonebrick":9,"stat.pickup.minecraft.web":15,"stat.pickup.minecraft.chainmail_leggings":3,"stat.pickup.minecraft.sapling":16,"stat.pickup.minecraft.wooden_door":4,"stat.drop.minecraft.bow":3,"stat.pickup.minecraft.beetroot":22,"stat.craftItem.toolbelt.belt":1,"stat.mineBlock.iceandfire.goldpile":36,"stat.killEntity.WitherSkeleton":1,"stat.useItem.minecraft.beetroot_seeds":28,"stat.sneakTime":39047,"stat.drop.minecraft.bucket":1,"stat.useItem.minecraft.baked_potato":57,"stat.pickup.minecraft.yellow_flower":5,"stat.pickup.minecraft.chest":5,"stat.craftItem.minecraft.diamond_chestplate":1,"stat.pickup.minecraft.bone":88,"stat.drop.minecraft.leather_helmet":3,"stat.drop.zoocraftdiscoveries.seed_mint":1,"stat.useItem.minecraft.diamond_sword":863,"stat.swimOneCm":381689,"stat.climbOneCm":12665,"stat.craftItem.minecraft.golden_chestplate":1,"stat.useItem.minecraft.dirt":325,"stat.pickup.minecraft.golden_helmet":2,"stat.drop.minecraft.quartz":5,"stat.pickup.zoocraftdiscoveries.seed_basil":14,"stat.drop.zoocraftdiscoveries.seed_saffron":1,"stat.craftItem.minecraft.stone_pickaxe":2,"stat.pickup.minecraft.cobblestone":2433,"stat.pickup.minecraft.glass_bottle":3,"stat.pickup.minecraft.soul_sand":4,"stat.drop.minecraft.wheat_seeds":10,"stat.useItem.minecraft.cooked_beef":39,"stat.pickup.minecraft.cactus":1,"stat.pickup.minecraft.redstone":99,"stat.mineBlock.minecraft.iron_ore":149,"stat.pickup.securitycraft.keypad_item":1,"stat.useItem.minecraft.sign":2,"stat.pickup.minecraft.mutton":14,"stat.drop.minecraft.coal":6,"stat.pickup.minecraft.wooden_axe":3,"stat.drop.minecraft.iron_bars":4,"stat.pickup.minecraft.stonebrick":11,"stat.drop.minecraft.red_sandstone_stairs":2,"stat.useItem.minecraft.cooked_porkchop":52,"stat.pickup.minecraft.iron_shovel":3,"stat.craftItem.minecraft.stone_slab2":0,"stat.pickup.minecraft.sandstone_stairs":3,"stat.drop.zoocraftdiscoveries.seed_dill":3,"stat.craftItem.minecraft.stick":120,"stat.pickup.minecraft.grass":1,"stat.mineBlock.minecraft.crafting_table":4,"stat.useItem.minecraft.diamond_pickaxe":77,"stat.useItem.minecraft.carrot":173,"stat.pickup.minecraft.diamond_chestplate":1,"stat.useItem.minecraft.bucket":20,"stat.entityKilledBy.Creeper":3,"stat.mineBlock.minecraft.planks":22,"stat.drop":179,"stat.killEntity.Sheep":20,"stat.useItem.iceandfire.chared_cobblestone":30,"stat.pickup.zoocraftdiscoveries.seed_sage":4,"stat.drop.minecraft.iron_boots":2,"stat.craftItem.minecraft.diamond_pickaxe":1,"stat.pickup.zoocraftdiscoveries.seed_parsley":3,"stat.pickup.minecraft.gravel":43,"stat.killEntity.EvocationIllager":1,"stat.mineBlock.minecraft.deadbush":1,"stat.useItem.minecraft.potion":1,"stat.craftItem.travelersbackpack.backpack_tank":4,"stat.pickup.minecraft.fence":12,"stat.pickup.minecraft.iron_helmet":9,"stat.useItem.minecraft.stone_axe":27,"stat.pickup.minecraft.spider_eye":21,"stat.craftItem.minecraft.iron_helmet":1,"stat.pickup.minecraft.iron_ore":149,"stat.mineBlock.minecraft.iron_bars":3,"stat.mineBlock.minecraft.stone_stairs":9,"stat.pickup.minecraft.leather":103,"stat.mineBlock.minecraft.furnace":5,"stat.useItem.minecraft.wooden_pickaxe":96,"stat.dispenserInspected":1,"stat.mineBlock.iceandfire.chared_cobblestone":33,"stat.drop.minecraft.red_sandstone":4,"stat.pickup.minecraft.reeds":33,"stat.killEntity.CaveSpider":1,"tombstone:undead_killed":110,"stat.drop.zoocraftdiscoveries.seed_coriander":2,"stat.damageDealt":36760,"stat.craftItem.minecraft.glass":81,"stat.sleepInBed":22,"stat.craftItem.minecraft.baked_potato":85,"stat.craftItem.minecraft.anvil":2,"stat.killEntity.Cow":17,"stat.useItem.minecraft.crafting_table":1,"stat.killEntity.Pig":17,"stat.mineBlock.iceandfire.chared_dirt":5,"stat.craftItem.minecraft.iron_sword":4,"stat.walkOneCm":4501657,"stat.playerKills":3,"stat.pickup.minecraft.stick":7,"stat.pickup.minecraft.clay_ball":8,"stat.pickup.zoocraftdiscoveries.seed_lemongrass":6,"stat.drop.minecraft.iron_chestplate":1,"stat.pickup.minecraft.stone":43,"stat.pickup.zoocraftdiscoveries.seed_coriander":7,"stat.pickup.minecraft.gold_ingot":1,"stat.killEntity.Skeleton":38,"stat.killEntity.Chicken":1,"stat.killEntity.Spider":32,"stat.pickup.minecraft.bread":4,"stat.drop.minecraft.diamond_boots":1,"stat.pickup.minecraft.quartz":5,"stat.entityKilledBy.Husk":1,"stat.pickup.minecraft.golden_shovel":2,"stat.mineBlock.minecraft.leaves":77,"stat.mineBlock.minecraft.redstone_ore":13,"stat.mineBlock.minecraft.stone":1576,"stat.useItem.minecraft.sandstone":3}