{"stat.chestOpened":21,"stat.pickup.minecraft.bone":1,"stat.leaveGame":3,"stat.pickup.minecraft.iron_sword":4,"stat.pickup.minecraft.arrow":3,"stat.mineBlock.minecraft.yellow_flower":1,"stat.mineBlock.minecraft.deadbush":1,"stat.useItem.minecraft.rotten_flesh":2,"stat.drop.minecraft.iron_pickaxe":1,"stat.pickup.zoocraftdiscoveries.seed_mint":1,"stat.swimOneCm":16061,"stat.jump":2205,"stat.pickup.minecraft.iron_helmet":2,"stat.fallOneCm":38639,"stat.climbOneCm":80,"stat.pickup.minecraft.carrot":3,"stat.pickup.minecraft.dirt":6,"stat.pickup.zoocraftdiscoveries.seed_basil":1,"stat.useItem.minecraft.stone_slab2":3,"stat.pickup.minecraft.iron_boots":1,"stat.drop.minecraft.iron_sword":1,"stat.pickup.minecraft.rotten_flesh":2,"stat.pickup.minecraft.sand":12,"stat.entityKilledBy.Spider":1,"stat.mineBlock.minecraft.leaves2":8,"stat.damageTaken":1665,"stat.pickup.minecraft.cobblestone":7,"stat.pickup.minecraft.iron_leggings":1,"stat.pickup.minecraft.diamond_leggings":2,"stat.flyOneCm":25107,"stat.drop.minecraft.iron_helmet":1,"stat.pickup.minecraft.sandstone":1,"stat.pickup.zoocraftdiscoveries.seed_oregano":1,"tombstone:undead_killed":1,"stat.mineBlock.minecraft.sand":12,"stat.pickup.minecraft.potato":2,"stat.entityKilledBy.Zombie":1,"stat.damageDealt":478,"stat.sleepInBed":2,"stat.timeSinceDeath":13538,"stat.mineBlock.minecraft.dirt":6,"stat.useItem.minecraft.iron_pickaxe":1,"stat.walkOneCm":975516,"stat.pickup.minecraft.stick":2,"stat.furnaceInteraction":2,"stat.mineBlock.minecraft.double_plant":1,"stat.mineBlock.futuremc.cornflower":1,"stat.pickup.minecraft.string":1,"stat.useItem.tombstone.gift":1,"stat.entityKilledBy.Skeleton":3,"stat.pickup.minecraft.baked_potato":10,"stat.pickup.zoocraftdiscoveries.seed_coriander":1,"stat.sprintOneCm":6037,"stat.pickup.minecraft.iron_chestplate":1,"stat.killEntity.Skeleton":1,"stat.useItem.minecraft.iron_sword":52,"stat.pickup.futuremc.cornflower":1,"stat.killEntity.Spider":1,"stat.mobKills":2,"stat.pickup.zoocraftdiscoveries.seed_rosemary":1,"stat.mineBlock.minecraft.log":1,"stat.deaths":5,"stat.drop":3,"stat.playOneMinute":132144,"stat.useItem.minecraft.baked_potato":2,"stat.pickup.minecraft.yellow_flower":1,"stat.mineBlock.minecraft.tallgrass":35,"stat.diveOneCm":3320}