{"stat.pickup.minecraft.sand":12,"stat.walkOneCm":358546,"stat.pickup.minecraft.bone":1,"stat.useItem.minecraft.iron_sword":1,"stat.pickup.minecraft.stick":2,"stat.leaveGame":1,"stat.pickup.minecraft.iron_sword":4,"stat.pickup.minecraft.arrow":2,"stat.damageTaken":928,"stat.mineBlock.minecraft.double_plant":1,"stat.mineBlock.minecraft.deadbush":1,"stat.pickup.minecraft.cobblestone":5,"stat.pickup.minecraft.iron_leggings":1,"stat.flyOneCm":8666,"stat.drop.minecraft.iron_helmet":1,"stat.deaths":3,"stat.pickup.minecraft.sandstone":1,"stat.drop":2,"stat.jump":1026,"stat.swimOneCm":6615,"stat.mineBlock.minecraft.sand":12,"stat.playOneMinute":55428,"stat.pickup.minecraft.iron_helmet":2,"stat.fallOneCm":18179,"stat.entityKilledBy.Zombie":1,"stat.entityKilledBy.Skeleton":2,"stat.damageDealt":32,"stat.pickup.minecraft.baked_potato":10,"stat.useItem.minecraft.baked_potato":2,"stat.timeSinceDeath":448,"stat.pickup.minecraft.dirt":2,"stat.sprintOneCm":247,"stat.mineBlock.minecraft.dirt":1,"stat.pickup.minecraft.iron_chestplate":1,"stat.mineBlock.minecraft.tallgrass":1,"stat.diveOneCm":2843,"stat.pickup.minecraft.iron_boots":1,"stat.drop.minecraft.iron_sword":1}