{"stat.pickup.minecraft.bone":3,"stat.leaveGame":12,"stat.mineBlock.minecraft.yellow_flower":1,"stat.swimOneCm":38806,"stat.climbOneCm":17010,"stat.useItem.minecraft.dirt":1,"stat.pickup.zoocraftdiscoveries.seed_basil":1,"stat.useItem.minecraft.stone_slab2":3,"stat.pickup.minecraft.iron_boots":1,"stat.drop.minecraft.iron_sword":1,"stat.pickup.minecraft.rotten_flesh":3,"stat.pickup.minecraft.sand":16,"stat.entityKilledBy.Spider":2,"stat.pickup.minecraft.cobblestone":7,"stat.pickup.minecraft.diamond_leggings":3,"stat.flyOneCm":37343,"stat.drop.minecraft.iron_helmet":1,"stat.pickup.minecraft.sandstone":1,"stat.pickup.zoocraftdiscoveries.seed_oregano":1,"stat.mineBlock.minecraft.sand":16,"stat.useItem.minecraft.cooked_beef":1,"stat.timeSinceDeath":18077,"stat.useItem.minecraft.iron_pickaxe":1,"stat.furnaceInteraction":2,"stat.mineBlock.futuremc.cornflower":1,"stat.pickup.minecraft.string":1,"stat.pickup.tombstone.crafting_ingredient":2,"stat.entityKilledBy.Skeleton":3,"stat.sprintOneCm":7060,"stat.pickup.minecraft.iron_chestplate":1,"stat.useItem.minecraft.carrot":5,"stat.pickup.zoocraftdiscoveries.seed_rosemary":1,"stat.pickup.minecraft.diamond_chestplate":1,"stat.pickup.minecraft.leather_leggings":1,"stat.deaths":13,"stat.drop":7,"stat.pickup.minecraft.egg":1,"stat.playOneMinute":340058,"stat.drop.tombstone.grave_key":4,"stat.pickup.tombstone.grave_key":3,"stat.killEntity.Zombie":1,"stat.mineBlock.minecraft.tallgrass":50,"stat.diveOneCm":16879,"stat.pickup.minecraft.wheat":1,"stat.chestOpened":28,"stat.pickup.minecraft.iron_sword":5,"stat.pickup.minecraft.arrow":4,"stat.mineBlock.minecraft.deadbush":1,"stat.useItem.minecraft.rotten_flesh":3,"stat.drop.minecraft.iron_pickaxe":1,"stat.pickup.zoocraftdiscoveries.seed_mint":1,"stat.jump":4968,"stat.pickup.minecraft.iron_helmet":2,"stat.pickup.minecraft.coal":3,"stat.fallOneCm":77911,"stat.pickup.minecraft.carrot":11,"stat.pickup.minecraft.dirt":43,"stat.mineBlock.minecraft.leaves2":15,"stat.damageTaken":-2147479801,"stat.mineBlock.minecraft.torch":3,"stat.pickup.minecraft.iron_leggings":1,"tombstone:undead_killed":2,"stat.pickup.minecraft.wheat_seeds":1,"stat.pickup.minecraft.potato":2,"stat.entityKilledBy.Zombie":1,"stat.damageDealt":714,"stat.sleepInBed":5,"stat.mineBlock.minecraft.dirt":43,"stat.walkOneCm":2660470,"stat.pickup.minecraft.stick":2,"stat.mineBlock.minecraft.double_plant":1,"stat.useItem.tombstone.gift":1,"stat.pickup.minecraft.baked_potato":10,"stat.mineBlock.minecraft.wool":2,"stat.pickup.zoocraftdiscoveries.seed_coriander":1,"stat.pickup.minecraft.sapling":4,"stat.pickup.minecraft.cooked_beef":3,"stat.killEntity.Skeleton":1,"stat.useItem.minecraft.iron_sword":95,"stat.pickup.futuremc.cornflower":1,"stat.pickup.minecraft.diamond_helmet":1,"stat.killEntity.Spider":1,"stat.pickup.zoocraftdiscoveries.seed_thyme":1,"stat.mobKills":3,"stat.pickup.minecraft.diamond_boots":1,"stat.mineBlock.minecraft.log":1,"stat.entityKilledBy.hippogryph":1,"stat.mineBlock.minecraft.leaves":76,"stat.pickup.minecraft.torch":3,"stat.pickup.minecraft.wool":2,"stat.useItem.minecraft.baked_potato":2,"stat.pickup.minecraft.yellow_flower":1}