{"stat.pickup.zoocraftdiscoveries.seed_bay":1,"stat.pickup.minecraft.bone":2,"stat.mineBlock.iceandfire.chared_grass":1,"stat.leaveGame":3,"stat.craftItem.minecraft.wool":4,"stat.useItem.minecraft.diamond_sword":50,"stat.mineBlock.minecraft.sandstone":2,"stat.swimOneCm":60162,"stat.climbOneCm":7572,"stat.pickup.minecraft.cooked_porkchop":7,"stat.pickup.minecraft.glass":14,"stat.pickup.minecraft.blaze_powder":2,"stat.useItem.minecraft.dirt":306,"stat.pickup.zoocraftdiscoveries.seed_basil":1,"stat.useItem.minecraft.stone_slab2":13,"stat.pickup.minecraft.iron_boots":1,"stat.drop.travelersbackpack.travelers_backpack":1,"stat.pickup.minecraft.rotten_flesh":20,"stat.pickup.minecraft.sand":5,"stat.useItem.minecraft.egg":1,"stat.pickup.iceandfire.dragonbone_axe":1,"stat.pickup.minecraft.cobblestone":121,"stat.mineBlock.minecraft.carpet":1,"stat.pickup.minecraft.diamond_leggings":1,"stat.useItem.minecraft.stone_shovel":287,"stat.flyOneCm":374658,"stat.pickup.minecraft.sandstone":2,"stat.pickup.zoocraftdiscoveries.seed_oregano":5,"stat.entityKilledBy.firedragon":2,"stat.pickup.minecraft.brown_mushroom":8,"stat.mineBlock.minecraft.sand":1,"stat.pickup.minecraft.fish":1,"stat.useItem.minecraft.cooked_beef":8,"stat.pickup.zoocraftdiscoveries.seed_chive":1,"stat.mineBlock.minecraft.iron_ore":9,"stat.timeSinceDeath":115858,"stat.useItem.minecraft.iron_pickaxe":96,"stat.pickup.minecraft.mutton":3,"stat.craftItem.minecraft.bed":1,"stat.pickup.travelersbackpack.travelers_backpack":1,"stat.useItem.minecraft.potato":3,"stat.furnaceInteraction":8,"stat.drop.minecraft.dirt":53,"stat.useItem.minecraft.cooked_porkchop":6,"stat.pickup.minecraft.iron_shovel":1,"stat.pickup.iceandfire.dragon_skull":2,"stat.mineBlock.minecraft.coal_ore":27,"stat.mineBlock.futuremc.cornflower":13,"stat.pickup.minecraft.shield":2,"stat.pickup.minecraft.string":7,"stat.useItem.minecraft.cooked_mutton":5,"stat.pickup.tombstone.crafting_ingredient":2,"stat.entityKilledBy.Skeleton":4,"stat.craftItem.travelersbackpack.travelers_backpack":1,"stat.sprintOneCm":842205,"stat.pickup.minecraft.iron_chestplate":2,"stat.pickup.tombstone.magic_scroll":1,"stat.craftItem.minecraft.stick":4,"stat.mineBlock.minecraft.crafting_table":1,"stat.useItem.minecraft.diamond_pickaxe":133,"stat.useItem.minecraft.carrot":9,"stat.pickup.zoocraftdiscoveries.seed_rosemary":4,"stat.entityKilledBy.Creeper":1,"stat.deaths":12,"stat.drop":13,"stat.pickup.minecraft.egg":3,"stat.playOneMinute":260807,"stat.killEntity.Sheep":2,"stat.drop.tombstone.grave_key":3,"stat.pickup.tombstone.grave_key":2,"stat.pickup.zoocraftdiscoveries.seed_sage":3,"stat.killEntity.Zombie":3,"stat.pickup.zoocraftdiscoveries.seed_parsley":2,"stat.craftItem.minecraft.dye":2,"stat.craftItem.minecraft.cooked_mutton":3,"stat.mineBlock.minecraft.tallgrass":160,"stat.diveOneCm":30274,"stat.pickup.minecraft.cooked_mutton":2,"stat.chestOpened":59,"stat.useItem.minecraft.fish":1,"stat.useItem.minecraft.stone":1,"stat.pickup.minecraft.arrow":2,"stat.pickup.minecraft.wooden_pressure_plate":1,"stat.pickup.minecraft.stone_axe":1,"stat.mineBlock.minecraft.deadbush":11,"stat.drop.minecraft.cooked_porkchop":1,"stat.pickup.zoocraftdiscoveries.seed_mint":2,"stat.pickup.minecraft.diamond_sword":2,"stat.craftItem.travelersbackpack.backpack_tank":2,"stat.jump":3443,"stat.pickup.minecraft.fence":5,"stat.pickup.minecraft.iron_helmet":1,"stat.pickup.minecraft.coal":28,"stat.fallOneCm":76562,"stat.pickup.minecraft.iron_ingot":10,"stat.pickup.minecraft.carrot":9,"stat.drop.minecraft.diamond_sword":1,"stat.pickup.minecraft.gunpowder":1,"stat.crouchOneCm":5385,"stat.craftItem.minecraft.torch":16,"stat.craftItem.minecraft.chest":1,"stat.pickup.minecraft.dirt":240,"stat.pickup.minecraft.melon":6,"stat.craftingTableInteraction":14,"stat.pickup.minecraft.iron_ore":13,"stat.mineBlock.minecraft.leaves2":49,"stat.mineBlock.minecraft.log2":5,"stat.pickup.minecraft.leather":5,"stat.damageTaken":4458,"stat.craftItem.minecraft.wooden_button":1,"stat.mineBlock.minecraft.torch":8,"stat.mineBlock.minecraft.melon_block":1,"stat.mineBlock.minecraft.red_flower":4,"stat.mineBlock.minecraft.sapling":1,"stat.pickup.minecraft.log2":5,"stat.pickup.zoocraftdiscoveries.seed_saffron":2,"stat.pickup.minecraft.planks":8,"stat.pickup.minecraft.iron_leggings":2,"stat.pickup.minecraft.bed":2,"tombstone:undead_killed":6,"stat.craftItem.minecraft.diamond_shovel":1,"stat.pickup.minecraft.wheat_seeds":3,"stat.pickup.minecraft.potato":3,"stat.pickup.iceandfire.cyclops_eye":1,"stat.damageDealt":1964,"stat.pickup.iceandfire.chared_grass":1,"stat.sleepInBed":10,"stat.mineBlock.minecraft.dirt":183,"stat.craftItem.minecraft.stone_shovel":1,"stat.walkOneCm":866452,"stat.useItem.minecraft.torch":16,"stat.pickup.minecraft.brewing_stand":2,"stat.pickup.minecraft.stick":7,"stat.drop.minecraft.rotten_flesh":6,"stat.pickup.minecraft.crafting_table":1,"stat.mineBlock.minecraft.double_plant":4,"stat.pickup.zoocraftdiscoveries.seed_dill":1,"stat.pickup.minecraft.log":8,"stat.pickup.minecraft.iron_pickaxe":1,"stat.useItem.tombstone.gift":1,"stat.pickup.minecraft.stone":51,"stat.useItem.iceandfire.dragonbone_axe":98,"stat.pickup.minecraft.baked_potato":7,"stat.pickup.zoocraftdiscoveries.seed_coriander":3,"stat.pickup.minecraft.sapling":12,"stat.pickup.minecraft.cooked_beef":16,"stat.pickup.minecraft.apple":2,"stat.pickup.minecraft.gold_ingot":1,"stat.killEntity.Skeleton":3,"stat.craftItem.travelersbackpack.sleeping_bag_bottom":1,"stat.craftItem.minecraft.planks":6,"stat.pickup.futuremc.cornflower":16,"stat.pickup.minecraft.diamond_helmet":1,"stat.pickup.zoocraftdiscoveries.seed_thyme":2,"stat.mobKills":7,"stat.pickup.minecraft.diamond_boots":1,"stat.mineBlock.minecraft.log":8,"stat.pickup.iceandfire.dragonbone":27,"stat.pickup.minecraft.diamond":1,"stat.mineBlock.minecraft.leaves":54,"stat.pickup.minecraft.torch":11,"stat.pickup.minecraft.red_flower":6,"stat.sneakTime":2888,"stat.pickup.minecraft.wool":5,"stat.useItem.minecraft.baked_potato":7,"stat.mineBlock.minecraft.stone":170}