{"stat.chestOpened":2,"stat.walkOneCm":191604,"stat.useItem.minecraft.torch":11,"stat.pickup.minecraft.stick":7,"stat.mineBlock.iceandfire.chared_grass":1,"stat.pickup.minecraft.crafting_table":1,"stat.furnaceInteraction":5,"stat.mineBlock.minecraft.deadbush":11,"stat.mineBlock.minecraft.coal_ore":13,"stat.pickup.minecraft.shield":1,"stat.mineBlock.minecraft.sandstone":2,"stat.swimOneCm":19126,"stat.jump":873,"stat.pickup.minecraft.fence":1,"stat.pickup.minecraft.iron_helmet":1,"stat.pickup.minecraft.coal":15,"stat.fallOneCm":17500,"stat.pickup.minecraft.iron_pickaxe":1,"stat.useItem.minecraft.cooked_mutton":1,"stat.useItem.tombstone.gift":1,"stat.entityKilledBy.Skeleton":1,"stat.pickup.minecraft.gunpowder":1,"stat.pickup.minecraft.stone":13,"stat.pickup.minecraft.baked_potato":7,"stat.crouchOneCm":619,"stat.craftItem.minecraft.torch":16,"stat.pickup.minecraft.dirt":31,"stat.sprintOneCm":170702,"stat.pickup.minecraft.iron_chestplate":1,"stat.pickup.minecraft.iron_boots":1,"stat.pickup.minecraft.iron_ore":13,"stat.craftingTableInteraction":1,"stat.pickup.minecraft.sand":2,"stat.mineBlock.minecraft.leaves2":1,"stat.mineBlock.minecraft.log2":5,"stat.damageTaken":1327,"stat.pickup.minecraft.leather":1,"stat.mineBlock.minecraft.crafting_table":1,"stat.mineBlock.minecraft.torch":4,"stat.mobKills":2,"stat.pickup.minecraft.cobblestone":55,"stat.pickup.minecraft.log2":5,"stat.pickup.zoocraftdiscoveries.seed_saffron":1,"stat.pickup.minecraft.diamond_leggings":1,"stat.pickup.minecraft.iron_leggings":1,"stat.flyOneCm":94955,"stat.pickup.minecraft.sandstone":2,"stat.deaths":4,"stat.pickup.zoocraftdiscoveries.seed_oregano":1,"stat.entityKilledBy.firedragon":1,"stat.mineBlock.minecraft.sand":1,"stat.playOneMinute":57549,"stat.pickup.minecraft.torch":4,"stat.killEntity.Sheep":2,"stat.pickup.iceandfire.cyclops_eye":1,"stat.sneakTime":124,"stat.pickup.minecraft.wool":2,"stat.damageDealt":210,"stat.pickup.iceandfire.chared_grass":1,"stat.mineBlock.minecraft.iron_ore":9,"stat.useItem.minecraft.baked_potato":7,"stat.sleepInBed":3,"stat.timeSinceDeath":519,"stat.useItem.minecraft.iron_pickaxe":85,"stat.mineBlock.minecraft.dirt":28,"stat.mineBlock.minecraft.stone":60,"stat.craftItem.minecraft.cooked_mutton":3,"stat.mineBlock.minecraft.tallgrass":4,"stat.diveOneCm":11092,"stat.pickup.minecraft.mutton":3}