{"stat.chestOpened":2,"stat.walkOneCm":150607,"stat.useItem.minecraft.torch":6,"stat.pickup.minecraft.stick":7,"stat.pickup.minecraft.crafting_table":1,"stat.furnaceInteraction":5,"stat.mineBlock.minecraft.deadbush":11,"stat.mineBlock.minecraft.coal_ore":13,"stat.pickup.minecraft.shield":1,"stat.mineBlock.minecraft.sandstone":2,"stat.swimOneCm":8999,"stat.jump":452,"stat.pickup.minecraft.fence":1,"stat.pickup.minecraft.iron_helmet":1,"stat.pickup.minecraft.coal":15,"stat.fallOneCm":7629,"stat.pickup.minecraft.iron_pickaxe":1,"stat.pickup.minecraft.gunpowder":1,"stat.pickup.minecraft.stone":5,"stat.pickup.minecraft.baked_potato":7,"stat.crouchOneCm":533,"stat.craftItem.minecraft.torch":16,"stat.pickup.minecraft.dirt":30,"stat.sprintOneCm":134836,"stat.pickup.minecraft.iron_chestplate":1,"stat.pickup.minecraft.iron_boots":1,"stat.pickup.minecraft.iron_ore":13,"stat.craftingTableInteraction":1,"stat.pickup.minecraft.sand":2,"stat.mineBlock.minecraft.leaves2":1,"stat.mineBlock.minecraft.log2":5,"stat.damageTaken":503,"stat.pickup.minecraft.leather":1,"stat.mineBlock.minecraft.crafting_table":1,"stat.mineBlock.minecraft.torch":4,"stat.mobKills":2,"stat.pickup.minecraft.cobblestone":50,"stat.pickup.minecraft.log2":5,"stat.pickup.zoocraftdiscoveries.seed_saffron":1,"stat.pickup.minecraft.diamond_leggings":1,"stat.pickup.minecraft.iron_leggings":1,"stat.flyOneCm":30349,"stat.pickup.minecraft.sandstone":2,"stat.deaths":1,"stat.pickup.zoocraftdiscoveries.seed_oregano":1,"stat.mineBlock.minecraft.sand":1,"stat.playOneMinute":44949,"stat.pickup.minecraft.torch":4,"stat.killEntity.Sheep":2,"stat.pickup.iceandfire.cyclops_eye":1,"stat.sneakTime":115,"stat.pickup.minecraft.wool":2,"stat.damageDealt":210,"stat.mineBlock.minecraft.iron_ore":9,"stat.useItem.minecraft.baked_potato":6,"stat.sleepInBed":3,"stat.timeSinceDeath":7215,"stat.useItem.minecraft.iron_pickaxe":72,"stat.mineBlock.minecraft.dirt":27,"stat.mineBlock.minecraft.stone":47,"stat.craftItem.minecraft.cooked_mutton":3,"stat.mineBlock.minecraft.tallgrass":4,"stat.diveOneCm":8360,"stat.pickup.minecraft.mutton":3}