{"stat.pickup.minecraft.bone":2,"stat.mineBlock.iceandfire.chared_grass":1,"stat.leaveGame":3,"stat.craftItem.minecraft.wool":4,"stat.useItem.minecraft.diamond_sword":7,"stat.mineBlock.minecraft.sandstone":2,"stat.swimOneCm":57959,"stat.climbOneCm":200,"stat.pickup.minecraft.cooked_porkchop":7,"stat.pickup.minecraft.glass":14,"stat.useItem.minecraft.dirt":40,"stat.useItem.minecraft.stone_slab2":4,"stat.pickup.minecraft.iron_boots":1,"stat.drop.travelersbackpack.travelers_backpack":1,"stat.pickup.minecraft.rotten_flesh":19,"stat.pickup.minecraft.sand":5,"stat.useItem.minecraft.egg":1,"stat.pickup.minecraft.cobblestone":57,"stat.pickup.minecraft.diamond_leggings":1,"stat.flyOneCm":357104,"stat.pickup.minecraft.sandstone":2,"stat.pickup.zoocraftdiscoveries.seed_oregano":1,"stat.entityKilledBy.firedragon":2,"stat.mineBlock.minecraft.sand":1,"stat.pickup.minecraft.fish":1,"stat.useItem.minecraft.cooked_beef":3,"stat.mineBlock.minecraft.iron_ore":9,"stat.timeSinceDeath":51058,"stat.useItem.minecraft.iron_pickaxe":96,"stat.pickup.minecraft.mutton":3,"stat.craftItem.minecraft.bed":1,"stat.pickup.travelersbackpack.travelers_backpack":1,"stat.useItem.minecraft.potato":3,"stat.furnaceInteraction":7,"stat.useItem.minecraft.cooked_porkchop":6,"stat.pickup.iceandfire.dragon_skull":2,"stat.mineBlock.minecraft.coal_ore":13,"stat.pickup.minecraft.shield":2,"stat.pickup.minecraft.string":7,"stat.useItem.minecraft.cooked_mutton":5,"stat.pickup.tombstone.crafting_ingredient":2,"stat.entityKilledBy.Skeleton":4,"stat.craftItem.travelersbackpack.travelers_backpack":1,"stat.sprintOneCm":721216,"stat.pickup.minecraft.iron_chestplate":2,"stat.pickup.tombstone.magic_scroll":1,"stat.mineBlock.minecraft.crafting_table":1,"stat.useItem.minecraft.diamond_pickaxe":5,"stat.useItem.minecraft.carrot":9,"stat.entityKilledBy.Creeper":1,"stat.deaths":12,"stat.drop":10,"stat.pickup.minecraft.egg":3,"stat.playOneMinute":196007,"stat.killEntity.Sheep":2,"stat.drop.tombstone.grave_key":3,"stat.pickup.tombstone.grave_key":2,"stat.killEntity.Zombie":2,"stat.craftItem.minecraft.dye":2,"stat.craftItem.minecraft.cooked_mutton":3,"stat.mineBlock.minecraft.tallgrass":10,"stat.diveOneCm":29617,"stat.pickup.minecraft.cooked_mutton":2,"stat.chestOpened":33,"stat.useItem.minecraft.fish":1,"stat.useItem.minecraft.stone":1,"stat.pickup.minecraft.arrow":2,"stat.pickup.minecraft.wooden_pressure_plate":1,"stat.pickup.minecraft.stone_axe":1,"stat.mineBlock.minecraft.deadbush":11,"stat.drop.minecraft.cooked_porkchop":1,"stat.pickup.minecraft.diamond_sword":1,"stat.craftItem.travelersbackpack.backpack_tank":2,"stat.jump":3081,"stat.pickup.minecraft.fence":1,"stat.pickup.minecraft.iron_helmet":1,"stat.pickup.minecraft.coal":15,"stat.fallOneCm":74050,"stat.pickup.minecraft.iron_ingot":8,"stat.pickup.minecraft.carrot":9,"stat.pickup.minecraft.gunpowder":1,"stat.crouchOneCm":3604,"stat.craftItem.minecraft.torch":16,"stat.craftItem.minecraft.chest":1,"stat.pickup.minecraft.dirt":41,"stat.pickup.minecraft.melon":6,"stat.craftingTableInteraction":11,"stat.pickup.minecraft.iron_ore":13,"stat.mineBlock.minecraft.leaves2":1,"stat.mineBlock.minecraft.log2":5,"stat.pickup.minecraft.leather":5,"stat.damageTaken":4339,"stat.mineBlock.minecraft.torch":7,"stat.mineBlock.minecraft.melon_block":1,"stat.pickup.minecraft.log2":5,"stat.pickup.zoocraftdiscoveries.seed_saffron":1,"stat.pickup.minecraft.planks":8,"stat.pickup.minecraft.iron_leggings":2,"tombstone:undead_killed":2,"stat.pickup.minecraft.wheat_seeds":1,"stat.pickup.minecraft.potato":3,"stat.pickup.iceandfire.cyclops_eye":1,"stat.damageDealt":898,"stat.pickup.iceandfire.chared_grass":1,"stat.sleepInBed":4,"stat.mineBlock.minecraft.dirt":38,"stat.walkOneCm":635561,"stat.useItem.minecraft.torch":16,"stat.pickup.minecraft.stick":7,"stat.drop.minecraft.rotten_flesh":5,"stat.pickup.minecraft.crafting_table":1,"stat.mineBlock.minecraft.double_plant":2,"stat.pickup.minecraft.log":4,"stat.pickup.minecraft.iron_pickaxe":1,"stat.useItem.tombstone.gift":1,"stat.pickup.minecraft.stone":14,"stat.pickup.minecraft.baked_potato":7,"stat.pickup.minecraft.cooked_beef":16,"stat.pickup.minecraft.gold_ingot":1,"stat.craftItem.travelersbackpack.sleeping_bag_bottom":1,"stat.craftItem.minecraft.planks":6,"stat.pickup.minecraft.diamond_helmet":1,"stat.mobKills":4,"stat.pickup.minecraft.diamond_boots":1,"stat.mineBlock.minecraft.log":4,"stat.pickup.iceandfire.dragonbone":27,"stat.pickup.minecraft.torch":7,"stat.pickup.minecraft.red_flower":2,"stat.sneakTime":2411,"stat.pickup.minecraft.wool":5,"stat.useItem.minecraft.baked_potato":7,"stat.mineBlock.minecraft.stone":61}