{"stat.pickup.zoocraftdiscoveries.seed_bay":1,"stat.pickup.minecraft.bone":2,"stat.mineBlock.iceandfire.chared_grass":1,"stat.leaveGame":3,"stat.craftItem.minecraft.wool":4,"stat.useItem.minecraft.diamond_sword":45,"stat.mineBlock.minecraft.sandstone":2,"stat.swimOneCm":58637,"stat.climbOneCm":7572,"stat.pickup.minecraft.cooked_porkchop":7,"stat.pickup.minecraft.glass":14,"stat.pickup.minecraft.blaze_powder":2,"stat.useItem.minecraft.dirt":167,"stat.pickup.zoocraftdiscoveries.seed_basil":1,"stat.useItem.minecraft.stone_slab2":7,"stat.pickup.minecraft.iron_boots":1,"stat.drop.travelersbackpack.travelers_backpack":1,"stat.pickup.minecraft.rotten_flesh":19,"stat.pickup.minecraft.sand":5,"stat.useItem.minecraft.egg":1,"stat.pickup.minecraft.cobblestone":121,"stat.mineBlock.minecraft.carpet":1,"stat.pickup.minecraft.diamond_leggings":1,"stat.useItem.minecraft.stone_shovel":284,"stat.flyOneCm":368212,"stat.pickup.minecraft.sandstone":2,"stat.pickup.zoocraftdiscoveries.seed_oregano":5,"stat.entityKilledBy.firedragon":2,"stat.mineBlock.minecraft.sand":1,"stat.pickup.minecraft.fish":1,"stat.useItem.minecraft.cooked_beef":5,"stat.pickup.zoocraftdiscoveries.seed_chive":1,"stat.mineBlock.minecraft.iron_ore":9,"stat.timeSinceDeath":89758,"stat.useItem.minecraft.iron_pickaxe":96,"stat.pickup.minecraft.mutton":3,"stat.craftItem.minecraft.bed":1,"stat.pickup.travelersbackpack.travelers_backpack":1,"stat.useItem.minecraft.potato":3,"stat.furnaceInteraction":8,"stat.useItem.minecraft.cooked_porkchop":6,"stat.pickup.minecraft.iron_shovel":1,"stat.pickup.iceandfire.dragon_skull":2,"stat.mineBlock.minecraft.coal_ore":27,"stat.mineBlock.futuremc.cornflower":9,"stat.pickup.minecraft.shield":2,"stat.pickup.minecraft.string":7,"stat.useItem.minecraft.cooked_mutton":5,"stat.pickup.tombstone.crafting_ingredient":2,"stat.entityKilledBy.Skeleton":4,"stat.craftItem.travelersbackpack.travelers_backpack":1,"stat.sprintOneCm":766128,"stat.pickup.minecraft.iron_chestplate":2,"stat.pickup.tombstone.magic_scroll":1,"stat.craftItem.minecraft.stick":4,"stat.mineBlock.minecraft.crafting_table":1,"stat.useItem.minecraft.diamond_pickaxe":133,"stat.useItem.minecraft.carrot":9,"stat.pickup.zoocraftdiscoveries.seed_rosemary":4,"stat.entityKilledBy.Creeper":1,"stat.deaths":12,"stat.drop":11,"stat.pickup.minecraft.egg":3,"stat.playOneMinute":234707,"stat.killEntity.Sheep":2,"stat.drop.tombstone.grave_key":3,"stat.pickup.tombstone.grave_key":2,"stat.pickup.zoocraftdiscoveries.seed_sage":3,"stat.killEntity.Zombie":2,"stat.pickup.zoocraftdiscoveries.seed_parsley":2,"stat.craftItem.minecraft.dye":2,"stat.craftItem.minecraft.cooked_mutton":3,"stat.mineBlock.minecraft.tallgrass":159,"stat.diveOneCm":29617,"stat.pickup.minecraft.cooked_mutton":2,"stat.chestOpened":47,"stat.useItem.minecraft.fish":1,"stat.useItem.minecraft.stone":1,"stat.pickup.minecraft.arrow":2,"stat.pickup.minecraft.wooden_pressure_plate":1,"stat.pickup.minecraft.stone_axe":1,"stat.mineBlock.minecraft.deadbush":11,"stat.drop.minecraft.cooked_porkchop":1,"stat.pickup.zoocraftdiscoveries.seed_mint":2,"stat.pickup.minecraft.diamond_sword":2,"stat.craftItem.travelersbackpack.backpack_tank":2,"stat.jump":3286,"stat.pickup.minecraft.fence":1,"stat.pickup.minecraft.iron_helmet":1,"stat.pickup.minecraft.coal":28,"stat.fallOneCm":76026,"stat.pickup.minecraft.iron_ingot":10,"stat.pickup.minecraft.carrot":9,"stat.drop.minecraft.diamond_sword":1,"stat.pickup.minecraft.gunpowder":1,"stat.crouchOneCm":3983,"stat.craftItem.minecraft.torch":16,"stat.craftItem.minecraft.chest":1,"stat.pickup.minecraft.dirt":228,"stat.pickup.minecraft.melon":6,"stat.craftingTableInteraction":14,"stat.pickup.minecraft.iron_ore":13,"stat.mineBlock.minecraft.leaves2":1,"stat.mineBlock.minecraft.log2":5,"stat.pickup.minecraft.leather":5,"stat.damageTaken":4414,"stat.craftItem.minecraft.wooden_button":1,"stat.mineBlock.minecraft.torch":8,"stat.mineBlock.minecraft.melon_block":1,"stat.mineBlock.minecraft.red_flower":4,"stat.pickup.minecraft.log2":5,"stat.pickup.zoocraftdiscoveries.seed_saffron":2,"stat.pickup.minecraft.planks":8,"stat.pickup.minecraft.iron_leggings":2,"tombstone:undead_killed":5,"stat.craftItem.minecraft.diamond_shovel":1,"stat.pickup.minecraft.wheat_seeds":3,"stat.pickup.minecraft.potato":3,"stat.pickup.iceandfire.cyclops_eye":1,"stat.damageDealt":1763,"stat.pickup.iceandfire.chared_grass":1,"stat.sleepInBed":7,"stat.mineBlock.minecraft.dirt":178,"stat.craftItem.minecraft.stone_shovel":1,"stat.walkOneCm":757444,"stat.useItem.minecraft.torch":16,"stat.pickup.minecraft.brewing_stand":2,"stat.pickup.minecraft.stick":7,"stat.drop.minecraft.rotten_flesh":5,"stat.pickup.minecraft.crafting_table":1,"stat.mineBlock.minecraft.double_plant":4,"stat.pickup.zoocraftdiscoveries.seed_dill":1,"stat.pickup.minecraft.log":4,"stat.pickup.minecraft.iron_pickaxe":1,"stat.useItem.tombstone.gift":1,"stat.pickup.minecraft.stone":51,"stat.pickup.minecraft.baked_potato":7,"stat.pickup.zoocraftdiscoveries.seed_coriander":3,"stat.pickup.minecraft.cooked_beef":16,"stat.pickup.minecraft.gold_ingot":1,"stat.killEntity.Skeleton":3,"stat.craftItem.travelersbackpack.sleeping_bag_bottom":1,"stat.craftItem.minecraft.planks":6,"stat.pickup.futuremc.cornflower":13,"stat.pickup.minecraft.diamond_helmet":1,"stat.pickup.zoocraftdiscoveries.seed_thyme":2,"stat.mobKills":6,"stat.pickup.minecraft.diamond_boots":1,"stat.mineBlock.minecraft.log":4,"stat.pickup.iceandfire.dragonbone":27,"stat.pickup.minecraft.diamond":1,"stat.pickup.minecraft.torch":11,"stat.pickup.minecraft.red_flower":6,"stat.sneakTime":2471,"stat.pickup.minecraft.wool":5,"stat.useItem.minecraft.baked_potato":7,"stat.mineBlock.minecraft.stone":170}