{"stat.leaveGame":42,"stat.craftItem.minecraft.iron_axe":1,"stat.mineBlock.minecraft.sandstone":81,"stat.useItem.minecraft.mutton":6,"stat.useItem.minecraft.planks":119,"stat.craftItem.minecraft.shield":1,"stat.pickup.minecraft.porkchop":4,"stat.pickup.minecraft.glass":8,"stat.drop.travelersbackpack.travelers_backpack":1,"stat.drop.minecraft.iron_sword":2,"stat.mineBlock.minecraft.red_mushroom":1,"stat.useItem.minecraft.water_bucket":1,"stat.pickup.minecraft.rotten_flesh":38,"stat.pickup.minecraft.sand":174,"stat.pickup.iceandfire.witherbone":2,"stat.craftItem.minecraft.stone_sword":2,"stat.craftItem.minecraft.iron_shovel":2,"stat.entityKilledBy.firedragon":9,"stat.pickup.zoocraftdiscoveries.seed_oregano":1,"stat.mineBlock.minecraft.sand":170,"stat.pickup.iceandfire.ash":5,"stat.pickup.zoocraftdiscoveries.seed_chive":1,"stat.useItem.minecraft.iron_pickaxe":1571,"stat.pickup.minecraft.stained_hardened_clay":4,"stat.drop.minecraft.sandstone_stairs":1,"stat.craftItem.minecraft.wooden_pickaxe":3,"stat.useItem.minecraft.iron_shovel":23,"stat.drop.minecraft.cooked_mutton":1,"stat.pickup.minecraft.double_plant":2,"stat.craftItem.minecraft.glass_pane":80,"stat.mineBlock.minecraft.vine":1,"stat.craftItem.minecraft.golden_carrot":23,"stat.furnaceInteraction":40,"stat.useItem.minecraft.golden_carrot":9,"stat.pickup.iceandfire.dragon_skull":1,"stat.mineBlock.futuremc.cornflower":1,"stat.pickup.minecraft.fence_gate":2,"stat.pickup.minecraft.beef":5,"stat.pickup.minecraft.furnace":11,"stat.useItem.minecraft.cooked_mutton":10,"stat.mineBlock.minecraft.stained_hardened_clay":3,"stat.pickup.minecraft.iron_chestplate":1,"stat.useItem.minecraft.fence":7,"stat.pickup.tombstone.magic_scroll":1,"stat.pickup.minecraft.potion":1,"stat.pickup.futuremc.lily_of_the_valley":1,"stat.mineBlock.minecraft.fence":3,"stat.useItem.minecraft.wheat_seeds":19,"stat.craftItem.minecraft.fence_gate":2,"stat.killEntity.Husk":6,"stat.drop.zoocraftdiscoveries.seed_rosemary":1,"stat.useItem.minecraft.dye":49,"stat.useItem.minecraft.beef":5,"stat.deaths":49,"stat.drop.minecraft.golden_carrot":14,"stat.pickup.minecraft.egg":1,"stat.playOneMinute":738447,"stat.craftItem.minecraft.iron_pickaxe":7,"stat.pickup.minecraft.glass_pane":4,"stat.mineBlock.minecraft.tallgrass":228,"stat.craftItem.minecraft.cooked_mutton":11,"stat.pickup.minecraft.netherrack":17,"stat.chestOpened":135,"stat.craftItem.minecraft.sign":6,"stat.pickup.iceandfire.myrmex_desert_chitin":6,"stat.useItem.minecraft.stone":13,"stat.pickup.minecraft.arrow":13,"stat.pickup.iceandfire.blindfold":1,"stat.pickup.minecraft.iron_sword":4,"stat.pickup.minecraft.gold_nugget":21,"stat.drop.minecraft.iron_pickaxe":1,"stat.pickup.zoocraftdiscoveries.seed_mint":1,"stat.fallOneCm":303679,"stat.pickup.minecraft.carrot":223,"stat.drop.minecraft.stone_sword":1,"stat.crouchOneCm":128380,"stat.craftItem.minecraft.chest":5,"stat.craftItem.minecraft.iron_ingot":30,"stat.pickup.minecraft.red_mushroom":2,"stat.craftingTableInteraction":109,"stat.pickup.iceandfire.silver_ore":10,"stat.drop.minecraft.double_plant":1,"stat.mineBlock.minecraft.log2":8,"stat.pickup.minecraft.feather":3,"stat.mineBlock.minecraft.red_nether_brick":1,"stat.useItem.minecraft.furnace":4,"stat.craftItem.minecraft.wooden_sword":1,"stat.pickup.minecraft.dye":37,"stat.pickup.minecraft.planks":43,"stat.pickup.minecraft.iron_leggings":1,"stat.pickup.minecraft.wheat_seeds":80,"stat.mineBlock.minecraft.gravel":4,"stat.useItem.minecraft.stone_pickaxe":378,"stat.mineBlock.minecraft.glass":2,"stat.useItem.minecraft.stone_sword":351,"stat.craftItem.minecraft.iron_leggings":1,"stat.mineBlock.minecraft.dirt":234,"stat.useItem.minecraft.torch":165,"stat.useItem.minecraft.bread":4,"stat.mineBlock.iceandfire.silver_ore":5,"stat.pickup.minecraft.crafting_table":18,"stat.useItem.minecraft.cobblestone":545,"stat.craftItem.minecraft.crafting_table":6,"stat.mineBlock.minecraft.double_plant":7,"stat.pickup.zoocraftdiscoveries.seed_dill":3,"stat.pickup.minecraft.log":65,"stat.pickup.minecraft.iron_pickaxe":2,"stat.drop.minecraft.carrot":42,"stat.craftItem.minecraft.gold_ingot":14,"stat.drop.minecraft.planks":18,"stat.drop.minecraft.sapling":5,"stat.pickup.minecraft.chainmail_leggings":3,"stat.pickup.minecraft.sapling":7,"stat.pickup.minecraft.wooden_door":2,"stat.pickup.minecraft.apple":4,"stat.useItem.minecraft.glass_pane":72,"stat.pickup.iceandfire.myrmex_stinger":1,"stat.pickup.minecraft.beetroot":1,"stat.mineBlock.iceandfire.goldpile":1,"stat.craftItem.minecraft.planks":252,"stat.useItem.minecraft.iron_sword":244,"stat.pickup.futuremc.cornflower":3,"stat.drop.futuremc.cornflower":2,"stat.pickup.minecraft.stone_sword":1,"stat.pickup.minecraft.book":2,"stat.mineBlock.minecraft.log":50,"stat.pickup.iceandfire.dragonbone":8,"stat.useItem.minecraft.beetroot_seeds":2,"stat.pickup.minecraft.red_nether_brick":1,"stat.sneakTime":49561,"stat.pickup.minecraft.wool":3,"stat.drop.minecraft.yellow_flower":1,"stat.pickup.minecraft.yellow_flower":3,"stat.pickup.zoocraftdiscoveries.seed_bay":1,"stat.pickup.minecraft.bone":44,"stat.useItem.minecraft.iron_axe":47,"stat.mineBlock.minecraft.cobblestone":62,"stat.pickup.minecraft.flint":1,"stat.mineBlock.minecraft.yellow_flower":2,"stat.pickup.iceandfire.deathworm_chitin":6,"stat.swimOneCm":315227,"stat.climbOneCm":17255,"stat.pickup.minecraft.enchanted_book":5,"stat.drop.minecraft.cobblestone":318,"stat.craftItem.minecraft.golden_chestplate":1,"stat.pickup.minecraft.writable_book":1,"stat.useItem.minecraft.dirt":248,"stat.pickup.zoocraftdiscoveries.seed_basil":12,"stat.useItem.minecraft.stone_slab2":142,"stat.pickup.minecraft.iron_boots":2,"stat.killEntity.deathworm":2,"stat.craftItem.minecraft.furnace":2,"stat.useItem.minecraft.egg":1,"stat.craftItem.minecraft.iron_boots":1,"stat.craftItem.minecraft.stone_pickaxe":3,"stat.entityKilledBy.myrmex_worker":1,"stat.pickup.minecraft.shears":2,"stat.pickup.minecraft.cobblestone":1531,"stat.flyOneCm":1356835,"stat.useItem.tombstone.scroll_buff":1,"stat.pickup.minecraft.sandstone":99,"stat.drop.minecraft.wheat_seeds":1,"stat.useItem.minecraft.cooked_beef":1,"stat.useItem.zoocraftdiscoveries.seed_basil":1,"stat.pickup.minecraft.redstone":8,"stat.mineBlock.minecraft.iron_ore":72,"stat.timeSinceDeath":9927,"stat.pickup.securitycraft.keypad_item":2,"stat.useItem.minecraft.sign":4,"stat.pickup.minecraft.mutton":13,"stat.killEntity.Bat":1,"stat.useItem.minecraft.potato":11,"stat.drop.minecraft.dirt":24,"stat.pickup.minecraft.iron_shovel":1,"stat.mineBlock.minecraft.coal_ore":110,"tombstone:tomb_raiding":1,"stat.drop.minecraft.wool":4,"stat.talkedToVillager":3,"stat.pickup.minecraft.string":5,"stat.drop.minecraft.log2":11,"stat.pickup.tombstone.crafting_ingredient":1,"stat.entityKilledBy.Skeleton":5,"stat.craftItem.minecraft.stone_slab2":0,"stat.pickup.minecraft.sandstone_stairs":8,"stat.killEntity.Squid":2,"stat.sprintOneCm":1527168,"stat.entityKilledBy.myrmex_soldier":3,"stat.drop.minecraft.leather":4,"stat.craftItem.minecraft.stick":80,"stat.drop.minecraft.potion":1,"stat.craftItem.minecraft.gold_nugget":189,"stat.mineBlock.minecraft.diamond_ore":2,"stat.killEntity.myrmex_soldier":1,"stat.mineBlock.minecraft.crafting_table":18,"stat.useItem.minecraft.carrot":137,"stat.pickup.minecraft.golden_horse_armor":1,"stat.pickup.zoocraftdiscoveries.seed_rosemary":4,"stat.pickup.minecraft.diamond_chestplate":1,"stat.useItem.minecraft.bucket":1,"stat.entityKilledBy.Creeper":1,"stat.mineBlock.minecraft.planks":18,"stat.drop":169,"stat.drop.tombstone.grave_key":7,"stat.pickup.tombstone.grave_key":7,"stat.killEntity.Zombie":8,"stat.pickup.zoocraftdiscoveries.seed_parsley":1,"stat.craftItem.minecraft.dye":51,"stat.drop.minecraft.bread":4,"stat.pickup.iceandfire.chared_dirt":3,"stat.mineBlock.minecraft.gold_ore":3,"stat.diveOneCm":235197,"stat.pickup.minecraft.wheat":16,"stat.pickup.minecraft.sign":4,"stat.pickup.zoocraftdiscoveries.seed_tarragon":5,"stat.drop.minecraft.wooden_pickaxe":1,"stat.pickup.minecraft.gravel":7,"stat.pickup.minecraft.stone_axe":1,"stat.useItem.minecraft.apple":2,"stat.mineBlock.minecraft.deadbush":9,"stat.useItem.minecraft.porkchop":4,"stat.useItem.minecraft.rotten_flesh":16,"stat.drop.minecraft.apple":3,"stat.drop.minecraft.sandstone":1,"stat.jump":11027,"stat.useItem.minecraft.sand":10,"stat.pickup.minecraft.coal":201,"stat.pickup.minecraft.iron_helmet":1,"stat.pickup.minecraft.iron_ingot":36,"stat.useItem.minecraft.stone_axe":5,"stat.craftItem.minecraft.bread":5,"stat.pickup.minecraft.gunpowder":3,"stat.pickup.iceandfire.chared_stone":2,"stat.craftItem.minecraft.torch":84,"stat.pickup.minecraft.dirt":343,"stat.drop.minecraft.iron_shovel":1,"stat.pickup.minecraft.iron_ore":71,"stat.useItem.minecraft.glass":68,"stat.pickup.minecraft.gold_ore":3,"stat.mineBlock.minecraft.lapis_ore":5,"stat.pickup.iceandfire.iceandfire.deathworm_egg":1,"stat.pickup.minecraft.iron_axe":1,"stat.mineBlock.minecraft.glass_pane":10,"stat.drop.iceandfire.myrmex_stinger":1,"stat.mineBlock.minecraft.leaves2":34,"tombstone:sneak_grave":6,"stat.damageTaken":15694,"stat.pickup.minecraft.leather":4,"stat.mineBlock.minecraft.furnace":9,"stat.mineBlock.minecraft.torch":75,"stat.useItem.minecraft.wooden_pickaxe":88,"stat.mineBlock.minecraft.sandstone_stairs":1,"stat.pickup.minecraft.log2":5,"stat.pickup.minecraft.reeds":6,"stat.pickup.minecraft.bed":1,"tombstone:undead_killed":27,"stat.pickup.minecraft.potato":15,"stat.mineBlock.minecraft.fence_gate":2,"stat.pickup.minecraft.oak_stairs":2,"stat.entityKilledBy.Zombie":3,"stat.damageDealt":7629,"stat.craftItem.minecraft.glass":92,"stat.sleepInBed":16,"stat.craftItem.minecraft.baked_potato":1,"stat.mineBlock.iceandfire.chared_dirt":1,"stat.craftItem.minecraft.iron_sword":1,"stat.walkOneCm":2861868,"stat.playerKills":1,"stat.useItem.minecraft.chest":1,"stat.pickup.minecraft.stick":11,"stat.useItem.minecraft.gold_ore":1,"stat.useItem.minecraft.lava_bucket":1,"stat.craftItem.minecraft.writable_book":2,"stat.craftItem.minecraft.diamond_boots":1,"stat.drop.iceandfire.chared_dirt":1,"stat.useItem.tombstone.gift":2,"stat.pickup.minecraft.tnt":6,"stat.pickup.minecraft.stone":38,"stat.craftItem.minecraft.iron_chestplate":1,"stat.pickup.zoocraftdiscoveries.seed_coriander":1,"stat.useItem.minecraft.stained_hardened_clay":1,"stat.killEntity.futuremc:salmon":1,"stat.pickup.minecraft.cooked_beef":1,"stat.killEntity.Skeleton":13,"stat.mineBlock.minecraft.tnt":2,"stat.drop.iceandfire.myrmex_desert_chitin":3,"stat.killEntity.Spider":1,"stat.pickup.zoocraftdiscoveries.seed_thyme":2,"stat.craftItem.minecraft.tnt":2,"stat.mobKills":35,"stat.craftItem.minecraft.fence":9,"stat.entityKilledBy.Husk":2,"stat.pickup.iceandfire.gorgon_head":1,"stat.useItem.minecraft.golden_apple":2,"stat.drop.minecraft.written_book":1,"stat.pickup.minecraft.diamond":4,"stat.mineBlock.minecraft.leaves":32,"stat.pickup.minecraft.beetroot_seeds":6,"stat.useItem.minecraft.writable_book":1,"stat.pickup.minecraft.torch":97,"stat.mineBlock.minecraft.redstone_ore":1,"stat.drop.minecraft.stone_axe":1,"stat.drop.minecraft.arrow":3,"stat.drop.minecraft.shears":1,"stat.mineBlock.minecraft.stone":1468,"stat.useItem.minecraft.sandstone":21}