{"stat.pickup.minecraft.bone":1,"stat.leaveGame":2,"stat.mineBlock.minecraft.cobblestone":2,"stat.mineBlock.minecraft.sandstone":72,"stat.swimOneCm":26240,"stat.useItem.minecraft.planks":90,"stat.craftItem.minecraft.shield":1,"stat.climbOneCm":6009,"stat.craftItem.minecraft.golden_chestplate":1,"stat.useItem.minecraft.stone_slab2":32,"stat.drop.travelersbackpack.travelers_backpack":1,"stat.pickup.minecraft.rotten_flesh":1,"stat.pickup.minecraft.sand":40,"stat.craftItem.minecraft.furnace":1,"stat.craftItem.minecraft.stone_pickaxe":1,"stat.pickup.minecraft.cobblestone":29,"stat.craftItem.minecraft.stone_sword":1,"stat.flyOneCm":367121,"stat.pickup.minecraft.sandstone":85,"stat.mineBlock.minecraft.sand":36,"stat.timeSinceDeath":0,"stat.useItem.minecraft.iron_pickaxe":45,"stat.pickup.minecraft.stained_hardened_clay":3,"stat.drop.minecraft.sandstone_stairs":1,"stat.craftItem.minecraft.wooden_pickaxe":2,"stat.pickup.minecraft.mutton":11,"stat.drop.minecraft.cooked_mutton":1,"stat.useItem.minecraft.potato":1,"stat.mineBlock.minecraft.vine":1,"stat.furnaceInteraction":6,"stat.mineBlock.minecraft.coal_ore":27,"tombstone:tomb_raiding":1,"stat.talkedToVillager":3,"stat.pickup.minecraft.furnace":2,"stat.useItem.minecraft.cooked_mutton":7,"stat.pickup.minecraft.sandstone_stairs":3,"stat.mineBlock.minecraft.stained_hardened_clay":3,"stat.sprintOneCm":339595,"stat.craftItem.minecraft.stick":8,"stat.mineBlock.minecraft.fence":3,"stat.useItem.minecraft.wheat_seeds":4,"stat.mineBlock.minecraft.crafting_table":8,"stat.killEntity.Husk":1,"stat.useItem.minecraft.carrot":28,"stat.deaths":4,"stat.mineBlock.minecraft.planks":10,"stat.drop":10,"stat.playOneMinute":115954,"stat.drop.minecraft.bread":4,"stat.mineBlock.minecraft.tallgrass":13,"stat.craftItem.minecraft.cooked_mutton":11,"stat.pickup.minecraft.netherrack":17,"stat.diveOneCm":15811,"stat.pickup.minecraft.wheat":12,"stat.chestOpened":18,"stat.useItem.minecraft.stone":4,"stat.pickup.minecraft.arrow":2,"stat.pickup.iceandfire.blindfold":1,"stat.useItem.minecraft.apple":1,"stat.mineBlock.minecraft.deadbush":7,"stat.drop.minecraft.sandstone":1,"stat.jump":1855,"stat.useItem.minecraft.sand":7,"stat.pickup.minecraft.coal":76,"stat.pickup.minecraft.iron_helmet":1,"stat.fallOneCm":48325,"stat.pickup.minecraft.carrot":55,"stat.craftItem.minecraft.bread":4,"stat.pickup.minecraft.gunpowder":2,"stat.crouchOneCm":18717,"stat.craftItem.minecraft.torch":12,"stat.craftItem.minecraft.chest":1,"stat.pickup.minecraft.dirt":11,"stat.craftingTableInteraction":22,"stat.mineBlock.minecraft.glass_pane":1,"stat.damageTaken":1779,"stat.mineBlock.minecraft.furnace":2,"stat.mineBlock.minecraft.torch":10,"stat.useItem.minecraft.wooden_pickaxe":69,"stat.craftItem.minecraft.wooden_sword":1,"stat.mineBlock.minecraft.sandstone_stairs":1,"stat.pickup.minecraft.planks":10,"tombstone:undead_killed":2,"stat.pickup.minecraft.wheat_seeds":48,"stat.pickup.minecraft.potato":1,"stat.useItem.minecraft.stone_pickaxe":97,"stat.useItem.minecraft.stone_sword":36,"stat.damageDealt":918,"stat.craftItem.minecraft.baked_potato":1,"stat.mineBlock.minecraft.dirt":12,"stat.walkOneCm":402597,"stat.useItem.minecraft.torch":20,"stat.useItem.minecraft.bread":3,"stat.playerKills":1,"stat.pickup.minecraft.stick":3,"stat.pickup.minecraft.crafting_table":8,"stat.craftItem.minecraft.crafting_table":3,"stat.pickup.zoocraftdiscoveries.seed_dill":1,"stat.pickup.minecraft.log":21,"stat.useItem.tombstone.gift":2,"stat.pickup.minecraft.tnt":2,"stat.drop.minecraft.carrot":2,"stat.pickup.minecraft.stone":14,"stat.useItem.minecraft.stained_hardened_clay":1,"stat.pickup.minecraft.wooden_door":1,"stat.killEntity.Skeleton":1,"stat.pickup.minecraft.beetroot":1,"stat.mineBlock.minecraft.tnt":1,"stat.craftItem.minecraft.planks":84,"stat.pickup.zoocraftdiscoveries.seed_thyme":1,"stat.craftItem.minecraft.tnt":2,"stat.mobKills":2,"stat.mineBlock.minecraft.log":21,"stat.entityKilledBy.Husk":1,"stat.pickup.iceandfire.gorgon_head":1,"stat.mineBlock.minecraft.leaves":2,"stat.pickup.minecraft.beetroot_seeds":6,"stat.pickup.minecraft.torch":9,"stat.useItem.minecraft.beetroot_seeds":2,"stat.sneakTime":5339,"stat.pickup.minecraft.yellow_flower":1,"stat.mineBlock.minecraft.stone":40,"stat.useItem.minecraft.sandstone":10}