{"stat.leaveGame":13,"stat.craftItem.minecraft.iron_axe":1,"stat.mineBlock.minecraft.sandstone":80,"stat.useItem.minecraft.mutton":2,"stat.useItem.minecraft.planks":90,"stat.craftItem.minecraft.shield":1,"stat.pickup.minecraft.porkchop":4,"stat.drop.travelersbackpack.travelers_backpack":1,"stat.drop.minecraft.iron_sword":1,"stat.mineBlock.minecraft.red_mushroom":1,"stat.pickup.minecraft.rotten_flesh":7,"stat.pickup.minecraft.sand":59,"stat.craftItem.minecraft.stone_sword":1,"stat.craftItem.minecraft.iron_shovel":1,"stat.entityKilledBy.firedragon":5,"stat.mineBlock.minecraft.sand":53,"stat.pickup.iceandfire.ash":3,"stat.useItem.minecraft.iron_pickaxe":427,"stat.pickup.minecraft.stained_hardened_clay":4,"stat.drop.minecraft.sandstone_stairs":1,"stat.craftItem.minecraft.wooden_pickaxe":2,"stat.drop.minecraft.cooked_mutton":1,"stat.pickup.minecraft.double_plant":1,"stat.mineBlock.minecraft.vine":1,"stat.furnaceInteraction":22,"stat.pickup.minecraft.beef":5,"stat.pickup.minecraft.furnace":6,"stat.useItem.minecraft.cooked_mutton":10,"stat.mineBlock.minecraft.stained_hardened_clay":3,"stat.pickup.tombstone.magic_scroll":1,"stat.mineBlock.minecraft.fence":3,"stat.useItem.minecraft.wheat_seeds":17,"stat.killEntity.Husk":5,"stat.useItem.minecraft.beef":5,"stat.deaths":23,"stat.pickup.minecraft.egg":1,"stat.playOneMinute":279370,"stat.craftItem.minecraft.iron_pickaxe":2,"stat.mineBlock.minecraft.tallgrass":21,"stat.craftItem.minecraft.cooked_mutton":11,"stat.pickup.minecraft.netherrack":17,"stat.chestOpened":34,"stat.pickup.iceandfire.myrmex_desert_chitin":6,"stat.useItem.minecraft.stone":4,"stat.pickup.minecraft.arrow":7,"stat.pickup.iceandfire.blindfold":1,"stat.pickup.minecraft.iron_sword":1,"stat.pickup.minecraft.gold_nugget":16,"stat.drop.minecraft.iron_pickaxe":1,"stat.fallOneCm":137479,"stat.pickup.minecraft.carrot":55,"stat.crouchOneCm":47613,"stat.craftItem.minecraft.chest":1,"stat.craftItem.minecraft.iron_ingot":22,"stat.pickup.minecraft.red_mushroom":1,"stat.craftingTableInteraction":44,"stat.pickup.iceandfire.silver_ore":5,"stat.drop.minecraft.double_plant":1,"stat.useItem.minecraft.furnace":1,"stat.craftItem.minecraft.wooden_sword":1,"stat.pickup.minecraft.dye":33,"stat.pickup.minecraft.planks":12,"stat.pickup.minecraft.wheat_seeds":73,"stat.mineBlock.minecraft.gravel":1,"stat.useItem.minecraft.stone_pickaxe":97,"stat.useItem.minecraft.stone_sword":74,"stat.craftItem.minecraft.iron_leggings":1,"stat.mineBlock.minecraft.dirt":14,"stat.useItem.minecraft.torch":123,"stat.useItem.minecraft.bread":3,"stat.mineBlock.iceandfire.silver_ore":5,"stat.pickup.minecraft.crafting_table":11,"stat.useItem.minecraft.cobblestone":87,"stat.craftItem.minecraft.crafting_table":5,"stat.mineBlock.minecraft.double_plant":2,"stat.pickup.zoocraftdiscoveries.seed_dill":1,"stat.pickup.minecraft.log":39,"stat.pickup.minecraft.iron_pickaxe":1,"stat.drop.minecraft.carrot":2,"stat.pickup.minecraft.chainmail_leggings":1,"stat.pickup.minecraft.wooden_door":2,"stat.pickup.iceandfire.myrmex_stinger":1,"stat.pickup.minecraft.beetroot":1,"stat.mineBlock.iceandfire.goldpile":1,"stat.craftItem.minecraft.planks":104,"stat.useItem.minecraft.iron_sword":28,"stat.mineBlock.minecraft.log":36,"stat.useItem.minecraft.beetroot_seeds":2,"stat.sneakTime":16450,"stat.pickup.minecraft.wool":3,"stat.pickup.minecraft.yellow_flower":1,"stat.pickup.minecraft.bone":6,"stat.useItem.minecraft.iron_axe":17,"stat.mineBlock.minecraft.cobblestone":13,"stat.pickup.iceandfire.deathworm_chitin":6,"stat.swimOneCm":78536,"stat.climbOneCm":17255,"stat.pickup.minecraft.enchanted_book":2,"stat.craftItem.minecraft.golden_chestplate":1,"stat.useItem.minecraft.dirt":6,"stat.useItem.minecraft.stone_slab2":53,"stat.killEntity.deathworm":2,"stat.craftItem.minecraft.furnace":2,"stat.useItem.minecraft.egg":1,"stat.craftItem.minecraft.iron_boots":1,"stat.craftItem.minecraft.stone_pickaxe":1,"stat.entityKilledBy.myrmex_worker":1,"stat.pickup.minecraft.shears":2,"stat.pickup.minecraft.cobblestone":225,"stat.flyOneCm":920011,"stat.pickup.minecraft.sandstone":99,"stat.pickup.minecraft.redstone":4,"stat.mineBlock.minecraft.iron_ore":61,"stat.timeSinceDeath":16662,"stat.pickup.minecraft.mutton":13,"stat.killEntity.Bat":1,"stat.useItem.minecraft.potato":5,"stat.mineBlock.minecraft.coal_ore":95,"tombstone:tomb_raiding":1,"stat.talkedToVillager":3,"stat.pickup.tombstone.crafting_ingredient":1,"stat.craftItem.minecraft.stone_slab2":0,"stat.pickup.minecraft.sandstone_stairs":8,"stat.sprintOneCm":790219,"stat.entityKilledBy.myrmex_soldier":3,"stat.drop.minecraft.leather":4,"stat.craftItem.minecraft.stick":40,"stat.mineBlock.minecraft.diamond_ore":2,"stat.killEntity.myrmex_soldier":1,"stat.mineBlock.minecraft.crafting_table":11,"stat.useItem.minecraft.carrot":33,"stat.pickup.minecraft.golden_horse_armor":1,"stat.mineBlock.minecraft.planks":11,"stat.drop":24,"stat.drop.tombstone.grave_key":5,"stat.pickup.tombstone.grave_key":5,"stat.killEntity.Zombie":1,"stat.drop.minecraft.bread":4,"stat.pickup.iceandfire.chared_dirt":1,"stat.mineBlock.minecraft.gold_ore":3,"stat.diveOneCm":82517,"stat.pickup.minecraft.wheat":13,"stat.pickup.minecraft.gravel":1,"stat.pickup.minecraft.stone_axe":1,"stat.useItem.minecraft.apple":1,"stat.mineBlock.minecraft.deadbush":8,"stat.useItem.minecraft.porkchop":4,"stat.drop.minecraft.sandstone":1,"stat.jump":5141,"stat.useItem.minecraft.sand":9,"stat.pickup.minecraft.coal":180,"stat.pickup.minecraft.iron_helmet":1,"stat.pickup.minecraft.iron_ingot":5,"stat.useItem.minecraft.stone_axe":5,"stat.craftItem.minecraft.bread":4,"stat.pickup.minecraft.gunpowder":2,"stat.craftItem.minecraft.torch":84,"stat.pickup.minecraft.dirt":13,"stat.pickup.minecraft.iron_ore":60,"stat.pickup.minecraft.gold_ore":3,"stat.mineBlock.minecraft.lapis_ore":5,"stat.pickup.iceandfire.iceandfire.deathworm_egg":1,"stat.mineBlock.minecraft.glass_pane":1,"stat.drop.iceandfire.myrmex_stinger":1,"stat.damageTaken":6635,"stat.pickup.minecraft.leather":4,"stat.mineBlock.minecraft.furnace":6,"stat.mineBlock.minecraft.torch":39,"stat.useItem.minecraft.wooden_pickaxe":69,"stat.mineBlock.minecraft.sandstone_stairs":1,"stat.pickup.minecraft.bed":1,"tombstone:undead_killed":11,"stat.pickup.minecraft.potato":9,"stat.entityKilledBy.Zombie":1,"stat.damageDealt":3072,"stat.sleepInBed":3,"stat.craftItem.minecraft.baked_potato":1,"stat.mineBlock.iceandfire.chared_dirt":1,"stat.walkOneCm":941382,"stat.playerKills":1,"stat.pickup.minecraft.stick":4,"stat.drop.iceandfire.chared_dirt":1,"stat.useItem.tombstone.gift":2,"stat.pickup.minecraft.tnt":2,"stat.pickup.minecraft.stone":15,"stat.craftItem.minecraft.iron_chestplate":1,"stat.useItem.minecraft.stained_hardened_clay":1,"stat.killEntity.Skeleton":5,"stat.mineBlock.minecraft.tnt":1,"stat.drop.iceandfire.myrmex_desert_chitin":3,"stat.pickup.zoocraftdiscoveries.seed_thyme":2,"stat.craftItem.minecraft.tnt":2,"stat.mobKills":15,"stat.entityKilledBy.Husk":2,"stat.pickup.iceandfire.gorgon_head":1,"stat.useItem.minecraft.golden_apple":2,"stat.pickup.minecraft.diamond":2,"stat.mineBlock.minecraft.leaves":6,"stat.pickup.minecraft.beetroot_seeds":6,"stat.pickup.minecraft.torch":44,"stat.mineBlock.minecraft.redstone_ore":1,"stat.drop.minecraft.stone_axe":1,"stat.drop.minecraft.shears":1,"stat.mineBlock.minecraft.stone":226,"stat.useItem.minecraft.sandstone":21}