{"stat.leaveGame":50,"stat.craftItem.minecraft.iron_axe":1,"stat.mineBlock.minecraft.sandstone":81,"stat.useItem.minecraft.mutton":6,"stat.useItem.minecraft.planks":126,"stat.craftItem.minecraft.shield":2,"stat.pickup.minecraft.porkchop":4,"stat.pickup.minecraft.glass":8,"stat.drop.travelersbackpack.travelers_backpack":1,"stat.drop.minecraft.iron_sword":2,"stat.mineBlock.minecraft.red_mushroom":1,"stat.useItem.minecraft.water_bucket":1,"stat.pickup.minecraft.rotten_flesh":39,"stat.pickup.minecraft.sand":184,"stat.pickup.iceandfire.witherbone":2,"stat.craftItem.minecraft.stone_sword":2,"stat.craftItem.minecraft.iron_shovel":2,"stat.entityKilledBy.firedragon":9,"stat.pickup.zoocraftdiscoveries.seed_oregano":1,"stat.mineBlock.minecraft.sand":180,"stat.pickup.iceandfire.ash":5,"stat.pickup.zoocraftdiscoveries.seed_chive":1,"stat.useItem.minecraft.iron_pickaxe":1752,"stat.pickup.minecraft.stained_hardened_clay":4,"stat.drop.minecraft.sandstone_stairs":1,"stat.craftItem.minecraft.wooden_pickaxe":3,"stat.useItem.minecraft.iron_shovel":23,"stat.drop.minecraft.cooked_mutton":1,"stat.pickup.minecraft.double_plant":2,"stat.craftItem.minecraft.glass_pane":80,"stat.mineBlock.minecraft.vine":1,"stat.craftItem.minecraft.golden_carrot":32,"stat.furnaceInteraction":42,"stat.useItem.minecraft.golden_carrot":11,"stat.pickup.iceandfire.dragon_skull":1,"stat.mineBlock.futuremc.cornflower":1,"stat.pickup.minecraft.fence_gate":2,"stat.pickup.minecraft.beef":5,"stat.pickup.minecraft.furnace":11,"stat.useItem.minecraft.cooked_mutton":10,"stat.mineBlock.minecraft.stained_hardened_clay":3,"stat.pickup.minecraft.iron_chestplate":1,"stat.useItem.minecraft.fence":7,"stat.pickup.tombstone.magic_scroll":1,"stat.pickup.minecraft.potion":2,"stat.pickup.futuremc.lily_of_the_valley":3,"stat.mineBlock.minecraft.fence":5,"stat.useItem.minecraft.wheat_seeds":19,"stat.craftItem.minecraft.fence_gate":2,"stat.killEntity.Husk":6,"stat.drop.zoocraftdiscoveries.seed_rosemary":1,"stat.useItem.minecraft.dye":49,"stat.useItem.minecraft.beef":5,"stat.deaths":55,"stat.drop.minecraft.golden_carrot":14,"stat.pickup.minecraft.egg":1,"stat.playOneMinute":854488,"stat.craftItem.minecraft.iron_pickaxe":8,"stat.pickup.minecraft.glass_pane":4,"stat.drop.minecraft.chest":1,"stat.mineBlock.minecraft.tallgrass":250,"stat.craftItem.minecraft.cooked_mutton":11,"stat.pickup.minecraft.netherrack":17,"stat.chestOpened":167,"stat.craftItem.minecraft.sign":6,"stat.pickup.iceandfire.myrmex_desert_chitin":6,"stat.useItem.minecraft.stone":13,"stat.pickup.minecraft.arrow":14,"stat.pickup.iceandfire.blindfold":1,"stat.pickup.minecraft.iron_sword":4,"stat.pickup.minecraft.gold_nugget":294,"stat.drop.minecraft.iron_pickaxe":2,"stat.pickup.zoocraftdiscoveries.seed_mint":8,"stat.fallOneCm":346966,"stat.pickup.minecraft.carrot":243,"stat.drop.minecraft.stone_sword":1,"stat.crouchOneCm":180193,"stat.craftItem.minecraft.chest":6,"stat.craftItem.minecraft.iron_ingot":30,"stat.pickup.minecraft.red_mushroom":2,"stat.craftingTableInteraction":115,"stat.pickup.iceandfire.silver_ore":10,"stat.drop.minecraft.double_plant":1,"stat.mineBlock.minecraft.log2":8,"stat.pickup.minecraft.feather":3,"stat.mineBlock.minecraft.red_nether_brick":1,"stat.useItem.minecraft.furnace":4,"stat.craftItem.minecraft.wooden_sword":1,"stat.pickup.minecraft.dye":37,"stat.pickup.minecraft.planks":43,"stat.pickup.minecraft.iron_leggings":1,"stat.pickup.minecraft.wheat_seeds":80,"stat.mineBlock.minecraft.gravel":4,"stat.useItem.minecraft.stone_pickaxe":378,"stat.mineBlock.minecraft.glass":2,"stat.useItem.minecraft.stone_sword":351,"stat.craftItem.minecraft.iron_leggings":1,"stat.useItem.minecraft.wool":1,"stat.mineBlock.minecraft.dirt":338,"stat.useItem.minecraft.torch":223,"stat.useItem.minecraft.bread":4,"stat.mineBlock.iceandfire.silver_ore":5,"stat.pickup.minecraft.crafting_table":19,"stat.useItem.minecraft.cobblestone":979,"stat.craftItem.minecraft.crafting_table":6,"stat.mineBlock.minecraft.double_plant":7,"stat.pickup.zoocraftdiscoveries.seed_dill":3,"stat.craftItem.minecraft.boat":1,"stat.pickup.minecraft.log":70,"stat.pickup.minecraft.iron_pickaxe":3,"stat.drop.minecraft.carrot":42,"stat.craftItem.minecraft.gold_ingot":14,"stat.drop.minecraft.planks":18,"stat.drop.minecraft.sapling":5,"stat.pickup.minecraft.chainmail_leggings":3,"stat.drop.minecraft.gold_nugget":1,"stat.pickup.minecraft.sapling":10,"stat.pickup.minecraft.wooden_door":2,"stat.pickup.minecraft.apple":4,"stat.useItem.minecraft.glass_pane":72,"stat.pickup.iceandfire.myrmex_stinger":1,"stat.pickup.minecraft.beetroot":1,"stat.mineBlock.iceandfire.goldpile":58,"stat.craftItem.minecraft.planks":272,"stat.useItem.minecraft.iron_sword":279,"stat.pickup.futuremc.cornflower":3,"stat.drop.futuremc.cornflower":2,"stat.pickup.minecraft.stone_sword":1,"stat.pickup.minecraft.book":2,"stat.mineBlock.minecraft.log":55,"stat.pickup.iceandfire.dragonbone":8,"stat.useItem.minecraft.beetroot_seeds":2,"stat.pickup.minecraft.red_nether_brick":1,"stat.sneakTime":71907,"stat.pickup.minecraft.wool":7,"stat.drop.minecraft.yellow_flower":1,"stat.pickup.minecraft.yellow_flower":3,"stat.pickup.zoocraftdiscoveries.seed_bay":1,"stat.cakeSlicesEaten":1,"stat.pickup.minecraft.bone":46,"stat.useItem.minecraft.iron_axe":94,"stat.mineBlock.minecraft.cobblestone":150,"stat.pickup.minecraft.flint":1,"stat.mineBlock.minecraft.yellow_flower":2,"stat.pickup.iceandfire.deathworm_chitin":6,"stat.swimOneCm":343179,"stat.climbOneCm":17255,"stat.pickup.minecraft.enchanted_book":5,"stat.drop.minecraft.cobblestone":318,"stat.craftItem.minecraft.golden_chestplate":1,"stat.pickup.minecraft.writable_book":1,"stat.useItem.minecraft.dirt":354,"stat.pickup.zoocraftdiscoveries.seed_basil":13,"stat.useItem.minecraft.stone_slab2":160,"stat.pickup.minecraft.iron_boots":2,"stat.killEntity.deathworm":2,"stat.craftItem.minecraft.furnace":2,"stat.useItem.minecraft.egg":4,"stat.craftItem.minecraft.iron_boots":1,"stat.craftItem.minecraft.stone_pickaxe":3,"stat.entityKilledBy.myrmex_worker":1,"stat.pickup.minecraft.shears":2,"stat.pickup.minecraft.cobblestone":1617,"stat.flyOneCm":1402191,"stat.useItem.tombstone.scroll_buff":1,"stat.pickup.minecraft.sandstone":99,"stat.drop.minecraft.wheat_seeds":1,"stat.useItem.minecraft.cooked_beef":1,"stat.useItem.zoocraftdiscoveries.seed_basil":1,"stat.pickup.minecraft.redstone":8,"stat.mineBlock.minecraft.iron_ore":72,"stat.timeSinceDeath":54044,"stat.pickup.securitycraft.keypad_item":2,"stat.useItem.minecraft.sign":5,"stat.pickup.minecraft.mutton":32,"stat.killEntity.Bat":1,"stat.useItem.minecraft.potato":11,"stat.drop.minecraft.dirt":24,"stat.pickup.minecraft.iron_shovel":1,"stat.mineBlock.minecraft.coal_ore":110,"tombstone:tomb_raiding":1,"stat.drop.minecraft.wool":4,"stat.talkedToVillager":3,"stat.pickup.minecraft.string":5,"stat.drop.minecraft.log2":11,"stat.pickup.tombstone.crafting_ingredient":1,"stat.entityKilledBy.Skeleton":5,"stat.craftItem.minecraft.stone_slab2":0,"stat.pickup.minecraft.sandstone_stairs":8,"stat.killEntity.Squid":2,"stat.sprintOneCm":1627232,"stat.entityKilledBy.myrmex_soldier":3,"stat.drop.minecraft.leather":4,"stat.craftItem.minecraft.stick":80,"stat.drop.minecraft.potion":1,"stat.craftItem.minecraft.gold_nugget":189,"stat.mineBlock.minecraft.diamond_ore":2,"stat.killEntity.myrmex_soldier":1,"stat.mineBlock.minecraft.crafting_table":18,"stat.useItem.minecraft.carrot":148,"stat.pickup.minecraft.golden_horse_armor":1,"stat.pickup.zoocraftdiscoveries.seed_rosemary":4,"stat.pickup.minecraft.diamond_chestplate":1,"stat.useItem.minecraft.bucket":1,"stat.entityKilledBy.Creeper":2,"stat.mineBlock.minecraft.planks":18,"stat.drop":172,"stat.drop.tombstone.grave_key":7,"stat.killEntity.Sheep":4,"stat.pickup.tombstone.grave_key":7,"stat.pickup.zoocraftdiscoveries.seed_sage":1,"stat.killEntity.Zombie":9,"stat.pickup.zoocraftdiscoveries.seed_parsley":1,"stat.craftItem.minecraft.dye":51,"stat.drop.minecraft.bread":4,"stat.pickup.iceandfire.chared_dirt":3,"stat.mineBlock.minecraft.gold_ore":3,"stat.diveOneCm":259621,"stat.pickup.minecraft.wheat":16,"stat.pickup.minecraft.sign":5,"stat.pickup.zoocraftdiscoveries.seed_tarragon":7,"stat.drop.minecraft.wooden_pickaxe":1,"stat.pickup.minecraft.gravel":7,"stat.pickup.minecraft.stone_axe":1,"stat.useItem.minecraft.apple":2,"stat.mineBlock.minecraft.deadbush":9,"stat.useItem.minecraft.porkchop":4,"stat.useItem.minecraft.rotten_flesh":20,"stat.drop.minecraft.apple":3,"stat.drop.minecraft.sandstone":1,"stat.jump":12212,"stat.useItem.minecraft.sand":18,"stat.pickup.minecraft.fence":2,"stat.pickup.minecraft.coal":201,"stat.pickup.minecraft.iron_helmet":1,"stat.pickup.minecraft.iron_ingot":36,"stat.useItem.minecraft.stone_axe":5,"stat.craftItem.minecraft.bread":5,"stat.pickup.minecraft.gunpowder":3,"stat.pickup.iceandfire.chared_stone":2,"stat.craftItem.minecraft.torch":84,"stat.pickup.minecraft.dirt":445,"stat.craftItem.minecraft.iron_helmet":1,"stat.drop.minecraft.iron_shovel":1,"stat.pickup.minecraft.iron_ore":71,"stat.useItem.minecraft.glass":68,"stat.boatOneCm":58064,"stat.pickup.minecraft.gold_ore":3,"stat.mineBlock.minecraft.lapis_ore":5,"stat.pickup.iceandfire.iceandfire.deathworm_egg":1,"stat.pickup.minecraft.iron_axe":1,"stat.mineBlock.minecraft.glass_pane":10,"stat.drop.iceandfire.myrmex_stinger":1,"stat.mineBlock.minecraft.leaves2":34,"tombstone:sneak_grave":7,"stat.damageTaken":-2147464847,"stat.pickup.minecraft.leather":4,"stat.mineBlock.minecraft.furnace":9,"stat.mineBlock.minecraft.torch":99,"stat.useItem.minecraft.wooden_pickaxe":88,"stat.mineBlock.minecraft.sandstone_stairs":1,"stat.pickup.minecraft.log2":5,"stat.pickup.minecraft.reeds":6,"stat.pickup.minecraft.bed":1,"tombstone:undead_killed":29,"stat.pickup.minecraft.potato":15,"stat.mineBlock.minecraft.fence_gate":2,"stat.pickup.minecraft.oak_stairs":2,"stat.entityKilledBy.Zombie":3,"stat.damageDealt":8581,"stat.craftItem.minecraft.glass":92,"stat.sleepInBed":19,"stat.craftItem.minecraft.baked_potato":1,"stat.mineBlock.iceandfire.chared_dirt":1,"stat.craftItem.minecraft.iron_sword":1,"stat.pickup.minecraft.boat":2,"stat.walkOneCm":3377207,"stat.playerKills":3,"stat.useItem.minecraft.chest":1,"stat.pickup.minecraft.stick":11,"stat.useItem.minecraft.gold_ore":1,"stat.useItem.minecraft.lava_bucket":1,"stat.craftItem.minecraft.writable_book":2,"stat.craftItem.minecraft.diamond_boots":1,"stat.drop.iceandfire.chared_dirt":1,"stat.useItem.tombstone.gift":2,"stat.pickup.minecraft.tnt":6,"stat.pickup.minecraft.stone":43,"stat.craftItem.minecraft.iron_chestplate":1,"stat.mineBlock.minecraft.wool":1,"stat.pickup.zoocraftdiscoveries.seed_coriander":2,"stat.useItem.minecraft.stained_hardened_clay":1,"stat.killEntity.futuremc:salmon":1,"stat.pickup.minecraft.cooked_beef":1,"stat.killEntity.Skeleton":14,"stat.mineBlock.minecraft.tnt":2,"stat.drop.iceandfire.myrmex_desert_chitin":3,"stat.killEntity.Spider":1,"stat.pickup.zoocraftdiscoveries.seed_thyme":2,"stat.craftItem.minecraft.tnt":2,"stat.mobKills":41,"stat.craftItem.minecraft.fence":9,"stat.entityKilledBy.Husk":2,"stat.pickup.iceandfire.gorgon_head":1,"stat.useItem.minecraft.golden_apple":2,"stat.drop.minecraft.written_book":1,"stat.useItem.minecraft.boat":2,"stat.pickup.minecraft.diamond":4,"stat.mineBlock.minecraft.leaves":46,"stat.pickup.minecraft.beetroot_seeds":6,"stat.useItem.minecraft.writable_book":1,"stat.pickup.minecraft.torch":127,"stat.mineBlock.minecraft.redstone_ore":1,"stat.drop.minecraft.stone_axe":1,"stat.drop.minecraft.arrow":3,"stat.drop.minecraft.shears":1,"stat.mineBlock.minecraft.stone":1486,"stat.useItem.minecraft.sandstone":21}