{"stat.leaveGame":28,"stat.craftItem.minecraft.iron_axe":1,"stat.mineBlock.minecraft.sandstone":81,"stat.useItem.minecraft.mutton":6,"stat.useItem.minecraft.planks":113,"stat.craftItem.minecraft.shield":1,"stat.pickup.minecraft.porkchop":4,"stat.pickup.minecraft.glass":8,"stat.drop.travelersbackpack.travelers_backpack":1,"stat.drop.minecraft.iron_sword":1,"stat.mineBlock.minecraft.red_mushroom":1,"stat.pickup.minecraft.rotten_flesh":21,"stat.pickup.minecraft.sand":169,"stat.craftItem.minecraft.stone_sword":2,"stat.craftItem.minecraft.iron_shovel":2,"stat.entityKilledBy.firedragon":6,"stat.pickup.zoocraftdiscoveries.seed_oregano":1,"stat.mineBlock.minecraft.sand":167,"stat.pickup.iceandfire.ash":3,"stat.useItem.minecraft.iron_pickaxe":1571,"stat.pickup.minecraft.stained_hardened_clay":4,"stat.drop.minecraft.sandstone_stairs":1,"stat.craftItem.minecraft.wooden_pickaxe":3,"stat.useItem.minecraft.iron_shovel":23,"stat.drop.minecraft.cooked_mutton":1,"stat.pickup.minecraft.double_plant":1,"stat.craftItem.minecraft.glass_pane":80,"stat.mineBlock.minecraft.vine":1,"stat.craftItem.minecraft.golden_carrot":23,"stat.furnaceInteraction":40,"stat.useItem.minecraft.golden_carrot":2,"stat.mineBlock.futuremc.cornflower":1,"stat.pickup.minecraft.fence_gate":2,"stat.pickup.minecraft.beef":5,"stat.pickup.minecraft.furnace":11,"stat.useItem.minecraft.cooked_mutton":10,"stat.mineBlock.minecraft.stained_hardened_clay":3,"stat.useItem.minecraft.fence":7,"stat.pickup.tombstone.magic_scroll":1,"stat.pickup.minecraft.potion":1,"stat.mineBlock.minecraft.fence":3,"stat.useItem.minecraft.wheat_seeds":19,"stat.craftItem.minecraft.fence_gate":2,"stat.killEntity.Husk":6,"stat.useItem.minecraft.dye":49,"stat.useItem.minecraft.beef":5,"stat.deaths":33,"stat.drop.minecraft.golden_carrot":14,"stat.pickup.minecraft.egg":1,"stat.playOneMinute":532586,"stat.craftItem.minecraft.iron_pickaxe":7,"stat.mineBlock.minecraft.tallgrass":208,"stat.craftItem.minecraft.cooked_mutton":11,"stat.pickup.minecraft.netherrack":17,"stat.chestOpened":100,"stat.craftItem.minecraft.sign":6,"stat.pickup.iceandfire.myrmex_desert_chitin":6,"stat.useItem.minecraft.stone":12,"stat.pickup.minecraft.arrow":8,"stat.pickup.iceandfire.blindfold":1,"stat.pickup.minecraft.iron_sword":1,"stat.pickup.minecraft.gold_nugget":16,"stat.drop.minecraft.iron_pickaxe":1,"stat.fallOneCm":187863,"stat.pickup.minecraft.carrot":184,"stat.drop.minecraft.stone_sword":1,"stat.crouchOneCm":95523,"stat.craftItem.minecraft.chest":4,"stat.craftItem.minecraft.iron_ingot":30,"stat.pickup.minecraft.red_mushroom":2,"stat.craftingTableInteraction":95,"stat.pickup.iceandfire.silver_ore":10,"stat.drop.minecraft.double_plant":1,"stat.mineBlock.minecraft.log2":7,"stat.useItem.minecraft.furnace":4,"stat.craftItem.minecraft.wooden_sword":1,"stat.pickup.minecraft.dye":33,"stat.pickup.minecraft.planks":41,"stat.pickup.minecraft.wheat_seeds":78,"stat.mineBlock.minecraft.gravel":4,"stat.useItem.minecraft.stone_pickaxe":349,"stat.mineBlock.minecraft.glass":2,"stat.useItem.minecraft.stone_sword":351,"stat.craftItem.minecraft.iron_leggings":1,"stat.mineBlock.minecraft.dirt":202,"stat.useItem.minecraft.torch":148,"stat.useItem.minecraft.bread":4,"stat.mineBlock.iceandfire.silver_ore":5,"stat.pickup.minecraft.crafting_table":17,"stat.useItem.minecraft.cobblestone":476,"stat.craftItem.minecraft.crafting_table":6,"stat.mineBlock.minecraft.double_plant":7,"stat.pickup.zoocraftdiscoveries.seed_dill":3,"stat.pickup.minecraft.log":58,"stat.pickup.minecraft.iron_pickaxe":2,"stat.drop.minecraft.carrot":11,"stat.craftItem.minecraft.gold_ingot":14,"stat.drop.minecraft.planks":18,"stat.drop.minecraft.sapling":4,"stat.pickup.minecraft.chainmail_leggings":3,"stat.pickup.minecraft.sapling":6,"stat.pickup.minecraft.wooden_door":2,"stat.pickup.minecraft.apple":4,"stat.useItem.minecraft.glass_pane":69,"stat.pickup.iceandfire.myrmex_stinger":1,"stat.pickup.minecraft.beetroot":1,"stat.mineBlock.iceandfire.goldpile":1,"stat.craftItem.minecraft.planks":224,"stat.useItem.minecraft.iron_sword":114,"stat.pickup.futuremc.cornflower":3,"stat.drop.futuremc.cornflower":2,"stat.pickup.minecraft.stone_sword":1,"stat.pickup.minecraft.book":2,"stat.mineBlock.minecraft.log":45,"stat.useItem.minecraft.beetroot_seeds":2,"stat.sneakTime":36608,"stat.pickup.minecraft.wool":3,"stat.pickup.minecraft.yellow_flower":2,"stat.pickup.minecraft.bone":30,"stat.useItem.minecraft.iron_axe":17,"stat.mineBlock.minecraft.cobblestone":47,"stat.pickup.minecraft.flint":1,"stat.mineBlock.minecraft.yellow_flower":2,"stat.pickup.iceandfire.deathworm_chitin":6,"stat.swimOneCm":174277,"stat.climbOneCm":17255,"stat.pickup.minecraft.enchanted_book":5,"stat.drop.minecraft.cobblestone":318,"stat.craftItem.minecraft.golden_chestplate":1,"stat.useItem.minecraft.dirt":232,"stat.pickup.zoocraftdiscoveries.seed_basil":11,"stat.useItem.minecraft.stone_slab2":115,"stat.killEntity.deathworm":2,"stat.craftItem.minecraft.furnace":2,"stat.useItem.minecraft.egg":1,"stat.craftItem.minecraft.iron_boots":1,"stat.craftItem.minecraft.stone_pickaxe":3,"stat.entityKilledBy.myrmex_worker":1,"stat.pickup.minecraft.shears":2,"stat.pickup.minecraft.cobblestone":1487,"stat.flyOneCm":1039238,"stat.pickup.minecraft.sandstone":99,"stat.drop.minecraft.wheat_seeds":1,"stat.useItem.minecraft.cooked_beef":1,"stat.useItem.zoocraftdiscoveries.seed_basil":1,"stat.pickup.minecraft.redstone":8,"stat.mineBlock.minecraft.iron_ore":72,"stat.timeSinceDeath":61591,"stat.useItem.minecraft.sign":3,"stat.pickup.minecraft.mutton":13,"stat.killEntity.Bat":1,"stat.useItem.minecraft.potato":5,"stat.drop.minecraft.dirt":24,"stat.pickup.minecraft.iron_shovel":1,"stat.mineBlock.minecraft.coal_ore":110,"tombstone:tomb_raiding":1,"stat.drop.minecraft.wool":4,"stat.talkedToVillager":3,"stat.drop.minecraft.log2":11,"stat.pickup.tombstone.crafting_ingredient":1,"stat.entityKilledBy.Skeleton":4,"stat.craftItem.minecraft.stone_slab2":0,"stat.pickup.minecraft.sandstone_stairs":8,"stat.sprintOneCm":1066640,"stat.entityKilledBy.myrmex_soldier":3,"stat.drop.minecraft.leather":4,"stat.craftItem.minecraft.stick":72,"stat.drop.minecraft.potion":1,"stat.craftItem.minecraft.gold_nugget":189,"stat.mineBlock.minecraft.diamond_ore":2,"stat.killEntity.myrmex_soldier":1,"stat.mineBlock.minecraft.crafting_table":17,"stat.useItem.minecraft.carrot":129,"stat.pickup.minecraft.golden_horse_armor":1,"stat.pickup.zoocraftdiscoveries.seed_rosemary":2,"stat.entityKilledBy.Creeper":1,"stat.mineBlock.minecraft.planks":16,"stat.drop":128,"stat.drop.tombstone.grave_key":5,"stat.pickup.tombstone.grave_key":5,"stat.killEntity.Zombie":7,"stat.craftItem.minecraft.dye":51,"stat.drop.minecraft.bread":4,"stat.pickup.iceandfire.chared_dirt":1,"stat.mineBlock.minecraft.gold_ore":3,"stat.diveOneCm":125735,"stat.pickup.minecraft.wheat":16,"stat.pickup.minecraft.sign":1,"stat.pickup.zoocraftdiscoveries.seed_tarragon":4,"stat.drop.minecraft.wooden_pickaxe":1,"stat.pickup.minecraft.gravel":7,"stat.pickup.minecraft.stone_axe":1,"stat.useItem.minecraft.apple":2,"stat.mineBlock.minecraft.deadbush":8,"stat.useItem.minecraft.porkchop":4,"stat.useItem.minecraft.rotten_flesh":14,"stat.drop.minecraft.apple":3,"stat.drop.minecraft.sandstone":1,"stat.jump":7739,"stat.useItem.minecraft.sand":9,"stat.pickup.minecraft.coal":200,"stat.pickup.minecraft.iron_helmet":1,"stat.pickup.minecraft.iron_ingot":11,"stat.useItem.minecraft.stone_axe":5,"stat.craftItem.minecraft.bread":5,"stat.pickup.minecraft.gunpowder":2,"stat.craftItem.minecraft.torch":84,"stat.pickup.minecraft.dirt":315,"stat.drop.minecraft.iron_shovel":1,"stat.pickup.minecraft.iron_ore":71,"stat.useItem.minecraft.glass":68,"stat.pickup.minecraft.gold_ore":3,"stat.mineBlock.minecraft.lapis_ore":5,"stat.pickup.iceandfire.iceandfire.deathworm_egg":1,"stat.mineBlock.minecraft.glass_pane":6,"stat.drop.iceandfire.myrmex_stinger":1,"stat.mineBlock.minecraft.leaves2":33,"stat.damageTaken":9550,"stat.pickup.minecraft.leather":4,"stat.mineBlock.minecraft.furnace":9,"stat.mineBlock.minecraft.torch":71,"stat.useItem.minecraft.wooden_pickaxe":88,"stat.mineBlock.minecraft.sandstone_stairs":1,"stat.pickup.minecraft.log2":3,"stat.pickup.minecraft.bed":1,"tombstone:undead_killed":21,"stat.pickup.minecraft.potato":15,"stat.mineBlock.minecraft.fence_gate":2,"stat.entityKilledBy.Zombie":3,"stat.damageDealt":5573,"stat.craftItem.minecraft.glass":92,"stat.sleepInBed":11,"stat.craftItem.minecraft.baked_potato":1,"stat.mineBlock.iceandfire.chared_dirt":1,"stat.walkOneCm":2073650,"stat.playerKills":1,"stat.useItem.minecraft.chest":1,"stat.pickup.minecraft.stick":6,"stat.useItem.minecraft.gold_ore":1,"stat.drop.iceandfire.chared_dirt":1,"stat.useItem.tombstone.gift":2,"stat.pickup.minecraft.tnt":4,"stat.pickup.minecraft.stone":36,"stat.craftItem.minecraft.iron_chestplate":1,"stat.useItem.minecraft.stained_hardened_clay":1,"stat.killEntity.futuremc:salmon":1,"stat.pickup.minecraft.cooked_beef":1,"stat.killEntity.Skeleton":8,"stat.mineBlock.minecraft.tnt":2,"stat.drop.iceandfire.myrmex_desert_chitin":3,"stat.pickup.zoocraftdiscoveries.seed_thyme":2,"stat.craftItem.minecraft.tnt":2,"stat.mobKills":26,"stat.craftItem.minecraft.fence":9,"stat.entityKilledBy.Husk":2,"stat.pickup.iceandfire.gorgon_head":1,"stat.useItem.minecraft.golden_apple":2,"stat.pickup.minecraft.diamond":2,"stat.mineBlock.minecraft.leaves":8,"stat.pickup.minecraft.beetroot_seeds":6,"stat.pickup.minecraft.torch":93,"stat.mineBlock.minecraft.redstone_ore":1,"stat.drop.minecraft.stone_axe":1,"stat.drop.minecraft.shears":1,"stat.mineBlock.minecraft.stone":1454,"stat.useItem.minecraft.sandstone":21}