{"stat.useItem.minecraft.bow":3,"stat.leaveGame":61,"stat.entityKilledBy.if_hydra":15,"stat.mineBlock.minecraft.sandstone":81,"stat.craftItem.minecraft.shield":2,"stat.drop.minecraft.iron_sword":3,"stat.pickup.minecraft.rotten_flesh":42,"stat.pickup.iceandfire.witherbone":2,"stat.craftItem.minecraft.iron_shovel":2,"stat.pickup.minecraft.brown_mushroom":1,"stat.useItem.minecraft.iron_pickaxe":1759,"stat.pickup.minecraft.stained_hardened_clay":4,"stat.drop.minecraft.sandstone_stairs":1,"stat.craftItem.minecraft.wooden_pickaxe":3,"stat.useItem.minecraft.iron_shovel":23,"stat.drop.minecraft.cooked_mutton":1,"stat.pickup.minecraft.double_plant":2,"stat.craftItem.minecraft.bed":1,"stat.craftItem.minecraft.glass_pane":80,"stat.mineBlock.minecraft.vine":2,"stat.furnaceInteraction":45,"stat.useItem.minecraft.golden_carrot":18,"stat.pickup.minecraft.beef":5,"stat.mineBlock.minecraft.stained_hardened_clay":3,"stat.useItem.minecraft.fence":7,"stat.pickup.minecraft.potion":2,"stat.mineBlock.minecraft.fence":5,"stat.useItem.minecraft.wheat_seeds":19,"stat.killEntity.Husk":6,"stat.useItem.minecraft.dye":49,"stat.useItem.minecraft.beef":5,"stat.deaths":76,"stat.pickup.minecraft.egg":3,"stat.craftItem.minecraft.iron_pickaxe":8,"stat.pickup.minecraft.glass_pane":4,"stat.mineBlock.minecraft.tallgrass":260,"stat.craftItem.minecraft.cooked_mutton":11,"stat.pickup.minecraft.cooked_mutton":3,"stat.chestOpened":206,"stat.craftItem.minecraft.sign":6,"stat.useItem.minecraft.stone":13,"stat.pickup.minecraft.arrow":14,"stat.pickup.iceandfire.blindfold":1,"stat.pickup.minecraft.iron_sword":5,"stat.pickup.minecraft.gold_nugget":300,"stat.drop.minecraft.iron_pickaxe":2,"stat.pickup.zoocraftdiscoveries.seed_mint":8,"stat.pickup.minecraft.carrot":269,"stat.drop.minecraft.stone_sword":1,"stat.crouchOneCm":183989,"stat.craftItem.minecraft.iron_ingot":30,"stat.craftingTableInteraction":124,"stat.pickup.iceandfire.silver_ore":10,"stat.drop.minecraft.double_plant":1,"stat.mineBlock.minecraft.log2":8,"stat.useItem.futuremc.sweet_berries":4,"stat.craftItem.minecraft.wooden_sword":1,"stat.pickup.minecraft.dye":37,"stat.pickup.minecraft.planks":43,"stat.pickup.minecraft.wheat_seeds":83,"stat.mineBlock.minecraft.glass":2,"stat.mineBlock.minecraft.dirt":360,"stat.useItem.minecraft.bread":6,"stat.mineBlock.iceandfire.silver_ore":5,"stat.useItem.minecraft.cobblestone":1007,"stat.mineBlock.minecraft.double_plant":7,"stat.pickup.zoocraftdiscoveries.seed_dill":4,"stat.pickup.minecraft.iron_pickaxe":3,"stat.drop.minecraft.carrot":54,"stat.craftItem.minecraft.gold_ingot":14,"stat.drop.minecraft.sapling":7,"stat.drop.minecraft.gold_nugget":1,"stat.pickup.minecraft.apple":4,"stat.useItem.minecraft.glass_pane":72,"stat.pickup.iceandfire.myrmex_stinger":1,"stat.craftItem.minecraft.planks":316,"stat.useItem.minecraft.iron_sword":441,"stat.pickup.futuremc.cornflower":8,"stat.drop.futuremc.cornflower":2,"stat.pickup.minecraft.stone_sword":1,"stat.pickup.minecraft.book":2,"stat.mineBlock.minecraft.log":68,"stat.pickup.iceandfire.dragonbone":8,"stat.pickup.minecraft.red_flower":4,"stat.pickup.minecraft.red_nether_brick":1,"stat.pickup.minecraft.wool":15,"stat.pickup.zoocraftdiscoveries.seed_bay":1,"stat.cakeSlicesEaten":6,"stat.useItem.minecraft.iron_axe":94,"stat.mineBlock.minecraft.cobblestone":150,"stat.mineBlock.minecraft.pumpkin":1,"stat.pickup.minecraft.flint":1,"stat.mineBlock.minecraft.yellow_flower":2,"stat.mineBlock.minecraft.stained_glass_pane":6,"stat.pickup.minecraft.enchanted_book":6,"stat.drop.minecraft.cobblestone":318,"stat.pickup.minecraft.writable_book":1,"stat.useItem.minecraft.stone_slab2":173,"stat.pickup.minecraft.iron_boots":3,"stat.killEntity.deathworm":2,"stat.craftItem.minecraft.furnace":2,"stat.useItem.minecraft.egg":11,"stat.craftItem.minecraft.iron_boots":1,"stat.entityKilledBy.myrmex_worker":1,"stat.pickup.minecraft.shears":2,"stat.craftItem.minecraft.bow":1,"stat.pickup.futuremc.sweet_berries":6,"stat.flyOneCm":1622649,"stat.pickup.minecraft.sandstone":99,"stat.timeSinceDeath":52945,"stat.killEntity.Bat":1,"stat.useItem.minecraft.potato":11,"stat.killEntity.Wolf":2,"stat.mineBlock.minecraft.coal_ore":118,"tombstone:tomb_raiding":1,"stat.drop.minecraft.wool":4,"stat.talkedToVillager":3,"stat.pickup.minecraft.string":9,"stat.pickup.tombstone.crafting_ingredient":3,"stat.entityKilledBy.Skeleton":6,"stat.killEntity.Squid":2,"stat.sprintOneCm":2101340,"stat.drop.minecraft.leather":4,"stat.mineBlock.minecraft.diamond_ore":2,"stat.pickup.zoocraftdiscoveries.seed_rosemary":6,"stat.pickup.minecraft.leather_leggings":1,"stat.drop.tombstone.grave_key":7,"stat.pickup.tombstone.grave_key":7,"stat.killEntity.Zombie":10,"stat.craftItem.minecraft.dye":51,"stat.pickup.iceandfire.chared_dirt":3,"stat.mineBlock.minecraft.gold_ore":3,"stat.diveOneCm":311178,"stat.pickup.minecraft.wheat":16,"stat.pickup.minecraft.sign":6,"stat.pickup.zoocraftdiscoveries.seed_tarragon":8,"stat.pickup.minecraft.stone_axe":1,"stat.useItem.minecraft.rotten_flesh":33,"stat.drop.minecraft.apple":3,"stat.drop.minecraft.sandstone":1,"stat.jump":14489,"stat.useItem.minecraft.sand":18,"stat.pickup.minecraft.coal":209,"stat.pickup.minecraft.iron_ingot":36,"stat.pickup.minecraft.gunpowder":3,"stat.pickup.iceandfire.chared_stone":2,"stat.craftItem.minecraft.torch":84,"stat.pickup.minecraft.dirt":486,"stat.drop.minecraft.iron_shovel":1,"stat.useItem.minecraft.glass":68,"stat.pickup.minecraft.gold_ore":3,"stat.mineBlock.minecraft.lapis_ore":5,"stat.pickup.iceandfire.iceandfire.deathworm_egg":1,"stat.pickup.minecraft.iron_axe":1,"stat.mineBlock.minecraft.glass_pane":10,"tombstone:sneak_grave":8,"stat.damageTaken":25171,"stat.mineBlock.minecraft.torch":99,"stat.mineBlock.minecraft.sandstone_stairs":1,"stat.pickup.minecraft.log2":5,"stat.pickup.zoocraftdiscoveries.seed_saffron":1,"stat.pickup.minecraft.bed":2,"stat.pickup.minecraft.potato":15,"stat.mineBlock.minecraft.fence_gate":2,"stat.entityKilledBy.Zombie":3,"stat.useItem.minecraft.chest":1,"stat.useItem.minecraft.gold_ore":1,"stat.useItem.minecraft.lava_bucket":1,"stat.drop.iceandfire.chared_dirt":1,"stat.useItem.tombstone.gift":2,"stat.craftItem.minecraft.iron_chestplate":1,"stat.useItem.minecraft.stained_hardened_clay":1,"stat.pickup.minecraft.cooked_beef":1,"stat.mineBlock.minecraft.tnt":2,"stat.pickup.zoocraftdiscoveries.seed_thyme":3,"stat.mobKills":54,"stat.pickup.iceandfire.gorgon_head":1,"stat.drop.minecraft.written_book":1,"stat.useItem.minecraft.boat":9,"stat.pickup.minecraft.diamond":4,"stat.pickup.minecraft.beetroot_seeds":6,"stat.useItem.minecraft.writable_book":1,"stat.pickup.minecraft.torch":128,"stat.drop.minecraft.stone_axe":1,"stat.drop.minecraft.arrow":3,"stat.drop.minecraft.shears":1,"stat.craftItem.minecraft.iron_axe":1,"stat.useItem.minecraft.mutton":9,"stat.useItem.minecraft.planks":127,"stat.pickup.minecraft.porkchop":4,"stat.pickup.minecraft.glass":8,"stat.drop.travelersbackpack.travelers_backpack":1,"stat.mineBlock.minecraft.red_mushroom":1,"stat.useItem.minecraft.water_bucket":1,"stat.pickup.minecraft.sand":186,"stat.pickup.zoocraftdiscoveries.giraffe_leather":5,"stat.craftItem.minecraft.stone_sword":2,"stat.entityKilledBy.firedragon":12,"stat.pickup.zoocraftdiscoveries.seed_oregano":2,"stat.mineBlock.minecraft.sand":180,"stat.pickup.iceandfire.ash":13,"stat.pickup.zoocraftdiscoveries.seed_chive":5,"stat.craftItem.minecraft.golden_carrot":32,"stat.killEntity.zoocraftdiscoveries.giraffe":1,"stat.pickup.iceandfire.dragon_skull":1,"stat.mineBlock.futuremc.cornflower":1,"stat.pickup.minecraft.fence_gate":2,"stat.pickup.minecraft.furnace":11,"stat.useItem.minecraft.cooked_mutton":13,"stat.pickup.minecraft.iron_chestplate":1,"stat.pickup.tombstone.magic_scroll":1,"stat.pickup.futuremc.lily_of_the_valley":3,"stat.craftItem.minecraft.fence_gate":2,"stat.drop.zoocraftdiscoveries.seed_rosemary":1,"stat.drop.minecraft.golden_carrot":14,"stat.playOneMinute":1009105,"stat.drop.minecraft.chest":1,"stat.pickup.minecraft.netherrack":17,"stat.pickup.minecraft.pumpkin":1,"stat.pickup.iceandfire.myrmex_desert_chitin":6,"stat.pickup.minecraft.waterlily":12,"stat.fallOneCm":384664,"stat.craftItem.minecraft.chest":6,"stat.pickup.minecraft.red_mushroom":2,"stat.pickup.minecraft.feather":3,"stat.drop.minecraft.iron_leggings":1,"stat.mineBlock.minecraft.red_nether_brick":1,"stat.useItem.minecraft.furnace":4,"stat.pickup.minecraft.iron_leggings":2,"stat.mineBlock.minecraft.gravel":4,"stat.useItem.minecraft.stone_pickaxe":378,"stat.useItem.minecraft.stone_sword":351,"stat.craftItem.minecraft.iron_leggings":1,"stat.useItem.minecraft.wool":1,"stat.useItem.minecraft.torch":224,"stat.pickup.minecraft.crafting_table":22,"stat.craftItem.minecraft.crafting_table":8,"stat.craftItem.minecraft.boat":6,"stat.pickup.minecraft.log":81,"stat.drop.minecraft.planks":18,"stat.pickup.minecraft.chainmail_leggings":3,"stat.pickup.minecraft.sapling":18,"stat.pickup.minecraft.wooden_door":2,"stat.pickup.minecraft.beetroot":1,"stat.mineBlock.iceandfire.goldpile":58,"stat.useItem.minecraft.beetroot_seeds":2,"stat.sneakTime":73149,"stat.drop.minecraft.yellow_flower":1,"stat.pickup.minecraft.yellow_flower":3,"stat.pickup.minecraft.bone":46,"stat.pickup.iceandfire.deathworm_chitin":6,"stat.swimOneCm":445724,"stat.climbOneCm":20403,"stat.craftItem.minecraft.golden_chestplate":1,"stat.useItem.minecraft.dirt":355,"stat.pickup.zoocraftdiscoveries.seed_basil":13,"stat.useItem.minecraft.golden_pickaxe":10,"stat.craftItem.minecraft.stone_pickaxe":3,"stat.pickup.minecraft.cobblestone":1618,"stat.useItem.tombstone.scroll_buff":1,"stat.drop.minecraft.wheat_seeds":1,"stat.useItem.minecraft.cooked_beef":1,"stat.useItem.zoocraftdiscoveries.seed_basil":1,"stat.pickup.minecraft.redstone":8,"stat.mineBlock.minecraft.iron_ore":72,"stat.pickup.securitycraft.keypad_item":2,"stat.useItem.minecraft.sign":5,"stat.pickup.minecraft.mutton":38,"stat.killEntity.zoocraftdiscoveries.capybara":1,"stat.useItem.iceandfire.ash":7,"stat.drop.minecraft.dirt":24,"stat.pickup.minecraft.iron_shovel":1,"stat.drop.minecraft.log2":11,"stat.craftItem.minecraft.stone_slab2":0,"stat.pickup.minecraft.sandstone_stairs":8,"stat.entityKilledBy.myrmex_soldier":3,"stat.craftItem.minecraft.stick":80,"stat.drop.minecraft.potion":1,"stat.craftItem.minecraft.gold_nugget":189,"stat.killEntity.myrmex_soldier":1,"stat.mineBlock.minecraft.crafting_table":21,"stat.useItem.minecraft.carrot":162,"stat.pickup.minecraft.golden_horse_armor":1,"stat.pickup.minecraft.diamond_chestplate":1,"stat.useItem.minecraft.bucket":1,"stat.entityKilledBy.Creeper":2,"stat.mineBlock.minecraft.planks":18,"stat.drop":188,"stat.killEntity.Sheep":8,"stat.pickup.zoocraftdiscoveries.seed_sage":2,"stat.pickup.zoocraftdiscoveries.seed_parsley":1,"stat.drop.minecraft.bread":4,"stat.drop.minecraft.wooden_pickaxe":1,"stat.pickup.minecraft.gravel":7,"stat.useItem.minecraft.waterlily":1,"stat.useItem.minecraft.apple":4,"stat.mineBlock.minecraft.deadbush":9,"stat.useItem.minecraft.porkchop":4,"stat.pickup.minecraft.fence":2,"stat.pickup.minecraft.iron_helmet":2,"stat.useItem.minecraft.stone_axe":9,"stat.craftItem.minecraft.bread":5,"stat.craftItem.minecraft.iron_helmet":1,"stat.pickup.minecraft.iron_ore":71,"stat.entityKilledBy.siren":1,"stat.boatOneCm":726796,"stat.drop.iceandfire.myrmex_stinger":1,"stat.mineBlock.minecraft.leaves2":37,"stat.pickup.minecraft.leather":4,"stat.mineBlock.minecraft.furnace":9,"stat.useItem.minecraft.wooden_pickaxe":88,"stat.pickup.minecraft.reeds":17,"tombstone:undead_killed":30,"stat.pickup.minecraft.oak_stairs":2,"stat.damageDealt":11726,"stat.craftItem.minecraft.glass":92,"stat.sleepInBed":23,"stat.craftItem.minecraft.baked_potato":1,"stat.mineBlock.iceandfire.chared_dirt":1,"stat.craftItem.minecraft.iron_sword":1,"stat.pickup.minecraft.boat":4,"stat.walkOneCm":4067539,"stat.playerKills":3,"stat.pickup.minecraft.stick":11,"stat.pickup.zoocraftdiscoveries.seed_lemongrass":2,"stat.craftItem.minecraft.writable_book":2,"stat.craftItem.minecraft.diamond_boots":1,"stat.pickup.minecraft.tnt":6,"stat.pickup.minecraft.stone":43,"stat.mineBlock.minecraft.wool":1,"stat.pickup.zoocraftdiscoveries.seed_coriander":4,"stat.killEntity.futuremc:salmon":1,"stat.killEntity.Skeleton":14,"stat.drop.iceandfire.myrmex_desert_chitin":3,"stat.killEntity.Spider":2,"stat.craftItem.minecraft.tnt":2,"stat.craftItem.minecraft.fence":9,"stat.entityKilledBy.Husk":2,"stat.useItem.minecraft.golden_apple":2,"stat.mineBlock.minecraft.leaves":106,"stat.mineBlock.minecraft.redstone_ore":1,"stat.mineBlock.minecraft.stone":1487,"stat.useItem.minecraft.sandstone":21}